사고번호,사고일시,요일,시군구,사고내용,사망자수,중상자수,경상자수,부상신고자수,사고유형,법규위반,노면상태,기상상태,도로형태,가해운전자 차종,가해운전자 성별,가해운전자 연령,가해운전자 상해정도,피해운전자 차종,피해운전자 성별,피해운전자 연령,피해운전자 상해정도
2018013100100097,2018년 1월 31일 07시,수요일,충청북도 청주시 청원구 북이면,경상사고,0,0,2,0,차대차 - 기타,신호위반,건조,맑음,교차로 - 교차로안,승용,여,18세,경상,화물,남,54세,경상
2018013100100098,2018년 1월 31일 07시,수요일,충청북도 충주시 성내동,중상사고,0,1,1,0,차대차 - 측면충돌,신호위반,건조,흐림,교차로 - 교차로안,승용,여,65세,상해없음,화물,남,53세,중상
2018013100100099,2018년 1월 31일 07시,수요일,충청북도 충주시 동량면,중상사고,0,1,4,0,차대차 - 추돌,안전거리미확보,건조,맑음,단일로 - 기타,화물,남,58세,상해없음,화물,남,58세,경상
2018013100100100,2018년 1월 31일 07시,수요일,충청북도 청주시 흥덕구 비하동,경상사고,0,0,1,0,차대차 - 측면충돌,신호위반,건조,맑음,교차로 - 교차로안,승용,남,34세,상해없음,승용,남,49세,경상
2018013100100144,2018년 1월 31일 08시,수요일,충청북도 청주시 흥덕구 운천동,중상사고,0,1,0,0,차대차 - 기타,안전운전불이행,건조,맑음,단일로 - 기타,이륜,남,18세,중상,승용,남,61세,상해없음
2018013100100145,2018년 1월 31일 08시,수요일,충청북도 청주시 흥덕구 송정동,경상사고,0,0,1,0,차대차 - 추돌,안전운전불이행,건조,맑음,단일로 - 기타,승용,남,61세,상해없음,승용,여,25세,경상
2018013100100176,2018년 1월 31일 09시,수요일,충청북도 청주시 상당구 용암동,경상사고,0,0,1,0,차대차 - 측면충돌,교차로운행방법위반,건조,맑음,교차로 - 교차로안,승합,남,53세,상해없음,자전거,남,71세,경상
2018013100100211,2018년 1월 31일 10시,수요일,충청북도 괴산군 괴산읍,경상사고,0,0,1,0,차대차 - 측면충돌,안전운전불이행,건조,맑음,단일로 - 기타,이륜,남,84세,경상,승용,남,65세,상해없음
2018013100100226,2018년 1월 31일 11시,수요일,충청북도 청주시 흥덕구 외북동,경상사고,0,0,1,0,차대차 - 기타,안전운전불이행,건조,맑음,교차로 - 교차로부근,승용,남,48세,상해없음,승용,남,27세,경상
2018013100100284,2018년 1월 31일 13시,수요일,충청북도 진천군 문백면,경상사고,0,0,1,0,차대차 - 기타,직진우회전진행방해,건조,맑음,교차로 - 교차로안,이륜,남,66세,경상,승합,남,28세,상해없음
2018013100100357,2018년 1월 31일 16시,수요일,충청북도 보은군 회인면,중상사고,0,2,0,0,차대차 - 정면충돌,중앙선침범,건조,맑음,단일로 - 지하차도(도로)내,승용,남,68세,상해없음,승용,남,63세,중상
2018013100100428,2018년 1월 31일 18시,수요일,충청북도 청주시 청원구 오창읍,경상사고,0,0,1,0,차대차 - 기타,안전운전불이행,건조,맑음,단일로 - 기타,승용,남,29세,상해없음,승용,남,47세,경상
2018013100100429,2018년 1월 31일 18시,수요일,충청북도 음성군 생극면,사망사고,1,0,0,0,차대차 - 추돌,안전운전불이행,건조,맑음,단일로 - 기타,화물,남,62세,상해없음,승합,남,68세,사망
2018013100100430,2018년 1월 31일 18시,수요일,충청북도 청주시 상당구 금천동,경상사고,0,0,1,0,차대사람 - 차도통행중,안전운전불이행,건조,맑음,단일로 - 지하차도(도로)내,승합,남,47세,상해없음,보행자,여,47세,경상
2018013100100481,2018년 1월 31일 19시,수요일,충청북도 청주시 청원구 오창읍,중상사고,0,1,2,0,차대차 - 정면충돌,신호위반,건조,맑음,교차로 - 교차로안,승합,남,49세,중상,승용,남,61세,경상
2018013100100482,2018년 1월 31일 19시,수요일,충청북도 옥천군 옥천읍,중상사고,0,1,0,0,차대사람 - 횡단중,보행자보호의무위반,건조,맑음,교차로 - 교차로횡단보도내,승용,남,60세,상해없음,보행자,여,15세,중상
2018013100100483,2018년 1월 31일 19시,수요일,충청북도 청주시 상당구 용암동,경상사고,0,0,1,0,차대차 - 추돌,안전운전불이행,건조,맑음,단일로 - 지하차도(도로)내,승용,남,33세,상해없음,승용,여,59세,경상
2018013100100521,2018년 1월 31일 20시,수요일,충청북도 제천시 장락동,중상사고,0,1,0,0,차대차 - 측면충돌,안전운전불이행,건조,흐림,교차로 - 교차로안,승용,남,65세,상해없음,이륜,남,21세,중상
2018013100100566,2018년 1월 31일 22시,수요일,충청북도 진천군 초평면,중상사고,0,1,0,0,차대차 - 측면충돌,안전운전불이행,건조,기타,단일로 - 기타,승용,남,46세,상해없음,승용,남,42세,중상
2018020100100046,2018년 2월 1일 03시,목요일,충청북도 충주시 금가면,중상사고,0,1,0,0,차대차 - 추돌,안전운전불이행,건조,맑음,단일로 - 기타,화물,남,47세,중상,건설기계,남,50세,상해없음
2018020100100063,2018년 2월 1일 05시,목요일,충청북도 청주시 청원구 오창읍,경상사고,0,0,1,0,차대차 - 측면충돌,신호위반,건조,맑음,교차로 - 교차로안,승용,남,31세,상해없음,승용,남,25세,경상
2018020100100092,2018년 2월 1일 07시,목요일,충청북도 청주시 서원구 사창동,경상사고,0,0,3,0,차대차 - 기타,안전운전불이행,건조,맑음,교차로 - 교차로안,승용,여,29세,상해없음,승합,남,63세,상해없음
2018020100100093,2018년 2월 1일 07시,목요일,충청북도 청주시 청원구 오창읍,경상사고,0,0,1,0,차대차 - 기타,신호위반,건조,맑음,교차로 - 교차로안,화물,남,47세,상해없음,승용,여,39세,경상
2018020100100129,2018년 2월 1일 08시,목요일,충청북도 청주시 흥덕구 옥산면,경상사고,0,0,1,0,차대차 - 측면충돌,교차로운행방법위반,건조,맑음,교차로 - 교차로안,이륜,남,67세,경상,승용,남,61세,상해없음
2018020100100173,2018년 2월 1일 09시,목요일,충청북도 청주시 상당구 수동,중상사고,0,1,0,0,차대차 - 측면충돌,교차로운행방법위반,건조,맑음,교차로 - 교차로안,화물,남,41세,상해없음,자전거,여,72세,중상
2018020100100176,2018년 2월 1일 09시,목요일,충청북도 청주시 서원구 남이면,중상사고,0,1,0,0,차대차 - 추돌,안전운전불이행,건조,맑음,단일로 - 기타,승용,여,60세,상해없음,화물,남,35세,중상
2018020100100209,2018년 2월 1일 10시,목요일,충청북도 청주시 청원구 오창읍,중상사고,0,1,0,0,차대사람 - 기타,안전운전불이행,건조,맑음,교차로 - 교차로안,화물,남,33세,상해없음,보행자,여,76세,중상
2018020100100244,2018년 2월 1일 11시,목요일,충청북도 청주시 서원구 현도면,경상사고,0,0,1,0,차대차 - 정면충돌,교차로운행방법위반,건조,맑음,교차로 - 교차로안,승용,남,59세,상해없음,화물,남,28세,경상
2018020100100345,2018년 2월 1일 14시,목요일,충청북도 제천시 송학면,중상사고,0,1,0,0,차대차 - 추돌,안전거리미확보,젖음/습기,맑음,단일로 - 기타,화물,남,52세,상해없음,승용,남,63세,중상
2018020100100371,2018년 2월 1일 15시,목요일,충청북도 청주시 서원구 미평동,경상사고,0,0,2,0,차대차 - 정면충돌,교차로운행방법위반,건조,맑음,교차로 - 교차로안,승용,여,30세,경상,승용,남,41세,경상
2018020100100408,2018년 2월 1일 16시,목요일,충청북도 충주시 호암동,중상사고,0,1,0,0,차대차 - 기타,안전운전불이행,건조,맑음,단일로 - 기타,특수,남,61세,상해없음,자전거,남,62세,중상
2018020100100409,2018년 2월 1일 16시,목요일,충청북도 충주시 연수동,경상사고,0,0,1,0,차대사람 - 길가장자리구역통행중,안전운전불이행,건조,맑음,교차로 - 교차로부근,승용,여,35세,상해없음,보행자,여,72세,경상
2018020100100437,2018년 2월 1일 17시,목요일,충청북도 충주시 호암동,경상사고,0,0,1,0,차대차 - 기타,안전운전불이행,건조,맑음,단일로 - 기타,승합,남,57세,상해없음,승용,여,46세,경상
2018020100100478,2018년 2월 1일 18시,목요일,충청북도 청주시 청원구 오창읍,중상사고,0,2,1,0,차대차 - 측면충돌,교차로운행방법위반,건조,맑음,교차로 - 교차로안,승용,남,37세,상해없음,승용,남,33세,중상
2018020100100479,2018년 2월 1일 18시,목요일,충청북도 청주시 서원구 사직동,경상사고,0,0,1,0,차대차 - 측면충돌,교차로운행방법위반,건조,맑음,교차로 - 교차로안,승용,남,35세,상해없음,승용,여,50세,경상
2018020100100480,2018년 2월 1일 18시,목요일,충청북도 충주시 문화동,중상사고,0,1,1,0,차대차 - 추돌,안전운전불이행,건조,맑음,단일로 - 기타,승용,남,71세,상해없음,승용,남,59세,중상
2018020100100481,2018년 2월 1일 18시,목요일,충청북도 청주시 흥덕구 가경동,경상사고,0,0,5,0,차대차 - 측면충돌,직진우회전진행방해,건조,맑음,교차로 - 교차로안,승용,여,44세,경상,승용,여,33세,경상
2018020100100482,2018년 2월 1일 18시,목요일,충청북도 청주시 흥덕구 가경동,중상사고,0,1,0,0,차대차 - 측면충돌,신호위반,건조,맑음,교차로 - 교차로안,이륜,남,48세,중상,승용,남,35세,상해없음
2018020100100483,2018년 2월 1일 18시,목요일,충청북도 청주시 서원구 성화동,경상사고,0,0,1,0,차대차 - 기타,안전운전불이행,건조,맑음,교차로 - 교차로부근,승용,여,53세,기타불명,승용,여,63세,경상
2018020100100535,2018년 2월 1일 19시,목요일,충청북도 청주시 청원구 오창읍,경상사고,0,0,1,0,차대차 - 기타,차로위반,건조,맑음,교차로 - 교차로안,승용,남,38세,상해없음,원동기,남,42세,경상
2018020100100536,2018년 2월 1일 19시,목요일,충청북도 음성군 대소면,경상사고,0,0,1,0,차대차 - 측면충돌,교차로운행방법위반,건조,맑음,교차로 - 교차로안,승용,남,67세,상해없음,승용,여,41세,경상
2018020100100643,2018년 2월 1일 22시,목요일,충청북도 보은군 보은읍,경상사고,0,0,2,0,차대차 - 측면충돌,교차로운행방법위반,건조,맑음,교차로 - 교차로안,승용,남,38세,상해없음,승용,남,20세,경상
2018020100100644,2018년 2월 1일 22시,목요일,충청북도 진천군 광혜원면,경상사고,0,0,1,0,차대차 - 기타,중앙선침범,건조,맑음,단일로 - 기타,화물,남,45세,상해없음,승용,남,45세,경상
2018020100100674,2018년 2월 1일 23시,목요일,충청북도 진천군 진천읍,경상사고,0,0,2,0,차대차 - 추돌,안전운전불이행,건조,맑음,단일로 - 기타,승용,남,32세,상해없음,승용,남,57세,경상
2018020100100675,2018년 2월 1일 23시,목요일,충청북도 청주시 서원구 수곡동,경상사고,0,0,2,0,차대차 - 측면충돌,안전운전불이행,건조,맑음,교차로 - 교차로안,승용,남,50세,상해없음,승용,남,35세,경상
2018020200100010,2018년 2월 2일 00시,금요일,충청북도 청주시 청원구 내덕동,경상사고,0,0,2,0,차대차 - 기타,안전운전불이행,건조,맑음,교차로 - 교차로부근,승용,남,34세,상해없음,승용,남,53세,경상
2018020200100011,2018년 2월 2일 00시,금요일,충청북도 청주시 흥덕구 옥산면,중상사고,0,2,0,0,차대차 - 기타,안전운전불이행,건조,맑음,단일로 - 기타,승용,남,35세,상해없음,화물,남,30세,중상
2018020200100086,2018년 2월 2일 07시,금요일,충청북도 청주시 청원구 율량동,경상사고,0,0,2,0,차대차 - 기타,안전운전불이행,건조,맑음,교차로 - 교차로부근,화물,남,41세,상해없음,승용,남,24세,경상
2018020200100087,2018년 2월 2일 07시,금요일,충청북도 제천시 신백동,중상사고,0,1,3,0,차대차 - 측면충돌,안전운전불이행,건조,맑음,교차로 - 교차로부근,승용,남,51세,상해없음,승용,남,58세,상해없음
2018020200100173,2018년 2월 2일 09시,금요일,충청북도 청주시 청원구 내수읍,중상사고,0,1,0,0,차대차 - 기타,신호위반,건조,맑음,교차로 - 교차로안,화물,남,55세,상해없음,화물,남,59세,중상
2018020200100231,2018년 2월 2일 11시,금요일,충청북도 제천시 송학면,중상사고,0,1,0,0,차대차 - 기타,기타,건조,맑음,단일로 - 지하차도(도로)내,화물,남,78세,중상,승용,남,33세,상해없음
2018020200100232,2018년 2월 2일 11시,금요일,충청북도 청주시 흥덕구 오송읍,경상사고,0,0,1,0,차량단독 - 기타,안전운전불이행,건조,맑음,단일로 - 기타,승용,남,44세,상해없음,,,,
2018020200100233,2018년 2월 2일 11시,금요일,충청북도 청주시 흥덕구 오송읍,경상사고,0,0,1,0,차대차 - 기타,안전거리미확보,건조,맑음,단일로 - 기타,화물,남,56세,상해없음,승용,여,42세,경상
2018020200100249,2018년 2월 2일 12시,금요일,충청북도 충주시 단월동,경상사고,0,0,2,0,차대차 - 기타,안전운전불이행,건조,맑음,교차로 - 교차로안,승용,남,78세,상해없음,승용,남,76세,경상
2018020200100250,2018년 2월 2일 12시,금요일,충청북도 영동군 영동읍,경상사고,0,0,1,0,차대차 - 정면충돌,안전운전불이행,건조,맑음,교차로 - 교차로안,승용,남,33세,상해없음,자전거,남,11세,경상
2018020200100278,2018년 2월 2일 13시,금요일,충청북도 청주시 서원구 사창동,경상사고,0,0,1,0,차대차 - 기타,안전운전불이행,건조,맑음,교차로 - 교차로안,기타불명,기타불명,미분류,기타불명,승합,남,50세,상해없음
2018020200100279,2018년 2월 2일 13시,금요일,충청북도 청주시 서원구 수곡동,부상신고사고,0,0,0,1,차대차 - 정면충돌,안전운전불이행,건조,맑음,교차로 - 교차로안,원동기,남,46세,부상신고,승용,여,54세,상해없음
2018020200100313,2018년 2월 2일 14시,금요일,충청북도 청주시 청원구 외평동,중상사고,0,1,0,0,차량단독 - 공작물충돌,안전운전불이행,서리/결빙,맑음,기타 - 기타,이륜,남,58세,중상,,,,
2018020200100314,2018년 2월 2일 14시,금요일,충청북도 청주시 흥덕구 강내면,경상사고,0,0,1,0,차대차 - 추돌,안전거리미확보,건조,맑음,교차로 - 교차로부근,승용,남,47세,상해없음,화물,남,37세,경상
2018020200100355,2018년 2월 2일 15시,금요일,충청북도 제천시 수산면,중상사고,0,2,0,1,차대차 - 정면충돌,중앙선침범,건조,맑음,단일로 - 기타,화물,남,63세,부상신고,화물,남,67세,중상
2018020200100356,2018년 2월 2일 15시,금요일,충청북도 음성군 감곡면,경상사고,0,0,1,0,차대사람 - 횡단중,신호위반,건조,맑음,교차로 - 교차로횡단보도내,승용,여,51세,상해없음,보행자,여,24세,경상
2018020200100357,2018년 2월 2일 15시,금요일,충청북도 청주시 흥덕구 옥산면,중상사고,0,1,0,0,차대차 - 측면충돌,안전운전불이행,건조,맑음,교차로 - 교차로안,건설기계,남,63세,상해없음,승용,남,57세,중상
2018020200100387,2018년 2월 2일 16시,금요일,충청북도 청주시 상당구 용담동,경상사고,0,0,4,0,차대차 - 정면충돌,안전운전불이행,건조,맑음,단일로 - 지하차도(도로)내,원동기,남,43세,경상,승합,여,41세,경상
2018020200100388,2018년 2월 2일 16시,금요일,충청북도 청주시 상당구 서문동,경상사고,0,0,1,0,차대차 - 측면충돌,교차로운행방법위반,건조,맑음,교차로 - 교차로안,승용,남,78세,상해없음,승용,여,54세,경상
2018020200100510,2018년 2월 2일 19시,금요일,충청북도 청주시 흥덕구 복대동,경상사고,0,0,1,0,차대차 - 측면충돌,안전운전불이행,건조,맑음,교차로 - 교차로안,승용,남,28세,상해없음,이륜,남,41세,경상
2018020200100543,2018년 2월 2일 20시,금요일,충청북도 진천군 광혜원면,경상사고,0,0,1,0,차대차 - 기타,직진우회전진행방해,건조,맑음,교차로 - 교차로안,승용,여,56세,상해없음,승용,남,40세,경상
2018020200100573,2018년 2월 2일 21시,금요일,충청북도 청주시 청원구 율량동,경상사고,0,0,2,0,차대차 - 기타,안전운전불이행,건조,맑음,단일로 - 기타,승용,남,32세,상해없음,승용,여,40세,경상
2018020200100574,2018년 2월 2일 21시,금요일,충청북도 진천군 진천읍,중상사고,0,1,0,0,차대사람 - 기타,안전운전불이행,건조,맑음,기타 - 기타,승용,남,63세,상해없음,보행자,여,70세,중상
2018020200100610,2018년 2월 2일 22시,금요일,충청북도 청주시 흥덕구 강내면,경상사고,0,0,1,0,차대차 - 측면충돌,교차로운행방법위반,건조,맑음,교차로 - 교차로안,승용,남,32세,상해없음,승용,남,47세,경상
2018020200100611,2018년 2월 2일 22시,금요일,충청북도 청주시 흥덕구 송정동,경상사고,0,0,1,0,차대차 - 측면충돌,교차로운행방법위반,건조,맑음,교차로 - 교차로안,승용,남,61세,상해없음,승용,남,25세,상해없음
2018020200100612,2018년 2월 2일 22시,금요일,충청북도 청주시 흥덕구 운천동,중상사고,0,1,0,0,차대차 - 기타,교차로운행방법위반,건조,맑음,교차로 - 교차로안,승용,남,66세,상해없음,승용,남,59세,기타불명
2018020300100023,2018년 2월 3일 00시,토요일,충청북도 청주시 서원구 산남동,경상사고,0,0,1,0,차대사람 - 횡단중,안전운전불이행,건조,맑음,교차로 - 교차로횡단보도내,승용,여,44세,상해없음,보행자,남,44세,경상
2018020300100024,2018년 2월 3일 00시,토요일,충청북도 음성군 삼성면,사망사고,1,1,4,0,차대차 - 추돌,안전거리미확보,건조,맑음,단일로 - 기타,특수,남,37세,경상,화물,남,45세,경상
2018020300100046,2018년 2월 3일 01시,토요일,충청북도 청주시 청원구 내덕동,경상사고,0,0,1,0,차대차 - 기타,신호위반,건조,맑음,교차로 - 교차로안,승용,여,55세,상해없음,승용,남,29세,경상
2018020300100079,2018년 2월 3일 03시,토요일,충청북도 청주시 흥덕구 복대동,중상사고,0,1,0,0,차대차 - 측면충돌,신호위반,건조,맑음,교차로 - 교차로안,화물,남,25세,기타불명,승용,남,33세,중상
2018020300100118,2018년 2월 3일 06시,토요일,충청북도 청주시 흥덕구 송정동,경상사고,0,0,5,0,차대차 - 측면충돌,안전운전불이행,건조,맑음,단일로 - 기타,승용,남,38세,상해없음,승용,여,43세,기타불명
2018020300100131,2018년 2월 3일 07시,토요일,충청북도 제천시 교동,경상사고,0,0,1,0,차대사람 - 기타,안전운전불이행,서리/결빙,눈,기타 - 기타,승용,여,64세,상해없음,보행자,여,75세,경상
2018020300100148,2018년 2월 3일 08시,토요일,충청북도 청주시 청원구 오창읍,경상사고,0,0,1,0,차대차 - 기타,안전운전불이행,서리/결빙,눈,단일로 - 기타,승용,여,21세,기타불명,승용,남,20세,경상
2018020300100149,2018년 2월 3일 08시,토요일,충청북도 제천시 신동,경상사고,0,0,7,1,차대차 - 측면충돌,안전거리미확보,서리/결빙,흐림,단일로 - 기타,승용,여,49세,경상,승용,남,36세,상해없음
2018020300100175,2018년 2월 3일 09시,토요일,충청북도 청주시 서원구 남이면,중상사고,0,1,0,0,차대차 - 기타,과속,건조,맑음,단일로 - 기타,승용,남,32세,중상,화물,남,57세,상해없음
2018020300100251,2018년 2월 3일 11시,토요일,충청북도 음성군 맹동면,경상사고,0,0,4,0,차대차 - 측면충돌,교차로운행방법위반,건조,맑음,교차로 - 교차로안,승용,남,45세,경상,승용,남,60세,상해없음
2018020300100252,2018년 2월 3일 11시,토요일,충청북도 청주시 흥덕구 복대동,중상사고,0,1,0,0,차대차 - 측면충돌,안전운전불이행,건조,맑음,교차로 - 교차로안,승용,남,50세,상해없음,승용,여,34세,중상
2018020300100298,2018년 2월 3일 12시,토요일,충청북도 청주시 상당구 가덕면,경상사고,0,0,2,0,차대차 - 측면충돌,안전운전불이행,건조,맑음,교차로 - 교차로안,승합,여,39세,상해없음,승용,남,68세,경상
2018020300100299,2018년 2월 3일 12시,토요일,충청북도 청주시 상당구 방서동,경상사고,0,0,2,0,차대차 - 측면충돌,기타,건조,맑음,단일로 - 지하차도(도로)내,승용,남,64세,상해없음,승용,여,51세,경상
2018020300100345,2018년 2월 3일 13시,토요일,충청북도 충주시 용두동,중상사고,0,1,0,0,차대차 - 기타,안전운전불이행,건조,맑음,교차로 - 교차로부근,승용,남,37세,상해없음,원동기,남,62세,중상
2018020300100346,2018년 2월 3일 13시,토요일,충청북도 충주시 금릉동,경상사고,0,0,1,0,차대차 - 기타,안전운전불이행,건조,맑음,교차로 - 교차로부근,승용,여,52세,상해없음,승용,여,38세,경상
2018020300100347,2018년 2월 3일 13시,토요일,충청북도 제천시 금성면,경상사고,0,0,3,0,차대차 - 추돌,안전운전불이행,건조,맑음,단일로 - 기타,화물,남,41세,상해없음,승용,여,56세,경상
2018020300100393,2018년 2월 3일 14시,토요일,충청북도 청주시 청원구 사천동,경상사고,0,0,3,0,차대차 - 기타,교차로운행방법위반,건조,맑음,교차로 - 교차로안,화물,남,58세,상해없음,승용,여,69세,경상
2018020300100394,2018년 2월 3일 14시,토요일,충청북도 충주시 연수동,경상사고,0,0,1,0,차대사람 - 횡단중,보행자보호의무위반,건조,맑음,교차로 - 교차로횡단보도내,승용,남,76세,상해없음,보행자,남,41세,경상
2018020300100395,2018년 2월 3일 14시,토요일,충청북도 청주시 청원구 오창읍,경상사고,0,0,2,0,차대차 - 측면충돌,안전거리미확보,건조,맑음,단일로 - 기타,승용,남,45세,상해없음,승용,남,25세,경상
2018020300100463,2018년 2월 3일 16시,토요일,충청북도 충주시 교현동,중상사고,0,1,0,0,차대차 - 측면충돌,직진우회전진행방해,건조,맑음,교차로 - 교차로안,이륜,남,20세,중상,화물,남,51세,상해없음
2018020300100464,2018년 2월 3일 16시,토요일,충청북도 청주시 상당구 석교동,경상사고,0,0,2,0,차대차 - 측면충돌,안전운전불이행,건조,맑음,교차로 - 교차로안,승용,남,48세,경상,승용,남,54세,경상
2018020300100490,2018년 2월 3일 17시,토요일,충청북도 청주시 흥덕구 운천동,경상사고,0,0,1,0,차대차 - 측면충돌,신호위반,건조,맑음,교차로 - 교차로횡단보도내,승합,남,59세,상해없음,자전거,남,24세,경상
2018020300100531,2018년 2월 3일 18시,토요일,충청북도 충주시 연수동,중상사고,0,1,0,0,차대사람 - 기타,안전운전불이행,건조,맑음,교차로 - 교차로안,승용,남,49세,상해없음,보행자,여,50세,중상
2018020300100532,2018년 2월 3일 18시,토요일,충청북도 청주시 흥덕구 비하동,경상사고,0,0,1,0,차대차 - 추돌,안전운전불이행,건조,맑음,교차로 - 교차로부근,승용,남,28세,상해없음,승용,여,30세,경상
2018020300100533,2018년 2월 3일 18시,토요일,충청북도 청주시 흥덕구 복대동,경상사고,0,0,4,0,차대차 - 측면충돌,안전운전불이행,건조,맑음,교차로 - 교차로부근,승합,여,53세,상해없음,승용,남,40세,경상
2018020300100534,2018년 2월 3일 18시,토요일,충청북도 청주시 상당구 용암동,경상사고,0,0,1,0,차대차 - 추돌,안전운전불이행,건조,맑음,교차로 - 교차로부근,승용,여,25세,상해없음,승용,남,40세,경상
2018020300100580,2018년 2월 3일 19시,토요일,충청북도 청주시 서원구 분평동,경상사고,0,0,3,0,차대차 - 추돌,안전운전불이행,건조,맑음,교차로 - 교차로부근,승용,남,29세,상해없음,승용,남,32세,경상
2018020300100665,2018년 2월 3일 21시,토요일,충청북도 충주시 칠금동,중상사고,0,1,0,0,차대사람 - 기타,안전운전불이행,건조,맑음,교차로 - 교차로안,승합,남,34세,상해없음,보행자,남,48세,중상
2018020300100666,2018년 2월 3일 21시,토요일,충청북도 제천시 화산동,경상사고,0,0,1,0,차대차 - 정면충돌,중앙선침범,건조,맑음,단일로 - 기타,승용,여,45세,상해없음,승용,여,49세,경상
2018020300100667,2018년 2월 3일 21시,토요일,충청북도 청주시 상당구 용암동,경상사고,0,0,1,0,차대차 - 추돌,안전운전불이행,건조,맑음,단일로 - 지하차도(도로)내,이륜,남,25세,경상,승용,남,35세,상해없음
2018020300100705,2018년 2월 3일 22시,토요일,충청북도 청주시 흥덕구 휴암동,경상사고,0,0,4,0,차대차 - 측면충돌,안전운전불이행,서리/결빙,눈,단일로 - 기타,기타불명,기타불명,미분류,기타불명,승용,남,45세,경상
2018020300100734,2018년 2월 3일 23시,토요일,충청북도 청주시 서원구 개신동,부상신고사고,0,0,0,1,차대차 - 측면충돌,교차로운행방법위반,젖음/습기,눈,교차로 - 교차로부근,화물,남,52세,상해없음,이륜,남,18세,부상신고
2018020300100735,2018년 2월 3일 23시,토요일,충청북도 청주시 흥덕구 오송읍,경상사고,0,0,2,0,차대차 - 측면충돌,안전운전불이행,젖음/습기,눈,교차로 - 교차로안,화물,남,51세,기타불명,승용,여,56세,경상
2018020400100015,2018년 2월 4일 00시,일요일,충청북도 청주시 흥덕구 봉명동,경상사고,0,0,1,0,차대차 - 추돌,안전운전불이행,건조,맑음,교차로 - 교차로부근,승용,남,33세,상해없음,승용,여,35세,경상
2018020400100110,2018년 2월 4일 06시,일요일,충청북도 충주시 금릉동,중상사고,0,1,0,0,차대차 - 기타,안전운전불이행,건조,맑음,교차로 - 교차로안,승용,남,24세,상해없음,승용,남,39세,중상
2018020400100150,2018년 2월 4일 09시,일요일,충청북도 증평군 증평읍,경상사고,0,0,1,0,차대차 - 측면충돌,교차로운행방법위반,건조,맑음,교차로 - 교차로안,승용,여,41세,상해없음,이륜,남,52세,경상
2018020400100151,2018년 2월 4일 09시,일요일,충청북도 청주시 청원구 우암동,경상사고,0,0,2,0,차대차 - 측면충돌,교차로운행방법위반,건조,맑음,교차로 - 교차로안,승합,남,43세,상해없음,승용,남,35세,경상
2018020400100178,2018년 2월 4일 10시,일요일,충청북도 충주시 교현동,중상사고,0,1,0,0,차대차 - 기타,안전운전불이행,건조,맑음,단일로 - 기타,승용,여,50세,상해없음,자전거,여,71세,중상
2018020400100179,2018년 2월 4일 10시,일요일,충청북도 음성군 맹동면,경상사고,0,0,3,0,차대차 - 측면충돌,교차로운행방법위반,건조,맑음,교차로 - 교차로안,승용,여,53세,경상,승용,남,31세,경상
2018020400100198,2018년 2월 4일 11시,일요일,충청북도 제천시 봉양읍,중상사고,0,1,1,0,차대차 - 정면충돌,중앙선침범,건조,맑음,단일로 - 기타,승용,남,77세,중상,승용,남,31세,경상
2018020400100219,2018년 2월 4일 12시,일요일,충청북도 충주시 연수동,경상사고,0,0,4,0,차대차 - 측면충돌,안전운전불이행,기타,기타,기타 - 기타,화물,남,30세,기타불명,승용,여,57세,경상
2018020400100359,2018년 2월 4일 17시,일요일,충청북도 청주시 청원구 내덕동,경상사고,0,0,1,0,차대차 - 정면충돌,교차로운행방법위반,건조,맑음,교차로 - 교차로부근,승용,여,46세,상해없음,이륜,남,58세,경상
2018020400100360,2018년 2월 4일 17시,일요일,충청북도 제천시 중앙로2가,중상사고,0,1,2,0,차대차 - 측면충돌,안전운전불이행,건조,맑음,교차로 - 교차로안,이륜,남,17세,중상,승용,여,70세,경상
2018020400100385,2018년 2월 4일 18시,일요일,충청북도 진천군 덕산면,경상사고,0,0,2,0,차대차 - 정면충돌,직진우회전진행방해,건조,기타,교차로 - 교차로안,승용,여,52세,경상,승용,남,20세,경상
2018020400100386,2018년 2월 4일 18시,일요일,충청북도 청주시 흥덕구 가경동,경상사고,0,0,1,0,차대차 - 측면충돌,안전운전불이행,건조,맑음,단일로 - 기타,승용,남,59세,상해없음,승용,남,45세,경상
2018020400100418,2018년 2월 4일 19시,일요일,충청북도 충주시 봉방동,경상사고,0,0,1,0,차대차 - 기타,교차로운행방법위반,건조,맑음,교차로 - 교차로안,승용,여,29세,상해없음,원동기,남,24세,경상
2018020400100419,2018년 2월 4일 19시,일요일,충청북도 진천군 이월면,사망사고,1,2,3,0,차대차 - 기타,안전거리미확보,건조,맑음,단일로 - 기타,승합,여,62세,상해없음,승용,여,38세,경상
2018020400100474,2018년 2월 4일 21시,일요일,충청북도 충주시 성서동,경상사고,0,0,3,0,차대차 - 기타,안전운전불이행,건조,맑음,단일로 - 기타,화물,남,46세,상해없음,승용,남,26세,경상
2018020400100475,2018년 2월 4일 21시,일요일,충청북도 음성군 맹동면,중상사고,0,1,0,0,차대차 - 측면충돌,안전운전불이행,건조,맑음,교차로 - 교차로부근,승용,여,47세,상해없음,이륜,남,37세,중상