사고번호,사고일시,요일,시군구,사고내용,사망자수,중상자수,경상자수,부상신고자수,사고유형,법규위반,노면상태,기상상태,도로형태,가해운전자 차종,가해운전자 성별,가해운전자 연령,가해운전자 상해정도,피해운전자 차종,피해운전자 성별,피해운전자 연령,피해운전자 상해정도
2018020500100014,2018년 2월 5일 00시,월요일,충청북도 청주시 서원구 수곡동,중상사고,0,1,0,0,차대차 - 기타,안전운전불이행,건조,맑음,단일로 - 기타,이륜,남,31세,중상,승용,남,51세,상해없음
2018020500100027,2018년 2월 5일 01시,월요일,충청북도 청주시 흥덕구 봉명동,경상사고,0,0,2,0,차대차 - 측면충돌,교차로운행방법위반,건조,맑음,교차로 - 교차로안,승용,여,37세,상해없음,승용,남,68세,경상
2018020500100065,2018년 2월 5일 06시,월요일,충청북도 청주시 흥덕구 강내면,경상사고,0,0,1,0,차대차 - 기타,안전운전불이행,건조,맑음,단일로 - 기타,승용,여,62세,상해없음,화물,남,48세,경상
2018020500100066,2018년 2월 5일 06시,월요일,충청북도 청주시 흥덕구 강내면,경상사고,0,0,2,0,차대차 - 기타,안전운전불이행,건조,맑음,단일로 - 기타,승용,남,61세,상해없음,승용,여,66세,경상
2018020500100087,2018년 2월 5일 07시,월요일,충청북도 청주시 서원구 사직동,사망사고,1,0,0,0,차대사람 - 기타,안전운전불이행,건조,맑음,단일로 - 기타,화물,남,66세,상해없음,보행자,여,79세,사망
2018020500100123,2018년 2월 5일 08시,월요일,충청북도 충주시 앙성면,중상사고,0,1,0,0,차대차 - 측면충돌,직진우회전진행방해,건조,맑음,교차로 - 교차로안,건설기계,남,56세,상해없음,승용,남,51세,중상
2018020500100180,2018년 2월 5일 09시,월요일,충청북도 음성군 대소면,경상사고,0,0,1,0,차대차 - 추돌,안전운전불이행,건조,맑음,교차로 - 교차로안,화물,남,53세,상해없음,승용,남,46세,경상
2018020500100218,2018년 2월 5일 10시,월요일,충청북도 음성군 음성읍,중상사고,0,1,0,0,차대차 - 측면충돌,교차로운행방법위반,건조,맑음,교차로 - 교차로안,승용,남,36세,상해없음,자전거,남,89세,중상
2018020500100219,2018년 2월 5일 10시,월요일,충청북도 청주시 상당구 남일면,경상사고,0,0,1,0,차량단독 - 전도전복 - 전도,안전운전불이행,건조,맑음,단일로 - 지하차도(도로)내,화물,남,38세,경상,미분류,미분류,미분류,미분류
2018020500100282,2018년 2월 5일 12시,월요일,충청북도 충주시 교현동,경상사고,0,0,1,1,차대차 - 기타,안전운전불이행,건조,맑음,단일로 - 기타,승용,남,66세,부상신고,승용,여,62세,경상
2018020500100283,2018년 2월 5일 12시,월요일,충청북도 단양군 매포읍,중상사고,0,1,1,0,차대차 - 추돌,안전운전불이행,건조,맑음,단일로 - 기타,건설기계,남,49세,상해없음,특수,남,48세,경상
2018020500100284,2018년 2월 5일 12시,월요일,충청북도 진천군 진천읍,중상사고,0,1,3,0,차대차 - 기타,안전거리미확보,건조,맑음,단일로 - 기타,승용,남,38세,상해없음,승용,여,65세,중상
2018020500100285,2018년 2월 5일 12시,월요일,충청북도 진천군 진천읍,경상사고,0,0,3,0,차대차 - 기타,안전거리미확보,건조,맑음,단일로 - 기타,승용,남,36세,경상,승용,여,32세,경상
2018020500100286,2018년 2월 5일 12시,월요일,충청북도 청주시 서원구 수곡동,중상사고,0,1,1,0,차대차 - 추돌,안전거리미확보,건조,맑음,교차로 - 교차로부근,승합,남,65세,상해없음,승용,여,48세,경상
2018020500100314,2018년 2월 5일 13시,월요일,충청북도 충주시 엄정면,경상사고,0,0,2,0,차대차 - 후진중충돌,안전운전불이행,건조,맑음,단일로 - 기타,승용,여,59세,상해없음,화물,남,33세,경상
2018020500100347,2018년 2월 5일 14시,월요일,충청북도 청주시 상당구 지북동,중상사고,0,2,0,0,차대차 - 기타,안전거리미확보,건조,맑음,교차로 - 교차로부근,농기계,남,72세,중상,건설기계,남,40세,상해없음
2018020500100384,2018년 2월 5일 15시,월요일,충청북도 충주시 용산동,경상사고,0,0,1,0,차대차 - 기타,안전운전불이행,건조,맑음,단일로 - 기타,승용,여,29세,상해없음,이륜,남,44세,경상
2018020500100419,2018년 2월 5일 16시,월요일,충청북도 충주시 교현동,경상사고,0,0,1,0,차대차 - 측면충돌,안전운전불이행,건조,맑음,주차장 - 주차장,승용,남,76세,상해없음,승용,여,28세,경상
2018020500100420,2018년 2월 5일 16시,월요일,충청북도 청주시 흥덕구 복대동,경상사고,0,0,1,0,차대차 - 측면충돌,중앙선침범,건조,맑음,단일로 - 기타,승용,여,27세,상해없음,승용,남,37세,경상
2018020500100448,2018년 2월 5일 17시,월요일,충청북도 제천시 봉양읍,중상사고,0,2,1,0,차량단독 - 공작물충돌,안전운전불이행,건조,맑음,단일로 - 기타,화물,남,25세,경상,,,,
2018020500100449,2018년 2월 5일 17시,월요일,충청북도 청주시 청원구 주성동,경상사고,0,0,1,0,차대차 - 기타,안전운전불이행,건조,맑음,교차로 - 교차로안,승용,여,57세,상해없음,승용,남,47세,경상
2018020500100450,2018년 2월 5일 17시,월요일,충청북도 음성군 원남면,중상사고,0,1,3,0,차대차 - 측면충돌,안전운전불이행,건조,맑음,단일로 - 기타,승용,남,74세,중상,화물,남,55세,경상
2018020500100451,2018년 2월 5일 17시,월요일,충청북도 청주시 서원구 성화동,중상사고,0,1,1,0,차대차 - 측면충돌,교차로운행방법위반,건조,맑음,교차로 - 교차로안,승용,남,65세,중상,승합,여,51세,경상
2018020500100452,2018년 2월 5일 17시,월요일,충청북도 청주시 흥덕구 운천동,경상사고,0,0,3,0,차대차 - 추돌,안전거리미확보,건조,맑음,기타 - 기타,승용,남,25세,상해없음,승용,여,62세,경상
2018020500100453,2018년 2월 5일 17시,월요일,충청북도 청주시 서원구 수곡동,경상사고,0,0,1,0,차대차 - 측면충돌,교차로운행방법위반,건조,맑음,교차로 - 교차로안,자전거,여,63세,경상,승용,여,63세,상해없음
2018020500100492,2018년 2월 5일 18시,월요일,충청북도 괴산군 괴산읍,중상사고,0,1,0,0,차대사람 - 횡단중,보행자보호의무위반,건조,맑음,교차로 - 교차로횡단보도내,승용,남,31세,상해없음,보행자,여,69세,중상
2018020500100493,2018년 2월 5일 18시,월요일,충청북도 청주시 흥덕구 수의동,경상사고,0,0,1,0,차대차 - 측면충돌,중앙선침범,건조,맑음,단일로 - 기타,화물,남,70세,상해없음,승용,여,56세,경상
2018020500100530,2018년 2월 5일 19시,월요일,충청북도 청주시 청원구 주중동,경상사고,0,0,1,0,차대차 - 측면충돌,안전운전불이행,건조,맑음,교차로 - 교차로부근,승용,남,72세,상해없음,승용,여,31세,경상
2018020500100531,2018년 2월 5일 19시,월요일,충청북도 청주시 흥덕구 가경동,경상사고,0,0,1,0,차대사람 - 횡단중,보행자보호의무위반,건조,맑음,교차로 - 교차로안,승용,남,53세,상해없음,보행자,여,36세,경상
2018020500100587,2018년 2월 5일 21시,월요일,충청북도 청주시 서원구 사직동,경상사고,0,0,1,0,차대차 - 추돌,안전운전불이행,건조,맑음,교차로 - 교차로부근,승용,남,50세,상해없음,승용,남,57세,경상
2018020500100588,2018년 2월 5일 21시,월요일,충청북도 옥천군 옥천읍,경상사고,0,0,1,0,차대차 - 추돌,안전운전불이행,건조,맑음,단일로 - 기타,화물,남,51세,경상,화물,남,44세,상해없음
2018020500100615,2018년 2월 5일 22시,월요일,충청북도 충주시 금릉동,중상사고,0,1,0,0,차량단독 - 공작물충돌,안전운전불이행,건조,흐림,단일로 - 기타,승용,남,23세,중상,,,,
2018020600100031,2018년 2월 6일 02시,화요일,충청북도 옥천군 옥천읍,중상사고,0,1,1,0,차대차 - 측면충돌,중앙선침범,건조,맑음,단일로 - 기타,승용,남,49세,상해없음,이륜,남,19세,중상
2018020600100032,2018년 2월 6일 02시,화요일,충청북도 청주시 흥덕구 복대동,경상사고,0,0,1,0,차대사람 - 횡단중,안전운전불이행,건조,맑음,단일로 - 기타,승용,남,48세,상해없음,보행자,남,34세,경상
2018020600100088,2018년 2월 6일 07시,화요일,충청북도 음성군 대소면,경상사고,0,0,1,0,차대차 - 측면충돌,차로위반,건조,맑음,단일로 - 기타,화물,남,62세,상해없음,승용,남,58세,경상
2018020600100089,2018년 2월 6일 07시,화요일,충청북도 청주시 흥덕구 가경동,경상사고,0,0,1,0,차대차 - 측면충돌,안전거리미확보,건조,맑음,단일로 - 기타,승용,여,45세,상해없음,승용,남,27세,경상
2018020600100131,2018년 2월 6일 08시,화요일,충청북도 충주시 칠금동,경상사고,0,0,2,0,차대차 - 추돌,안전운전불이행,건조,맑음,단일로 - 기타,승용,여,27세,경상,승용,여,54세,경상
2018020600100132,2018년 2월 6일 08시,화요일,충청북도 청주시 흥덕구 오송읍,중상사고,0,1,0,0,차대차 - 추돌,안전거리미확보,건조,맑음,단일로 - 고가도로위,화물,남,67세,상해없음,승용,남,32세,중상
2018020600100173,2018년 2월 6일 09시,화요일,충청북도 충주시 안림동,경상사고,0,0,1,1,차대사람 - 횡단중,안전운전불이행,건조,맑음,교차로 - 교차로안,승용,여,42세,부상신고,보행자,남,74세,경상
2018020600100202,2018년 2월 6일 10시,화요일,충청북도 청주시 흥덕구 운천동,경상사고,0,0,1,0,차대차 - 기타,안전운전불이행,건조,맑음,교차로 - 교차로안,화물,남,61세,상해없음,이륜,남,25세,경상
2018020600100203,2018년 2월 6일 10시,화요일,충청북도 청주시 서원구 분평동,경상사고,0,0,1,0,차대차 - 추돌,안전거리미확보,건조,맑음,단일로 - 지하차도(도로)내,화물,남,65세,상해없음,화물,남,33세,경상
2018020600100269,2018년 2월 6일 12시,화요일,충청북도 충주시 봉방동,경상사고,0,0,1,0,차대차 - 측면충돌,신호위반,건조,맑음,교차로 - 교차로횡단보도내,이륜,남,18세,상해없음,자전거,남,71세,경상
2018020600100341,2018년 2월 6일 14시,화요일,충청북도 충주시 교현동,사망사고,1,0,0,0,차대차 - 기타,안전운전불이행,건조,맑음,교차로 - 교차로횡단보도내,화물,남,58세,상해없음,자전거,여,82세,사망
2018020600100372,2018년 2월 6일 15시,화요일,충청북도 청주시 청원구 오창읍,중상사고,0,1,0,0,차대사람 - 기타,중앙선침범,건조,맑음,단일로 - 기타,승용,여,58세,상해없음,보행자,여,75세,중상
2018020600100399,2018년 2월 6일 16시,화요일,충청북도 충주시 문화동,경상사고,0,0,1,0,차대차 - 기타,안전운전불이행,건조,맑음,교차로 - 교차로안,승합,여,41세,상해없음,원동기,여,78세,경상
2018020600100400,2018년 2월 6일 16시,화요일,충청북도 음성군 음성읍,중상사고,0,1,0,0,차대사람 - 기타,안전운전불이행,건조,맑음,교차로 - 교차로안,화물,남,54세,상해없음,보행자,여,72세,중상
2018020600100401,2018년 2월 6일 16시,화요일,충청북도 진천군 진천읍,경상사고,0,0,1,0,차대차 - 기타,안전운전불이행,건조,맑음,단일로 - 기타,승용,남,49세,경상,화물,남,76세,상해없음
2018020600100476,2018년 2월 6일 18시,화요일,충청북도 청주시 서원구 사창동,경상사고,0,0,1,0,차대차 - 기타,안전운전불이행,건조,맑음,단일로 - 기타,승용,여,36세,상해없음,이륜,남,30세,경상
2018020600100516,2018년 2월 6일 19시,화요일,충청북도 영동군 영동읍,중상사고,0,1,0,0,차대사람 - 기타,안전운전불이행,건조,맑음,교차로 - 교차로안,승용,여,29세,상해없음,보행자,남,65세,중상
2018020600100517,2018년 2월 6일 19시,화요일,충청북도 청주시 서원구 분평동,중상사고,0,1,0,0,차대차 - 측면충돌,안전운전불이행,건조,맑음,교차로 - 교차로안,승용,여,58세,상해없음,이륜,남,19세,중상
2018020600100553,2018년 2월 6일 20시,화요일,충청북도 충주시 문화동,중상사고,0,2,0,0,차대차 - 측면충돌,신호위반,건조,맑음,교차로 - 교차로안,승용,여,51세,중상,승용,남,41세,중상
2018020600100554,2018년 2월 6일 20시,화요일,충청북도 청주시 흥덕구 복대동,경상사고,0,0,1,0,차대차 - 기타,안전운전불이행,건조,맑음,단일로 - 기타,승용,남,52세,상해없음,원동기,남,16세,경상
2018020600100579,2018년 2월 6일 21시,화요일,충청북도 제천시 영천동,중상사고,0,1,2,0,차대차 - 측면충돌,불법유턴,건조,맑음,단일로 - 지하차도(도로)내,승용,남,32세,경상,승용,남,42세,중상
2018020600100614,2018년 2월 6일 22시,화요일,충청북도 청주시 청원구 율량동,중상사고,0,1,3,0,차대차 - 추돌,안전거리미확보,젖음/습기,흐림,교차로 - 교차로부근,승용,남,47세,경상,승용,남,25세,상해없음
2018020600100638,2018년 2월 6일 23시,화요일,충청북도 진천군 진천읍,사망사고,1,0,0,0,차량단독 - 공작물충돌,안전운전불이행,건조,기타,단일로 - 기타,승용,남,37세,사망,,,,
2018020700100052,2018년 2월 7일 04시,수요일,충청북도 영동군 심천면,사망사고,1,0,0,0,차량단독 - 전도전복 - 전도,안전운전불이행,건조,맑음,단일로 - 기타,화물,남,36세,사망,미분류,미분류,미분류,미분류
2018020700100070,2018년 2월 7일 05시,수요일,충청북도 충주시 산척면,중상사고,0,1,0,0,차대차 - 추돌,안전운전불이행,건조,맑음,단일로 - 기타,특수,남,60세,상해없음,승용,여,71세,중상
2018020700100082,2018년 2월 7일 06시,수요일,충청북도 청주시 흥덕구 옥산면,경상사고,0,0,1,0,차대차 - 추돌,안전운전불이행,적설,흐림,단일로 - 기타,승용,남,25세,경상,화물,남,45세,기타불명
2018020700100110,2018년 2월 7일 07시,수요일,충청북도 청주시 상당구 석교동,경상사고,0,0,1,0,차대차 - 측면충돌,안전운전불이행,건조,맑음,교차로 - 교차로안,승용,남,34세,상해없음,승용,여,51세,경상
2018020700100112,2018년 2월 7일 07시,수요일,충청북도 청주시 흥덕구 옥산면,사망사고,1,0,0,0,차대차 - 기타,안전운전불이행,건조,맑음,단일로 - 기타,승용,남,58세,사망,화물,남,46세,상해없음
2018020700100146,2018년 2월 7일 08시,수요일,충청북도 제천시 신백동,중상사고,0,1,0,0,차대사람 - 횡단중,신호위반,건조,맑음,교차로 - 교차로안,화물,남,51세,상해없음,보행자,여,17세,중상
2018020700100147,2018년 2월 7일 08시,수요일,충청북도 제천시 청전동,경상사고,0,0,1,0,차대사람 - 횡단중,신호위반,건조,맑음,단일로 - 기타,승용,남,55세,기타불명,보행자,여,70세,경상
2018020700100148,2018년 2월 7일 08시,수요일,충청북도 진천군 진천읍,경상사고,0,0,2,0,차대차 - 기타,직진우회전진행방해,건조,맑음,교차로 - 교차로안,승용,남,36세,경상,승용,여,45세,경상
2018020700100189,2018년 2월 7일 09시,수요일,충청북도 청주시 청원구 우암동,경상사고,0,0,1,0,차대차 - 기타,안전운전불이행,서리/결빙,맑음,교차로 - 교차로안,승용,여,48세,기타불명,승용,남,50세,경상
2018020700100214,2018년 2월 7일 10시,수요일,충청북도 괴산군 칠성면,중상사고,0,1,0,0,차대차 - 측면충돌,안전운전불이행,건조,맑음,단일로 - 기타,화물,남,60세,상해없음,이륜,남,30세,중상
2018020700100215,2018년 2월 7일 10시,수요일,충청북도 진천군 진천읍,경상사고,0,0,4,0,차대차 - 기타,안전운전불이행,건조,맑음,교차로 - 교차로안,승용,여,58세,경상,승용,여,45세,경상
2018020700100250,2018년 2월 7일 11시,수요일,충청북도 괴산군 불정면,중상사고,0,2,0,0,차대차 - 정면충돌,중앙선침범,건조,맑음,단일로 - 기타,승용,남,57세,중상,승용,남,68세,중상
2018020700100276,2018년 2월 7일 12시,수요일,충청북도 음성군 맹동면,경상사고,0,0,1,0,차대차 - 측면충돌,교차로운행방법위반,건조,맑음,교차로 - 교차로안,승용,남,76세,상해없음,승용,여,24세,경상
2018020700100335,2018년 2월 7일 14시,수요일,충청북도 충주시 성남동,경상사고,0,0,1,0,차대차 - 기타,안전운전불이행,건조,맑음,단일로 - 기타,승용,여,37세,상해없음,이륜,남,16세,경상
2018020700100336,2018년 2월 7일 14시,수요일,충청북도 청주시 서원구 모충동,경상사고,0,0,1,0,차대차 - 측면충돌,교차로운행방법위반,건조,맑음,교차로 - 교차로안,승용,여,67세,상해없음,이륜,남,69세,경상
2018020700100369,2018년 2월 7일 15시,수요일,충청북도 충주시 칠금동,경상사고,0,0,1,0,차량단독 - 기타,안전운전불이행,건조,맑음,단일로 - 기타,승용,남,57세,상해없음,,,,
2018020700100370,2018년 2월 7일 15시,수요일,충청북도 제천시 청전동,경상사고,0,0,1,0,차대차 - 측면충돌,직진우회전진행방해,건조,맑음,교차로 - 교차로안,승용,여,35세,상해없음,이륜,남,25세,경상
2018020700100405,2018년 2월 7일 16시,수요일,충청북도 청주시 청원구 오창읍,중상사고,0,1,1,0,차대차 - 측면충돌,교차로운행방법위반,건조,맑음,교차로 - 교차로안,화물,남,68세,경상,승용,남,47세,중상
2018020700100442,2018년 2월 7일 17시,수요일,충청북도 진천군 진천읍,경상사고,0,0,1,0,차대사람 - 횡단중,안전운전불이행,건조,맑음,단일로 - 기타,승용,남,76세,상해없음,보행자,여,10세,경상
2018020700100443,2018년 2월 7일 17시,수요일,충청북도 청주시 흥덕구 봉명동,경상사고,0,0,1,0,차대차 - 측면충돌,안전운전불이행,건조,맑음,교차로 - 교차로안,승합,남,54세,상해없음,이륜,남,38세,경상
2018020700100496,2018년 2월 7일 18시,수요일,충청북도 제천시 남천동,경상사고,0,0,1,0,차대차 - 추돌,안전운전불이행,건조,맑음,교차로 - 교차로부근,승용,여,49세,상해없음,승용,남,63세,경상
2018020700100497,2018년 2월 7일 18시,수요일,충청북도 증평군 증평읍,경상사고,0,0,2,0,차대차 - 추돌,안전운전불이행,건조,맑음,단일로 - 기타,화물,남,58세,상해없음,승용,여,33세,경상
2018020700100498,2018년 2월 7일 18시,수요일,충청북도 괴산군 괴산읍,경상사고,0,0,1,0,차대사람 - 차도통행중,안전운전불이행,건조,맑음,교차로 - 교차로안,화물,남,61세,상해없음,보행자,여,65세,경상
2018020700100499,2018년 2월 7일 18시,수요일,충청북도 음성군 삼성면,사망사고,1,0,0,0,차대사람 - 기타,안전운전불이행,건조,맑음,교차로 - 교차로안,승용,남,31세,상해없음,보행자,남,57세,사망
2018020700100500,2018년 2월 7일 18시,수요일,충청북도 청주시 흥덕구 봉명동,경상사고,0,0,1,0,차대차 - 측면충돌,중앙선침범,건조,맑음,기타 - 기타,승용,남,34세,상해없음,승용,남,39세,경상
2018020700100501,2018년 2월 7일 18시,수요일,충청북도 청주시 서원구 죽림동,경상사고,0,0,1,0,차대차 - 기타,안전거리미확보,건조,맑음,단일로 - 기타,승용,남,52세,상해없음,승용,남,45세,경상
2018020700100600,2018년 2월 7일 20시,수요일,충청북도 청주시 서원구 개신동,경상사고,0,0,1,0,차대차 - 측면충돌,기타,건조,맑음,교차로 - 교차로부근,승용,남,55세,상해없음,자전거,남,16세,경상
2018020700100638,2018년 2월 7일 21시,수요일,충청북도 제천시 하소동,경상사고,0,0,3,0,차대차 - 측면충돌,기타,건조,맑음,교차로 - 교차로안,승용,남,59세,경상,승용,남,61세,경상
2018020800100048,2018년 2월 8일 03시,목요일,충청북도 진천군 덕산면,경상사고,0,0,1,0,차대차 - 기타,안전운전불이행,건조,맑음,단일로 - 기타,승용,남,38세,상해없음,화물,남,29세,경상
2018020800100108,2018년 2월 8일 07시,목요일,충청북도 청주시 흥덕구 복대동,경상사고,0,0,1,0,차대차 - 측면충돌,신호위반,건조,맑음,교차로 - 교차로안,화물,남,46세,상해없음,승용,남,35세,경상
2018020800100195,2018년 2월 8일 09시,목요일,충청북도 충주시 산척면,중상사고,0,2,0,0,차대차 - 정면충돌,중앙선침범,젖음/습기,맑음,단일로 - 기타,승용,여,34세,중상,승용,남,63세,중상
2018020800100232,2018년 2월 8일 10시,목요일,충청북도 청주시 서원구 사직동,중상사고,0,1,0,0,차대차 - 측면충돌,안전운전불이행,건조,맑음,교차로 - 교차로안,승용,남,75세,상해없음,자전거,남,70세,중상
2018020800100233,2018년 2월 8일 10시,목요일,충청북도 증평군 증평읍,중상사고,0,1,0,0,차대차 - 측면충돌,교차로운행방법위반,건조,맑음,교차로 - 교차로안,화물,남,61세,상해없음,건설기계,남,55세,중상
2018020800100234,2018년 2월 8일 10시,목요일,충청북도 청주시 흥덕구 봉명동,경상사고,0,0,1,0,차대차 - 측면충돌,교차로운행방법위반,건조,맑음,교차로 - 교차로안,승용,남,35세,기타불명,승합,남,23세,상해없음
2018020800100299,2018년 2월 8일 12시,목요일,충청북도 청주시 서원구 남이면,경상사고,0,0,2,0,차대차 - 추돌,안전거리미확보,건조,맑음,단일로 - 기타,화물,남,64세,기타불명,승용,남,61세,경상
2018020800100331,2018년 2월 8일 13시,목요일,충청북도 진천군 광혜원면,경상사고,0,0,1,0,차대차 - 기타,안전운전불이행,건조,맑음,교차로 - 교차로부근,화물,남,57세,상해없음,승용,남,28세,경상
2018020800100364,2018년 2월 8일 14시,목요일,충청북도 제천시 봉양읍,경상사고,0,0,1,0,차대차 - 추돌,안전운전불이행,건조,맑음,교차로 - 교차로부근,화물,남,44세,경상,건설기계,남,49세,상해없음
2018020800100408,2018년 2월 8일 15시,목요일,충청북도 청주시 청원구 오창읍,경상사고,0,0,1,0,차대차 - 추돌,안전운전불이행,건조,맑음,교차로 - 교차로부근,승용,남,56세,상해없음,화물,남,28세,경상
2018020800100456,2018년 2월 8일 16시,목요일,충청북도 청주시 서원구 사창동,경상사고,0,0,2,0,차대차 - 후진중충돌,안전운전불이행,건조,맑음,교차로 - 교차로부근,승용,남,34세,상해없음,승용,남,33세,경상
2018020800100457,2018년 2월 8일 16시,목요일,충청북도 청주시 서원구 사창동,경상사고,0,0,1,0,차대사람 - 길가장자리구역통행중,안전운전불이행,건조,맑음,단일로 - 기타,승용,여,54세,상해없음,보행자,남,18세,경상
2018020800100458,2018년 2월 8일 16시,목요일,충청북도 청주시 서원구 사창동,경상사고,0,0,1,0,차대차 - 기타,안전운전불이행,건조,맑음,단일로 - 기타,승용,여,33세,상해없음,승용,여,49세,경상
2018020800100459,2018년 2월 8일 16시,목요일,충청북도 옥천군 옥천읍,경상사고,0,0,1,0,차대차 - 측면충돌,교차로운행방법위반,건조,맑음,교차로 - 교차로안,승용,남,66세,상해없음,자전거,여,70세,경상
2018020800100492,2018년 2월 8일 17시,목요일,충청북도 청주시 상당구 용암동,경상사고,0,0,1,0,차대차 - 기타,안전운전불이행,건조,맑음,단일로 - 기타,승용,남,53세,상해없음,승용,여,30세,경상
2018020800100532,2018년 2월 8일 18시,목요일,충청북도 청주시 서원구 미평동,경상사고,0,0,1,0,차대차 - 측면충돌,신호위반,건조,맑음,교차로 - 교차로부근,이륜,남,47세,경상,승용,여,57세,상해없음
2018020800100533,2018년 2월 8일 18시,목요일,충청북도 청주시 상당구 북문로1가동,경상사고,0,0,1,0,차대차 - 기타,안전운전불이행,건조,맑음,교차로 - 교차로안,승용,여,35세,상해없음,승합,남,55세,상해없음
2018020800100661,2018년 2월 8일 21시,목요일,충청북도 청주시 흥덕구 가경동,경상사고,0,0,1,0,차대차 - 기타,신호위반,건조,맑음,교차로 - 교차로부근,승용,남,73세,상해없음,이륜,남,25세,경상
2018020900100068,2018년 2월 9일 05시,금요일,충청북도 청주시 서원구 현도면,경상사고,0,0,1,0,차대차 - 기타,안전운전불이행,건조,맑음,단일로 - 기타,승용,남,24세,상해없음,화물,남,62세,경상
2018020900100080,2018년 2월 9일 06시,금요일,충청북도 청주시 흥덕구 강서동,경상사고,0,0,1,0,차대차 - 기타,교차로운행방법위반,건조,맑음,교차로 - 교차로안,화물,남,52세,상해없음,승용,남,29세,경상
2018020900100098,2018년 2월 9일 07시,금요일,충청북도 충주시 연수동,부상신고사고,0,0,0,1,차대차 - 기타,안전운전불이행,건조,맑음,교차로 - 교차로안,이륜,남,36세,부상신고,승용,여,38세,상해없음
2018020900100132,2018년 2월 9일 08시,금요일,충청북도 청주시 청원구 율량동,경상사고,0,0,1,0,차대사람 - 횡단중,보행자보호의무위반,건조,맑음,교차로 - 교차로횡단보도내,승용,여,21세,상해없음,보행자,여,15세,경상
2018020900100133,2018년 2월 9일 08시,금요일,충청북도 괴산군 청천면,경상사고,0,0,4,0,차대차 - 기타,신호위반,건조,맑음,교차로 - 교차로안,화물,남,76세,경상,화물,남,30세,경상
2018020900100134,2018년 2월 9일 08시,금요일,충청북도 단양군 단양읍,사망사고,1,1,0,0,차대차 - 기타,안전거리미확보,건조,맑음,단일로 - 기타,화물,남,58세,사망,승용,여,53세,중상
2018020900100172,2018년 2월 9일 09시,금요일,충청북도 청주시 청원구 오창읍,중상사고,0,1,0,0,차대차 - 기타,안전운전불이행,건조,맑음,교차로 - 교차로부근,이륜,남,78세,중상,승용,남,54세,상해없음
2018020900100173,2018년 2월 9일 09시,금요일,충청북도 충주시 산척면,중상사고,0,2,0,0,차대차 - 기타,차로위반,건조,맑음,단일로 - 기타,승합,남,58세,상해없음,화물,남,66세,중상
2018020900100250,2018년 2월 9일 11시,금요일,충청북도 진천군 진천읍,경상사고,0,0,1,0,차대차 - 기타,직진우회전진행방해,건조,맑음,교차로 - 교차로안,화물,남,40세,상해없음,승용,여,39세,경상
2018020900100285,2018년 2월 9일 12시,금요일,충청북도 청주시 청원구 우암동,경상사고,0,0,1,0,차대사람 - 기타,보행자보호의무위반,건조,맑음,단일로 - 기타,화물,남,58세,상해없음,보행자,여,22세,경상
2018020900100324,2018년 2월 9일 13시,금요일,충청북도 보은군 보은읍,경상사고,0,0,1,0,차대차 - 측면충돌,교차로운행방법위반,건조,맑음,교차로 - 교차로안,승용,남,50세,상해없음,이륜,남,59세,경상
2018020900100325,2018년 2월 9일 13시,금요일,충청북도 음성군 대소면,경상사고,0,0,1,0,차대차 - 측면충돌,기타,건조,맑음,교차로 - 교차로부근,승용,남,30세,상해없음,승용,여,53세,경상
2018020900100326,2018년 2월 9일 13시,금요일,충청북도 청주시 흥덕구 복대동,경상사고,0,0,1,0,차대차 - 측면충돌,기타,건조,맑음,교차로 - 교차로부근,승용,남,56세,상해없음,이륜,남,36세,경상
2018020900100383,2018년 2월 9일 15시,금요일,충청북도 제천시 신백동,경상사고,0,0,2,0,차대차 - 측면충돌,안전거리미확보,건조,맑음,기타 - 기타,특수,남,62세,상해없음,승용,남,40세,경상
2018020900100384,2018년 2월 9일 15시,금요일,충청북도 음성군 감곡면,중상사고,0,1,0,0,차대차 - 측면충돌,교차로운행방법위반,건조,맑음,교차로 - 교차로안,승용,여,62세,상해없음,자전거,여,62세,중상
2018020900100385,2018년 2월 9일 15시,금요일,충청북도 음성군 감곡면,중상사고,0,1,0,0,차대차 - 측면충돌,기타,건조,맑음,단일로 - 기타,화물,남,73세,상해없음,이륜,남,75세,중상
2018020900100386,2018년 2월 9일 15시,금요일,충청북도 청주시 서원구 분평동,경상사고,0,0,1,0,차대차 - 기타,안전운전불이행,건조,맑음,단일로 - 지하차도(도로)내,승용,남,62세,상해없음,화물,남,40세,경상
2018020900100420,2018년 2월 9일 16시,금요일,충청북도 청주시 서원구 사직동,경상사고,0,0,1,0,차대차 - 기타,기타,건조,맑음,교차로 - 교차로안,승용,남,63세,상해없음,화물,남,63세,경상
2018020900100421,2018년 2월 9일 16시,금요일,충청북도 청주시 흥덕구 가경동,중상사고,0,1,0,0,차대사람 - 횡단중,보행자보호의무위반,건조,맑음,단일로 - 기타,승용,남,63세,상해없음,보행자,여,63세,중상
2018020900100464,2018년 2월 9일 17시,금요일,충청북도 청주시 흥덕구 옥산면,사망사고,1,1,0,0,차대차 - 정면충돌,중앙선침범,건조,맑음,단일로 - 기타,승용,여,57세,사망,승용,여,46세,중상
2018020900100511,2018년 2월 9일 18시,금요일,충청북도 충주시 연수동,경상사고,0,0,1,0,차대차 - 기타,안전운전불이행,건조,흐림,단일로 - 기타,이륜,남,25세,상해없음,자전거,여,73세,경상