사고번호,사고일시,요일,시군구,사고내용,사망자수,중상자수,경상자수,부상신고자수,사고유형,법규위반,노면상태,기상상태,도로형태,가해운전자 차종,가해운전자 성별,가해운전자 연령,가해운전자 상해정도,피해운전자 차종,피해운전자 성별,피해운전자 연령,피해운전자 상해정도
2018020900100512,2018년 2월 9일 18시,금요일,충청북도 충주시 교현동,중상사고,0,1,0,0,차대사람 - 횡단중,보행자보호의무위반,건조,맑음,단일로 - 기타,승합,남,59세,상해없음,보행자,여,68세,중상
2018020900100513,2018년 2월 9일 18시,금요일,충청북도 청주시 흥덕구 복대동,중상사고,0,1,0,0,차대사람 - 기타,중앙선침범,건조,맑음,단일로 - 기타,승용,남,31세,상해없음,보행자,여,61세,중상
2018020900100514,2018년 2월 9일 18시,금요일,충청북도 청주시 서원구 죽림동,경상사고,0,0,1,0,차대차 - 기타,안전운전불이행,건조,맑음,단일로 - 기타,승용,여,31세,상해없음,승용,남,38세,경상
2018020900100515,2018년 2월 9일 18시,금요일,충청북도 청주시 상당구 용암동,경상사고,0,0,1,0,차대차 - 측면충돌,안전운전불이행,건조,맑음,단일로 - 지하차도(도로)내,승합,남,42세,상해없음,승용,여,28세,경상
2018020900100581,2018년 2월 9일 19시,금요일,충청북도 진천군 진천읍,중상사고,0,2,0,0,차대차 - 추돌,안전운전불이행,건조,기타,단일로 - 기타,화물,남,52세,상해없음,승용,남,61세,중상
2018020900100582,2018년 2월 9일 19시,금요일,충청북도 청주시 흥덕구 봉명동,중상사고,0,1,0,0,차대차 - 기타,안전운전불이행,젖음/습기,흐림,단일로 - 기타,승용,여,29세,상해없음,승용,남,57세,상해없음
2018020900100632,2018년 2월 9일 20시,금요일,충청북도 옥천군 군북면,중상사고,0,1,0,0,차량단독 - 전도전복 - 전복,안전운전불이행,건조,맑음,단일로 - 기타,화물,남,36세,중상,미분류,미분류,미분류,미분류
2018020900100713,2018년 2월 9일 22시,금요일,충청북도 청주시 청원구 우암동,경상사고,0,0,1,0,차대차 - 추돌,안전운전불이행,건조,맑음,단일로 - 기타,승용,남,25세,경상,승용,남,47세,기타불명
2018020900100714,2018년 2월 9일 22시,금요일,충청북도 청주시 청원구 오창읍,경상사고,0,0,1,0,차대차 - 기타,안전운전불이행,건조,맑음,단일로 - 기타,승용,남,36세,상해없음,승용,남,23세,경상
2018020900100758,2018년 2월 9일 23시,금요일,충청북도 충주시 달천동,경상사고,0,0,1,0,차대차 - 추돌,안전운전불이행,건조,맑음,교차로 - 교차로부근,승용,남,29세,기타불명,화물,남,50세,상해없음
2018020900100759,2018년 2월 9일 23시,금요일,충청북도 진천군 덕산면,중상사고,0,2,0,0,차량단독 - 공작물충돌,안전운전불이행,건조,맑음,교차로 - 교차로안,승용,남,36세,중상,,,,
2018020900100760,2018년 2월 9일 23시,금요일,충청북도 청주시 서원구 산남동,중상사고,0,1,0,0,차대사람 - 횡단중,안전운전불이행,건조,맑음,교차로 - 교차로횡단보도내,승용,여,33세,상해없음,보행자,남,61세,중상
2018021000100015,2018년 2월 10일 00시,토요일,충청북도 청주시 상당구 영운동,경상사고,0,0,1,0,차대차 - 추돌,안전운전불이행,건조,맑음,단일로 - 지하차도(도로)내,승용,남,37세,상해없음,승용,남,60세,경상
2018021000100081,2018년 2월 10일 03시,토요일,충청북도 청주시 청원구 오창읍,중상사고,0,1,0,0,차량단독 - 기타,안전운전불이행,건조,맑음,단일로 - 기타,승용,남,35세,중상,,,,
2018021000100082,2018년 2월 10일 03시,토요일,충청북도 충주시 호암동,부상신고사고,0,0,0,1,차량단독 - 공작물충돌,안전운전불이행,건조,맑음,단일로 - 기타,승용,남,30세,부상신고,,,,
2018021000100118,2018년 2월 10일 06시,토요일,충청북도 옥천군 옥천읍,경상사고,0,0,3,0,차대차 - 측면충돌,교차로운행방법위반,건조,맑음,교차로 - 교차로안,승용,여,44세,경상,화물,남,55세,상해없음
2018021000100129,2018년 2월 10일 07시,토요일,충청북도 청주시 서원구 장암동,경상사고,0,0,1,0,차대차 - 추돌,안전운전불이행,건조,맑음,교차로 - 교차로부근,화물,남,57세,상해없음,이륜,남,65세,경상
2018021000100150,2018년 2월 10일 08시,토요일,충청북도 옥천군 동이면,중상사고,0,1,0,0,차대차 - 측면충돌,안전운전불이행,건조,맑음,기타 - 기타,승용,남,58세,상해없음,승용,여,58세,중상
2018021000100168,2018년 2월 10일 09시,토요일,충청북도 충주시 연수동,부상신고사고,0,0,0,1,차대차 - 기타,안전운전불이행,건조,맑음,교차로 - 교차로부근,승용,남,38세,부상신고,승용,남,22세,상해없음
2018021000100169,2018년 2월 10일 09시,토요일,충청북도 청주시 흥덕구 상신동,중상사고,0,3,1,1,차대차 - 추돌,안전운전불이행,건조,맑음,교차로 - 교차로부근,승합,남,59세,부상신고,건설기계,남,47세,경상
2018021000100200,2018년 2월 10일 10시,토요일,충청북도 단양군 단양읍,사망사고,1,1,0,0,차대차 - 추돌,안전운전불이행,건조,맑음,단일로 - 기타,승용,남,56세,사망,특수,남,45세,상해없음
2018021000100201,2018년 2월 10일 10시,토요일,충청북도 청주시 흥덕구 복대동,중상사고,0,1,1,0,차대차 - 측면충돌,신호위반,건조,맑음,교차로 - 교차로안,승용,남,51세,상해없음,승용,남,62세,중상
2018021000100227,2018년 2월 10일 11시,토요일,충청북도 보은군 삼승면,중상사고,0,2,0,0,차대차 - 측면충돌,교차로운행방법위반,건조,맑음,교차로 - 교차로안,화물,남,63세,상해없음,승용,남,77세,중상
2018021000100228,2018년 2월 10일 11시,토요일,충청북도 청주시 흥덕구 봉명동,경상사고,0,0,1,0,차대차 - 기타,안전운전불이행,건조,맑음,교차로 - 교차로부근,승용,남,25세,상해없음,화물,남,56세,상해없음
2018021000100254,2018년 2월 10일 12시,토요일,충청북도 청주시 청원구 율량동,경상사고,0,0,1,0,차대차 - 후진중충돌,안전운전불이행,건조,맑음,교차로 - 교차로부근,화물,남,61세,상해없음,승용,남,25세,경상
2018021000100255,2018년 2월 10일 12시,토요일,충청북도 청주시 청원구 율량동,경상사고,0,0,1,0,차대차 - 기타,안전운전불이행,건조,맑음,단일로 - 기타,승용,남,30세,상해없음,승용,남,32세,경상
2018021000100304,2018년 2월 10일 14시,토요일,충청북도 청주시 청원구 북이면,경상사고,0,0,1,0,차대차 - 기타,안전거리미확보,건조,맑음,교차로 - 교차로부근,화물,남,50세,상해없음,화물,남,61세,경상
2018021000100339,2018년 2월 10일 15시,토요일,충청북도 보은군 보은읍,경상사고,0,0,1,0,차대차 - 측면충돌,안전운전불이행,건조,맑음,교차로 - 교차로부근,자전거,남,83세,경상,승용,여,32세,상해없음
2018021000100389,2018년 2월 10일 17시,토요일,충청북도 청주시 상당구 북문로3가동,경상사고,0,0,2,0,차대차 - 기타,안전운전불이행,건조,맑음,교차로 - 교차로안,승용,여,28세,상해없음,승용,남,27세,경상
2018021000100390,2018년 2월 10일 17시,토요일,충청북도 충주시 성내동,경상사고,0,0,1,0,차대사람 - 기타,안전운전불이행,건조,맑음,단일로 - 기타,승용,남,74세,상해없음,보행자,여,62세,경상
2018021000100391,2018년 2월 10일 17시,토요일,충청북도 청주시 흥덕구 지동동,경상사고,0,0,2,0,차대차 - 추돌,안전운전불이행,건조,맑음,단일로 - 기타,화물,남,49세,상해없음,승용,남,54세,경상
2018021000100392,2018년 2월 10일 17시,토요일,충청북도 청주시 흥덕구 옥산면,경상사고,0,0,1,0,차대차 - 기타,안전운전불이행,건조,맑음,교차로 - 교차로안,승용,여,56세,상해없음,화물,남,49세,경상
2018021000100417,2018년 2월 10일 18시,토요일,충청북도 청주시 청원구 내덕동,경상사고,0,0,1,0,차대차 - 기타,신호위반,건조,맑음,교차로 - 교차로안,승용,남,58세,상해없음,승용,남,31세,경상
2018021000100418,2018년 2월 10일 18시,토요일,충청북도 충주시 연수동,경상사고,0,0,1,0,차대차 - 기타,신호위반,건조,맑음,교차로 - 교차로안,승용,남,54세,상해없음,승용,여,37세,경상
2018021000100419,2018년 2월 10일 18시,토요일,충청북도 제천시 봉양읍,경상사고,0,0,2,0,차대차 - 측면충돌,직진우회전진행방해,건조,흐림,교차로 - 교차로안,승용,남,27세,상해없음,승용,남,59세,경상
2018021000100420,2018년 2월 10일 18시,토요일,충청북도 제천시 청전동,경상사고,0,0,1,1,차대차 - 추돌,안전거리미확보,건조,흐림,교차로 - 교차로부근,승용,남,59세,상해없음,승용,남,25세,부상신고
2018021000100515,2018년 2월 10일 21시,토요일,충청북도 청주시 상당구 수동,경상사고,0,0,1,0,차대차 - 측면충돌,안전운전불이행,건조,맑음,단일로 - 기타,승용,남,27세,상해없음,승용,여,32세,경상
2018021000100560,2018년 2월 10일 23시,토요일,충청북도 청주시 흥덕구 오송읍,사망사고,1,0,4,0,차대차 - 정면충돌,중앙선침범,건조,맑음,단일로 - 지하차도(도로)내,승용,남,54세,사망,승합,남,58세,경상
2018021100100010,2018년 2월 11일 00시,일요일,충청북도 음성군 맹동면,중상사고,0,1,1,0,차량단독 - 공작물충돌,안전운전불이행,건조,맑음,단일로 - 기타,승용,여,36세,경상,,,,
2018021100100044,2018년 2월 11일 02시,일요일,충청북도 충주시 성서동,중상사고,0,1,1,0,차대차 - 기타,안전운전불이행,건조,맑음,교차로 - 교차로부근,승용,남,30세,상해없음,승용,남,51세,중상
2018021100100068,2018년 2월 11일 04시,일요일,충청북도 청주시 흥덕구 가경동,경상사고,0,0,2,0,차대차 - 측면충돌,교차로운행방법위반,건조,맑음,교차로 - 교차로안,승용,여,54세,상해없음,승용,남,50세,경상
2018021100100140,2018년 2월 11일 10시,일요일,충청북도 진천군 진천읍,경상사고,0,0,1,1,차대차 - 추돌,안전운전불이행,건조,맑음,교차로 - 교차로부근,승용,여,65세,상해없음,승합,남,60세,상해없음
2018021100100164,2018년 2월 11일 11시,일요일,충청북도 청주시 흥덕구 가경동,경상사고,0,0,2,0,차대차 - 기타,안전운전불이행,건조,맑음,교차로 - 교차로부근,승용,남,45세,상해없음,승용,남,62세,경상
2018021100100181,2018년 2월 11일 12시,일요일,충청북도 옥천군 옥천읍,경상사고,0,0,1,0,차대차 - 측면충돌,안전운전불이행,건조,맑음,단일로 - 기타,승용,남,83세,상해없음,승용,여,56세,경상
2018021100100182,2018년 2월 11일 12시,일요일,충청북도 청주시 서원구 현도면,경상사고,0,0,1,0,차대차 - 정면충돌,교차로운행방법위반,건조,맑음,교차로 - 교차로부근,화물,남,30세,상해없음,이륜,남,67세,경상
2018021100100206,2018년 2월 11일 13시,일요일,충청북도 음성군 대소면,중상사고,0,1,3,0,차대차 - 측면충돌,교차로운행방법위반,건조,맑음,교차로 - 교차로안,승용,남,25세,경상,승용,남,57세,경상
2018021100100207,2018년 2월 11일 13시,일요일,충청북도 음성군 음성읍,중상사고,0,1,0,0,차대차 - 기타,기타,건조,맑음,단일로 - 기타,승용,남,33세,상해없음,자전거,남,72세,중상
2018021100100208,2018년 2월 11일 13시,일요일,충청북도 진천군 진천읍,경상사고,0,0,1,0,차대차 - 기타,안전운전불이행,건조,맑음,기타 - 기타,화물,남,49세,상해없음,승용,여,35세,경상
2018021100100209,2018년 2월 11일 13시,일요일,충청북도 청주시 상당구 서운동,경상사고,0,0,1,0,차대사람 - 길가장자리구역통행중,안전운전불이행,서리/결빙,흐림,단일로 - 기타,승용,남,36세,상해없음,보행자,남,80세,경상
2018021100100249,2018년 2월 11일 15시,일요일,충청북도 청주시 흥덕구 복대동,경상사고,0,0,1,0,차대차 - 측면충돌,안전운전불이행,건조,맑음,교차로 - 교차로부근,이륜,남,25세,경상,승용,남,37세,상해없음
2018021100100328,2018년 2월 11일 18시,일요일,충청북도 충주시 소태면,경상사고,0,0,2,0,차대차 - 측면충돌,안전운전불이행,젖음/습기,눈,단일로 - 기타,화물,남,60세,상해없음,화물,남,67세,경상
2018021100100365,2018년 2월 11일 19시,일요일,충청북도 충주시 소태면,중상사고,0,2,1,0,차대차 - 기타,안전운전불이행,젖음/습기,눈,단일로 - 기타,승용,남,42세,상해없음,승용,남,24세,상해없음
2018021100100392,2018년 2월 11일 20시,일요일,충청북도 음성군 금왕읍,경상사고,0,0,1,0,차량단독 - 기타,안전운전불이행,적설,맑음,단일로 - 기타,화물,남,51세,경상,,,,
2018021100100393,2018년 2월 11일 20시,일요일,충청북도 청주시 흥덕구 봉명동,부상신고사고,0,0,0,1,차대차 - 기타,교차로운행방법위반,적설,눈,교차로 - 교차로부근,승용,여,31세,부상신고,승용,남,28세,기타불명
2018021100100418,2018년 2월 11일 21시,일요일,충청북도 충주시 소태면,경상사고,0,0,3,0,차대차 - 추돌,안전운전불이행,적설,눈,단일로 - 기타,승용,여,48세,상해없음,승합,남,48세,경상
2018021100100419,2018년 2월 11일 21시,일요일,충청북도 청주시 흥덕구 강서동,경상사고,0,0,2,0,차대차 - 기타,신호위반,적설,눈,교차로 - 교차로안,승용,여,54세,상해없음,승용,남,39세,경상
2018021100100450,2018년 2월 11일 22시,일요일,충청북도 청주시 서원구 성화동,경상사고,0,0,1,0,차대차 - 기타,차로위반,젖음/습기,눈,교차로 - 교차로부근,승용,남,52세,기타불명,승용,여,21세,경상
2018021100100470,2018년 2월 11일 23시,일요일,충청북도 제천시 화산동,중상사고,0,1,0,0,차대차 - 기타,직진우회전진행방해,적설,눈,교차로 - 교차로안,승용,남,38세,상해없음,이륜,남,18세,중상
2018021100100471,2018년 2월 11일 23시,일요일,충청북도 진천군 덕산면,경상사고,0,0,1,0,차대차 - 추돌,안전운전불이행,적설,눈,단일로 - 기타,승용,남,32세,상해없음,승용,남,53세,경상
2018021200100025,2018년 2월 12일 02시,월요일,충청북도 청주시 청원구 내덕동,경상사고,0,0,1,0,차량단독 - 기타,안전운전불이행,서리/결빙,눈,교차로 - 교차로부근,승용,남,36세,상해없음,,,,
2018021200100038,2018년 2월 12일 03시,월요일,충청북도 청주시 상당구 방서동,중상사고,0,1,0,0,차량단독 - 공작물충돌,안전운전불이행,서리/결빙,눈,단일로 - 지하차도(도로)내,승용,남,42세,상해없음,,,,
2018021200100059,2018년 2월 12일 06시,월요일,충청북도 단양군 매포읍,경상사고,0,0,1,0,차량단독 - 공작물충돌,안전운전불이행,건조,맑음,단일로 - 터널,특수,남,62세,경상,,,,
2018021200100060,2018년 2월 12일 06시,월요일,충청북도 청주시 흥덕구 가경동,경상사고,0,0,1,0,차대차 - 추돌,안전운전불이행,건조,맑음,교차로 - 교차로부근,화물,남,63세,상해없음,승용,남,43세,경상
2018021200100111,2018년 2월 12일 08시,월요일,충청북도 청주시 청원구 우암동,중상사고,0,1,0,0,차대차 - 기타,신호위반,건조,맑음,교차로 - 교차로안,화물,여,39세,상해없음,원동기,여,67세,중상
2018021200100112,2018년 2월 12일 08시,월요일,충청북도 청주시 청원구 오창읍,경상사고,0,0,1,0,차대차 - 기타,안전운전불이행,적설,눈,단일로 - 지하차도(도로)내,승용,남,59세,상해없음,승용,남,42세,경상
2018021200100113,2018년 2월 12일 08시,월요일,충청북도 제천시 명동,경상사고,0,0,1,0,차대차 - 측면충돌,직진우회전진행방해,건조,맑음,교차로 - 교차로안,승용,남,65세,경상,승용,남,67세,상해없음
2018021200100114,2018년 2월 12일 08시,월요일,충청북도 제천시 봉양읍,중상사고,0,1,6,1,차대차 - 추돌,안전운전불이행,젖음/습기,흐림,교차로 - 교차로부근,승합,남,61세,경상,승합,남,54세,경상
2018021200100115,2018년 2월 12일 08시,월요일,충청북도 청주시 흥덕구 지동동,경상사고,0,0,1,0,차대차 - 기타,차로위반,건조,맑음,교차로 - 교차로부근,화물,남,37세,상해없음,승용,남,62세,경상
2018021200100116,2018년 2월 12일 08시,월요일,충청북도 청주시 상당구 영운동,경상사고,0,0,3,0,차대차 - 측면충돌,안전운전불이행,서리/결빙,흐림,단일로 - 지하차도(도로)내,화물,남,53세,상해없음,승합,남,53세,경상
2018021200100168,2018년 2월 12일 09시,월요일,충청북도 청주시 흥덕구 신성동,경상사고,0,0,1,0,차대차 - 측면충돌,교차로운행방법위반,건조,맑음,단일로 - 기타,승합,남,63세,상해없음,화물,남,49세,경상
2018021200100207,2018년 2월 12일 10시,월요일,충청북도 제천시 청전동,경상사고,0,0,1,0,차대차 - 추돌,직진우회전진행방해,건조,맑음,교차로 - 교차로안,승용,남,83세,상해없음,승용,남,37세,상해없음
2018021200100208,2018년 2월 12일 10시,월요일,충청북도 영동군 학산면,중상사고,0,2,0,0,차대차 - 추돌,안전운전불이행,건조,맑음,교차로 - 교차로안,승용,남,29세,상해없음,화물,남,74세,중상
2018021200100209,2018년 2월 12일 10시,월요일,충청북도 영동군 상촌면,경상사고,0,0,2,0,차대차 - 정면충돌,중앙선침범,건조,맑음,교차로 - 교차로부근,승용,여,50세,상해없음,승용,남,58세,경상
2018021200100210,2018년 2월 12일 10시,월요일,충청북도 괴산군 장연면,중상사고,0,4,2,0,차대차 - 측면충돌,안전운전불이행,건조,맑음,교차로 - 교차로안,승용,여,25세,경상,승용,남,50세,경상
2018021200100238,2018년 2월 12일 11시,월요일,충청북도 진천군 진천읍,경상사고,0,0,1,0,차대차 - 기타,안전운전불이행,건조,맑음,단일로 - 기타,화물,남,40세,상해없음,화물,남,67세,경상
2018021200100239,2018년 2월 12일 11시,월요일,충청북도 진천군 진천읍,중상사고,0,1,0,0,차대차 - 정면충돌,직진우회전진행방해,건조,맑음,교차로 - 교차로부근,승용,남,64세,상해없음,원동기,남,19세,중상
2018021200100270,2018년 2월 12일 12시,월요일,충청북도 청주시 청원구 오창읍,경상사고,0,0,3,0,차대차 - 측면충돌,안전운전불이행,건조,맑음,단일로 - 기타,화물,남,27세,상해없음,화물,남,42세,경상
2018021200100271,2018년 2월 12일 12시,월요일,충청북도 충주시 지현동,중상사고,0,1,0,0,차대차 - 측면충돌,안전운전불이행,건조,맑음,단일로 - 기타,승용,여,44세,상해없음,원동기,남,85세,중상
2018021200100310,2018년 2월 12일 13시,월요일,충청북도 제천시 송학면,중상사고,0,1,0,0,차대차 - 추돌,안전운전불이행,건조,맑음,단일로 - 기타,승용,남,37세,상해없음,승용,남,58세,상해없음
2018021200100311,2018년 2월 12일 13시,월요일,충청북도 제천시 송학면,경상사고,0,0,5,0,차대차 - 추돌,안전운전불이행,젖음/습기,흐림,단일로 - 지하차도(도로)내,승용,남,73세,경상,승용,남,72세,경상
2018021200100312,2018년 2월 12일 13시,월요일,충청북도 단양군 매포읍,경상사고,0,0,2,0,차대차 - 추돌,안전거리미확보,건조,맑음,단일로 - 기타,승합,남,74세,상해없음,화물,남,64세,경상
2018021200100357,2018년 2월 12일 14시,월요일,충청북도 제천시 봉양읍,경상사고,0,0,1,0,차대차 - 측면충돌,중앙선침범,젖음/습기,맑음,단일로 - 기타,승용,남,60세,상해없음,승용,남,59세,경상
2018021200100396,2018년 2월 12일 15시,월요일,충청북도 청주시 청원구 주성동,경상사고,0,0,2,0,차대차 - 기타,교차로운행방법위반,젖음/습기,눈,교차로 - 교차로안,승용,남,47세,경상,승용,여,43세,경상
2018021200100397,2018년 2월 12일 15시,월요일,충청북도 청주시 청원구 우암동,중상사고,0,1,1,0,차대차 - 측면충돌,안전거리미확보,젖음/습기,눈,단일로 - 기타,승용,남,31세,상해없음,승용,남,68세,경상
2018021200100398,2018년 2월 12일 15시,월요일,충청북도 충주시 앙성면,경상사고,0,0,1,0,차대차 - 기타,안전거리미확보,건조,맑음,단일로 - 기타,특수,남,67세,상해없음,승용,여,35세,경상
2018021200100446,2018년 2월 12일 16시,월요일,충청북도 청주시 흥덕구 가경동,경상사고,0,0,1,0,차대사람 - 기타,보행자보호의무위반,젖음/습기,흐림,교차로 - 교차로횡단보도내,승용,여,42세,상해없음,보행자,여,16세,경상
2018021200100487,2018년 2월 12일 17시,월요일,충청북도 충주시 문화동,중상사고,0,1,0,0,차대사람 - 기타,안전운전불이행,건조,맑음,교차로 - 교차로부근,승용,여,51세,상해없음,보행자,남,54세,중상
2018021200100488,2018년 2월 12일 17시,월요일,충청북도 청주시 상당구 대성동,경상사고,0,0,1,0,차대사람 - 길가장자리구역통행중,안전운전불이행,건조,흐림,단일로 - 지하차도(도로)내,승용,남,63세,상해없음,보행자,남,40세,경상
2018021200100549,2018년 2월 12일 18시,월요일,충청북도 제천시 신월동,중상사고,0,2,0,0,차대차 - 측면충돌,안전운전불이행,건조,맑음,단일로 - 기타,승용,남,31세,상해없음,승용,남,45세,중상
2018021200100550,2018년 2월 12일 18시,월요일,충청북도 음성군 삼성면,경상사고,0,0,1,0,차대차 - 측면충돌,중앙선침범,건조,맑음,교차로 - 교차로부근,승용,남,35세,상해없음,승용,여,55세,경상
2018021200100607,2018년 2월 12일 19시,월요일,충청북도 청주시 청원구 오창읍,경상사고,0,0,1,0,차대차 - 후진중충돌,안전운전불이행,건조,맑음,교차로 - 교차로안,승용,남,25세,상해없음,승합,남,32세,경상
2018021200100608,2018년 2월 12일 19시,월요일,충청북도 진천군 진천읍,경상사고,0,0,1,0,차대차 - 기타,안전거리미확보,건조,맑음,교차로 - 교차로부근,승용,남,55세,상해없음,승용,여,44세,경상
2018021200100609,2018년 2월 12일 19시,월요일,충청북도 청주시 흥덕구 가경동,경상사고,0,0,1,0,차대차 - 기타,안전운전불이행,건조,맑음,교차로 - 교차로부근,승용,남,58세,상해없음,승용,남,41세,경상
2018021200100655,2018년 2월 12일 20시,월요일,충청북도 제천시 청전동,중상사고,0,1,0,0,차대사람 - 보도통행중,안전운전불이행,건조,맑음,교차로 - 교차로횡단보도내,승용,남,62세,상해없음,보행자,여,67세,중상
2018021200100698,2018년 2월 12일 21시,월요일,충청북도 청주시 청원구 북이면,경상사고,0,0,1,0,차량단독 - 기타,안전운전불이행,적설,눈,교차로 - 교차로부근,승용,남,46세,상해없음,,,,
2018021200100699,2018년 2월 12일 21시,월요일,충청북도 음성군 삼성면,중상사고,0,1,0,0,차대차 - 후진중충돌,안전운전불이행,건조,맑음,교차로 - 교차로부근,승용,여,72세,중상,화물,남,58세,상해없음
2018021200100750,2018년 2월 12일 23시,월요일,충청북도 옥천군 안내면,경상사고,0,0,1,0,차량단독 - 도로외이탈 - 추락,안전운전불이행,적설,맑음,단일로 - 기타,승용,남,61세,경상,,,,
2018021200100751,2018년 2월 12일 23시,월요일,충청북도 청주시 상당구 영운동,경상사고,0,0,1,0,차대차 - 측면충돌,안전운전불이행,건조,맑음,교차로 - 교차로부근,승용,남,41세,경상,승용,남,66세,상해없음
2018021200100752,2018년 2월 12일 23시,월요일,충청북도 청주시 상당구 명암동,중상사고,0,1,0,1,차량단독 - 공작물충돌,안전운전불이행,적설,눈,단일로 - 지하차도(도로)내,승용,남,51세,부상신고,,,,
2018021300100013,2018년 2월 13일 00시,화요일,충청북도 충주시 연수동,경상사고,0,0,2,0,차대차 - 후진중충돌,안전운전불이행,건조,흐림,기타 - 기타,승용,남,42세,상해없음,승용,남,51세,경상
2018021300100014,2018년 2월 13일 00시,화요일,충청북도 충주시 호암동,경상사고,0,0,1,0,차대차 - 정면충돌,신호위반,건조,맑음,교차로 - 교차로안,승용,남,68세,상해없음,승용,남,39세,경상
2018021300100015,2018년 2월 13일 00시,화요일,충청북도 괴산군 장연면,사망사고,1,2,0,0,차대차 - 추돌,안전운전불이행,젖음/습기,눈,단일로 - 기타,특수,남,50세,상해없음,화물,남,43세,중상
2018021300100085,2018년 2월 13일 05시,화요일,충청북도 청주시 흥덕구 강서동,사망사고,1,0,0,0,차대사람 - 횡단중,안전운전불이행,건조,맑음,교차로 - 교차로횡단보도내,화물,남,56세,상해없음,보행자,남,53세,사망
2018021300100153,2018년 2월 13일 08시,화요일,충청북도 청주시 청원구 오창읍,경상사고,0,0,1,0,차대차 - 측면충돌,안전운전불이행,적설,맑음,단일로 - 기타,승용,여,25세,상해없음,승용,남,60세,경상
2018021300100154,2018년 2월 13일 08시,화요일,충청북도 청주시 상당구 낭성면,경상사고,0,0,1,0,차대차 - 측면충돌,안전운전불이행,서리/결빙,눈,교차로 - 교차로안,승용,남,29세,상해없음,승용,남,47세,경상
2018021300100245,2018년 2월 13일 10시,화요일,충청북도 청주시 청원구 오창읍,경상사고,0,0,1,0,차대차 - 측면충돌,안전운전불이행,적설,맑음,단일로 - 기타,승용,남,30세,상해없음,화물,남,36세,경상
2018021300100300,2018년 2월 13일 11시,화요일,충청북도 청주시 청원구 오창읍,중상사고,0,1,1,0,차대차 - 추돌,안전운전불이행,젖음/습기,흐림,단일로 - 기타,화물,남,50세,상해없음,승용,여,62세,경상
2018021300100301,2018년 2월 13일 11시,화요일,충청북도 음성군 음성읍,경상사고,0,0,2,0,차대차 - 추돌,안전거리미확보,건조,맑음,교차로 - 교차로부근,승용,남,68세,상해없음,승용,여,48세,경상
2018021300100331,2018년 2월 13일 12시,화요일,충청북도 충주시 연수동,중상사고,0,1,1,0,차대차 - 측면충돌,안전운전불이행,건조,맑음,단일로 - 기타,승용,여,51세,상해없음,승용,여,60세,중상
2018021300100332,2018년 2월 13일 12시,화요일,충청북도 음성군 금왕읍,경상사고,0,0,1,0,차대차 - 측면충돌,안전운전불이행,건조,맑음,교차로 - 교차로부근,승용,남,58세,상해없음,승용,남,44세,경상
2018021300100356,2018년 2월 13일 13시,화요일,충청북도 청주시 청원구 우암동,경상사고,0,0,2,0,차대차 - 추돌,안전운전불이행,건조,맑음,교차로 - 교차로부근,화물,남,61세,상해없음,승용,여,52세,경상
2018021300100399,2018년 2월 13일 14시,화요일,충청북도 충주시 엄정면,경상사고,0,0,1,0,차대차 - 후진중충돌,안전운전불이행,건조,맑음,단일로 - 기타,화물,남,59세,상해없음,승용,여,55세,경상
2018021300100445,2018년 2월 13일 15시,화요일,충청북도 제천시 강제동,중상사고,0,1,1,0,차대차 - 측면충돌,신호위반,건조,맑음,교차로 - 교차로안,승용,남,50세,상해없음,승용,남,18세,경상
2018021300100497,2018년 2월 13일 16시,화요일,충청북도 충주시 호암동,경상사고,0,0,1,0,차대차 - 기타,과속,건조,맑음,단일로 - 기타,승용,남,30세,상해없음,승용,여,53세,경상
2018021300100498,2018년 2월 13일 16시,화요일,충청북도 증평군 도안면,경상사고,0,0,1,0,차대차 - 측면충돌,안전거리미확보,건조,맑음,교차로 - 교차로부근,자전거,남,84세,경상,승용,남,49세,상해없음
2018021300100499,2018년 2월 13일 16시,화요일,충청북도 단양군 매포읍,경상사고,0,0,2,0,차대차 - 추돌,안전거리미확보,건조,맑음,단일로 - 기타,특수,남,49세,상해없음,승용,남,47세,경상
2018021300100500,2018년 2월 13일 16시,화요일,충청북도 청주시 서원구 개신동,경상사고,0,0,2,0,차대차 - 측면충돌,교차로운행방법위반,건조,맑음,교차로 - 교차로안,승용,여,45세,상해없음,승용,남,32세,경상
2018021300100553,2018년 2월 13일 17시,화요일,충청북도 청주시 흥덕구 오송읍,경상사고,0,0,1,0,차대차 - 측면충돌,안전운전불이행,건조,맑음,교차로 - 교차로부근,승용,남,68세,상해없음,승용,여,48세,경상
2018021300100554,2018년 2월 13일 17시,화요일,충청북도 청주시 서원구 수곡동,중상사고,0,1,0,0,차대차 - 측면충돌,신호위반,건조,맑음,교차로 - 교차로안,승용,남,68세,상해없음,자전거,남,90세 이상,중상
2018021300100669,2018년 2월 13일 19시,화요일,충청북도 괴산군 소수면,중상사고,0,4,0,0,차대차 - 정면충돌,중앙선침범,건조,흐림,단일로 - 기타,화물,남,58세,중상,승용,남,72세,중상
2018021300100670,2018년 2월 13일 19시,화요일,충청북도 청주시 서원구 수곡동,경상사고,0,0,2,0,차대차 - 기타,안전운전불이행,건조,맑음,단일로 - 기타,특수,남,60세,경상,승합,남,53세,상해없음