사고번호,사고일시,요일,시군구,사고내용,사망자수,중상자수,경상자수,부상신고자수,사고유형,법규위반,노면상태,기상상태,도로형태,가해운전자 차종,가해운전자 성별,가해운전자 연령,가해운전자 상해정도,피해운전자 차종,피해운전자 성별,피해운전자 연령,피해운전자 상해정도
2018021300100748,2018년 2월 13일 21시,화요일,충청북도 청주시 흥덕구 복대동,사망사고,1,0,0,0,차대사람 - 횡단중,안전운전불이행,건조,맑음,단일로 - 기타,승용,여,57세,기타불명,보행자,남,75세,사망
2018021300100781,2018년 2월 13일 22시,화요일,충청북도 충주시 연수동,경상사고,0,0,2,0,차대차 - 기타,안전운전불이행,건조,맑음,교차로 - 교차로부근,승용,남,26세,상해없음,화물,남,24세,경상
2018021300100807,2018년 2월 13일 23시,화요일,충청북도 청주시 청원구 내덕동,경상사고,0,0,1,0,차대사람 - 기타,신호위반,건조,맑음,교차로 - 교차로안,승용,남,59세,상해없음,보행자,남,23세,경상
2018021400100024,2018년 2월 14일 00시,수요일,충청북도 충주시 연수동,경상사고,0,0,2,0,차대차 - 기타,안전운전불이행,건조,맑음,교차로 - 교차로안,승용,남,40세,상해없음,승용,남,53세,경상
2018021400100113,2018년 2월 14일 06시,수요일,충청북도 증평군 증평읍,중상사고,0,1,0,0,차대사람 - 기타,신호위반,건조,맑음,교차로 - 교차로안,승합,남,52세,상해없음,보행자,여,70세,중상
2018021400100114,2018년 2월 14일 06시,수요일,충청북도 청주시 흥덕구 외북동,경상사고,0,0,1,0,차대사람 - 횡단중,안전운전불이행,건조,맑음,단일로 - 기타,이륜,남,39세,상해없음,보행자,여,49세,경상
2018021400100158,2018년 2월 14일 08시,수요일,충청북도 음성군 금왕읍,경상사고,0,0,1,0,차대차 - 측면충돌,교차로운행방법위반,건조,맑음,교차로 - 교차로안,화물,남,60세,상해없음,화물,남,43세,경상
2018021400100184,2018년 2월 14일 09시,수요일,충청북도 제천시 중앙로2가,경상사고,0,0,3,0,차대차 - 측면충돌,신호위반,건조,맑음,교차로 - 교차로안,승용,남,59세,경상,승용,남,46세,경상
2018021400100185,2018년 2월 14일 09시,수요일,충청북도 청주시 흥덕구 휴암동,중상사고,0,2,1,0,차대차 - 측면충돌,신호위반,건조,맑음,교차로 - 교차로안,승용,남,73세,중상,화물,남,64세,중상
2018021400100186,2018년 2월 14일 09시,수요일,충청북도 청주시 상당구 석교동,중상사고,0,1,0,0,차대사람 - 기타,안전운전불이행,건조,맑음,단일로 - 지하차도(도로)내,이륜,남,40세,상해없음,보행자,여,74세,중상
2018021400100213,2018년 2월 14일 10시,수요일,충청북도 충주시 문화동,경상사고,0,0,1,0,차대차 - 기타,신호위반,건조,맑음,교차로 - 교차로안,승용,여,54세,상해없음,승용,남,74세,상해없음
2018021400100214,2018년 2월 14일 10시,수요일,충청북도 영동군 영동읍,중상사고,0,1,0,0,차대사람 - 보도통행중,안전운전불이행,건조,맑음,단일로 - 기타,승용,남,60세,상해없음,보행자,여,62세,상해없음
2018021400100215,2018년 2월 14일 10시,수요일,충청북도 청주시 흥덕구 오송읍,중상사고,0,1,0,0,차대차 - 추돌,안전운전불이행,건조,맑음,단일로 - 지하차도(도로)내,화물,남,27세,상해없음,화물,남,59세,중상
2018021400100216,2018년 2월 14일 10시,수요일,충청북도 청주시 상당구 남주동,중상사고,0,1,0,0,차대사람 - 기타,안전운전불이행,건조,맑음,단일로 - 기타,승용,여,58세,상해없음,보행자,남,90세 이상,중상
2018021400100257,2018년 2월 14일 11시,수요일,충청북도 단양군 매포읍,중상사고,0,1,0,0,차대사람 - 기타,안전운전불이행,건조,맑음,단일로 - 기타,승용,남,45세,상해없음,보행자,여,62세,중상
2018021400100258,2018년 2월 14일 11시,수요일,충청북도 진천군 진천읍,경상사고,0,0,1,0,차대차 - 기타,중앙선침범,건조,맑음,단일로 - 기타,승용,남,38세,상해없음,승용,남,54세,경상
2018021400100259,2018년 2월 14일 11시,수요일,충청북도 청주시 흥덕구 향정동,경상사고,0,0,1,0,차대차 - 추돌,안전운전불이행,건조,맑음,교차로 - 교차로부근,승용,남,53세,상해없음,승용,여,62세,경상
2018021400100291,2018년 2월 14일 12시,수요일,충청북도 증평군 증평읍,중상사고,0,1,0,0,차대차 - 측면충돌,신호위반,건조,흐림,교차로 - 교차로안,승용,남,55세,상해없음,승용,여,66세,중상
2018021400100292,2018년 2월 14일 12시,수요일,충청북도 진천군 이월면,중상사고,0,1,2,0,차대차 - 기타,안전운전불이행,건조,맑음,교차로 - 교차로부근,특수,남,47세,상해없음,화물,남,59세,경상
2018021400100340,2018년 2월 14일 14시,수요일,충청북도 충주시 교현동,경상사고,0,0,1,0,차대사람 - 차도통행중,안전운전불이행,건조,맑음,단일로 - 기타,승용,남,60세,상해없음,보행자,여,25세,경상
2018021400100341,2018년 2월 14일 14시,수요일,충청북도 단양군 단양읍,중상사고,0,1,0,0,차대사람 - 기타,안전운전불이행,건조,맑음,단일로 - 기타,승용,여,70세,상해없음,보행자,여,48세,중상
2018021400100342,2018년 2월 14일 14시,수요일,충청북도 청주시 흥덕구 지동동,경상사고,0,0,2,0,차대차 - 기타,안전운전불이행,건조,맑음,단일로 - 기타,승합,여,58세,경상,화물,남,25세,경상
2018021400100384,2018년 2월 14일 15시,수요일,충청북도 청주시 서원구 사직동,경상사고,0,0,1,0,차대차 - 추돌,안전운전불이행,건조,맑음,단일로 - 기타,승용,남,58세,상해없음,승용,여,29세,경상
2018021400100430,2018년 2월 14일 16시,수요일,충청북도 청주시 서원구 성화동,경상사고,0,0,2,0,차대차 - 기타,차로위반,건조,맑음,교차로 - 교차로부근,승용,남,55세,상해없음,승용,남,46세,경상
2018021400100431,2018년 2월 14일 16시,수요일,충청북도 청주시 서원구 수곡동,중상사고,0,3,2,0,차대차 - 측면충돌,안전운전불이행,건조,맑음,교차로 - 교차로안,승용,남,59세,경상,승용,남,36세,중상
2018021400100472,2018년 2월 14일 17시,수요일,충청북도 음성군 대소면,경상사고,0,0,2,0,차대차 - 기타,차로위반,건조,맑음,교차로 - 교차로부근,승용,남,38세,상해없음,승용,남,52세,경상
2018021400100473,2018년 2월 14일 17시,수요일,충청북도 청주시 흥덕구 가경동,경상사고,0,0,1,0,차대차 - 기타,안전운전불이행,건조,맑음,교차로 - 교차로안,승용,남,51세,상해없음,승용,남,34세,경상
2018021400100512,2018년 2월 14일 18시,수요일,충청북도 충주시 교현동,경상사고,0,0,3,0,차대차 - 추돌,안전운전불이행,건조,맑음,교차로 - 교차로부근,승용,남,49세,상해없음,승용,남,36세,경상
2018021400100513,2018년 2월 14일 18시,수요일,충청북도 제천시 화산동,중상사고,0,1,1,0,차대차 - 정면충돌,신호위반,건조,맑음,교차로 - 교차로안,화물,남,78세,상해없음,승용,여,48세,경상
2018021400100566,2018년 2월 14일 19시,수요일,충청북도 제천시 장락동,경상사고,0,0,1,0,차대차 - 측면충돌,안전운전불이행,건조,맑음,단일로 - 지하차도(도로)내,승용,남,32세,상해없음,원동기,남,19세,경상
2018021400100567,2018년 2월 14일 19시,수요일,충청북도 괴산군 소수면,경상사고,0,0,2,1,차대차 - 정면충돌,중앙선침범,건조,맑음,단일로 - 기타,승용,남,40세,부상신고,승용,남,45세,경상
2018021400100568,2018년 2월 14일 19시,수요일,충청북도 청주시 흥덕구 가경동,경상사고,0,0,2,0,차대차 - 추돌,안전운전불이행,건조,맑음,단일로 - 지하차도(도로)내,승용,여,49세,상해없음,승용,남,42세,경상
2018021400100569,2018년 2월 14일 19시,수요일,충청북도 청주시 상당구 용암동,경상사고,0,0,1,0,차대차 - 측면충돌,중앙선침범,건조,맑음,단일로 - 지하차도(도로)내,승용,남,56세,상해없음,이륜,남,48세,경상
2018021400100624,2018년 2월 14일 20시,수요일,충청북도 음성군 음성읍,중상사고,0,1,1,0,차대차 - 추돌,안전운전불이행,건조,맑음,단일로 - 기타,승용,여,59세,경상,승용,여,52세,중상
2018021400100658,2018년 2월 14일 21시,수요일,충청북도 청주시 서원구 사창동,경상사고,0,0,1,0,차대차 - 기타,안전운전불이행,건조,맑음,교차로 - 교차로안,승용,남,52세,상해없음,승용,남,31세,경상
2018021400100659,2018년 2월 14일 21시,수요일,충청북도 청주시 흥덕구 가경동,중상사고,0,2,0,0,차대사람 - 기타,보행자보호의무위반,건조,맑음,단일로 - 기타,승용,남,24세,상해없음,보행자,남,48세,중상
2018021400100699,2018년 2월 14일 22시,수요일,충청북도 청주시 청원구 우암동,경상사고,0,0,2,0,차대차 - 측면충돌,교차로운행방법위반,건조,맑음,교차로 - 교차로안,승용,남,66세,경상,승용,남,56세,상해없음
2018021400100700,2018년 2월 14일 22시,수요일,충청북도 청주시 청원구 정하동,사망사고,1,0,0,0,차대사람 - 기타,안전운전불이행,건조,맑음,단일로 - 기타,화물,남,48세,상해없음,보행자,남,55세,사망
2018021400100701,2018년 2월 14일 22시,수요일,충청북도 청주시 서원구 사창동,중상사고,0,1,1,0,차대차 - 측면충돌,신호위반,건조,맑음,단일로 - 기타,승용,여,36세,경상,승용,남,63세,중상
2018021400100702,2018년 2월 14일 22시,수요일,충청북도 충주시 산척면,사망사고,1,0,0,0,차대사람 - 기타,안전운전불이행,건조,맑음,단일로 - 기타,승용,여,41세,상해없음,보행자,여,60세,사망
2018021400100703,2018년 2월 14일 22시,수요일,충청북도 청주시 서원구 현도면,사망사고,1,0,0,0,차량단독 - 기타,안전운전불이행,젖음/습기,맑음,기타 - 기타,승용,남,27세,사망,,,,
2018021400100734,2018년 2월 14일 23시,수요일,충청북도 청주시 흥덕구 외북동,경상사고,0,0,1,0,차량단독 - 공작물충돌,안전운전불이행,건조,맑음,단일로 - 기타,승용,남,29세,경상,,,,
2018021400100735,2018년 2월 14일 23시,수요일,충청북도 청주시 흥덕구 가경동,중상사고,0,1,0,0,차대차 - 측면충돌,안전운전불이행,건조,맑음,교차로 - 교차로안,승용,남,59세,상해없음,이륜,남,54세,중상
2018021500100032,2018년 2월 15일 01시,목요일,충청북도 청주시 청원구 우암동,중상사고,0,1,0,0,차대차 - 기타,안전거리미확보,건조,기타,단일로 - 기타,승용,남,45세,상해없음,이륜,남,35세,중상
2018021500100033,2018년 2월 15일 01시,목요일,충청북도 청주시 흥덕구 신봉동,경상사고,0,0,4,0,차대차 - 추돌,안전운전불이행,건조,맑음,단일로 - 기타,승용,남,59세,상해없음,승용,남,57세,경상
2018021500100034,2018년 2월 15일 01시,목요일,충청북도 청주시 흥덕구 신봉동,경상사고,0,0,3,0,차대차 - 기타,안전운전불이행,건조,맑음,교차로 - 교차로안,승용,남,23세,상해없음,승용,남,56세,경상
2018021500100056,2018년 2월 15일 02시,목요일,충청북도 충주시 연수동,중상사고,0,1,0,0,차대사람 - 기타,안전운전불이행,건조,맑음,단일로 - 기타,승용,남,39세,상해없음,보행자,남,25세,중상
2018021500100057,2018년 2월 15일 02시,목요일,충청북도 괴산군 소수면,사망사고,2,0,0,0,차대차 - 정면충돌,중앙선침범,건조,맑음,단일로 - 기타,승용,남,57세,사망,화물,남,52세,상해없음
2018021500100088,2018년 2월 15일 04시,목요일,충청북도 청주시 흥덕구 송정동,중상사고,0,1,0,0,차대차 - 측면충돌,교차로운행방법위반,건조,맑음,교차로 - 교차로안,특수,남,57세,상해없음,승용,남,26세,중상
2018021500100105,2018년 2월 15일 05시,목요일,충청북도 음성군 금왕읍,사망사고,1,0,0,0,차대사람 - 기타,안전운전불이행,건조,맑음,단일로 - 기타,화물,남,60세,상해없음,보행자,남,46세,사망
2018021500100141,2018년 2월 15일 09시,목요일,충청북도 청주시 흥덕구 복대동,경상사고,0,0,3,0,차대차 - 추돌,안전거리미확보,건조,맑음,교차로 - 교차로부근,승용,남,25세,상해없음,승용,남,72세,경상
2018021500100157,2018년 2월 15일 10시,목요일,충청북도 진천군 초평면,경상사고,0,0,3,0,차대차 - 추돌,안전거리미확보,건조,맑음,단일로 - 기타,화물,남,60세,상해없음,승용,남,41세,경상
2018021500100186,2018년 2월 15일 11시,목요일,충청북도 청주시 청원구 율량동,경상사고,0,0,5,0,차대차 - 기타,안전거리미확보,건조,맑음,단일로 - 기타,승용,남,73세,상해없음,승용,남,51세,경상
2018021500100187,2018년 2월 15일 11시,목요일,충청북도 괴산군 괴산읍,경상사고,0,0,4,1,차대차 - 추돌,안전거리미확보,건조,맑음,교차로 - 교차로부근,승용,남,57세,상해없음,승용,남,46세,경상
2018021500100188,2018년 2월 15일 11시,목요일,충청북도 단양군 대강면,경상사고,0,0,1,0,차대차 - 추돌,안전운전불이행,건조,맑음,단일로 - 기타,승합,남,59세,상해없음,승용,남,51세,상해없음
2018021500100211,2018년 2월 15일 12시,목요일,충청북도 충주시 칠금동,경상사고,0,0,1,0,차대차 - 추돌,안전운전불이행,건조,맑음,교차로 - 교차로부근,승용,남,47세,상해없음,승용,여,25세,경상
2018021500100212,2018년 2월 15일 12시,목요일,충청북도 청주시 서원구 남이면,중상사고,0,1,1,0,차대차 - 측면충돌,안전운전불이행,건조,맑음,교차로 - 교차로부근,화물,남,45세,상해없음,승용,남,26세,경상
2018021500100259,2018년 2월 15일 14시,목요일,충청북도 제천시 청전동,경상사고,0,0,1,0,차대차 - 측면충돌,안전운전불이행,건조,맑음,기타 - 기타,승용,여,58세,상해없음,승용,남,69세,상해없음
2018021500100292,2018년 2월 15일 16시,목요일,충청북도 충주시 산척면,경상사고,0,0,1,0,차대차 - 측면충돌,안전운전불이행,건조,맑음,단일로 - 기타,승용,여,58세,상해없음,승용,여,45세,경상
2018021500100293,2018년 2월 15일 16시,목요일,충청북도 진천군 진천읍,경상사고,0,0,2,0,차대차 - 기타,안전운전불이행,건조,맑음,단일로 - 기타,승용,여,60세,경상,이륜,남,29세,경상
2018021500100306,2018년 2월 15일 17시,목요일,충청북도 음성군 음성읍,중상사고,0,1,0,0,차대사람 - 보도통행중,안전운전불이행,건조,맑음,교차로 - 교차로안,승용,여,42세,상해없음,보행자,남,63세,중상
2018021500100307,2018년 2월 15일 17시,목요일,충청북도 진천군 광혜원면,경상사고,0,0,1,0,차대차 - 측면충돌,직진우회전진행방해,건조,맑음,교차로 - 교차로안,이륜,남,18세,기타불명,화물,남,49세,상해없음
2018021500100330,2018년 2월 15일 18시,목요일,충청북도 청주시 흥덕구 향정동,경상사고,0,0,2,0,차대차 - 추돌,안전운전불이행,건조,맑음,교차로 - 교차로부근,승용,남,40세,상해없음,승용,남,56세,경상
2018021500100331,2018년 2월 15일 18시,목요일,충청북도 청주시 흥덕구 봉명동,경상사고,0,0,1,0,차대사람 - 기타,안전운전불이행,건조,맑음,교차로 - 교차로안,승용,여,46세,상해없음,보행자,남,72세,경상
2018021500100346,2018년 2월 15일 19시,목요일,충청북도 충주시 목행동,경상사고,0,0,3,0,차대차 - 측면충돌,안전운전불이행,건조,맑음,교차로 - 교차로부근,승용,여,19세,상해없음,승용,남,41세,경상
2018021500100347,2018년 2월 15일 19시,목요일,충청북도 제천시 하소동,경상사고,0,0,1,0,차대차 - 측면충돌,안전운전불이행,건조,맑음,교차로 - 교차로부근,승용,남,23세,상해없음,승용,남,39세,상해없음
2018021500100348,2018년 2월 15일 19시,목요일,충청북도 옥천군 군북면,경상사고,0,0,2,0,차대차 - 추돌,안전운전불이행,건조,맑음,교차로 - 교차로부근,화물,남,49세,상해없음,승용,여,33세,경상
2018021500100369,2018년 2월 15일 20시,목요일,충청북도 제천시 중앙로1가,중상사고,0,1,0,0,차대차 - 정면충돌,안전운전불이행,건조,맑음,교차로 - 교차로부근,화물,남,49세,상해없음,이륜,남,25세,중상
2018021500100370,2018년 2월 15일 20시,목요일,충청북도 청주시 흥덕구 가경동,중상사고,0,1,0,0,차대사람 - 기타,안전운전불이행,건조,맑음,단일로 - 기타,승용,여,51세,상해없음,보행자,여,57세,중상
2018021500100393,2018년 2월 15일 21시,목요일,충청북도 청주시 청원구 내덕동,경상사고,0,0,1,0,차대차 - 기타,안전운전불이행,건조,맑음,교차로 - 교차로부근,승용,남,60세,상해없음,이륜,남,47세,경상
2018021500100419,2018년 2월 15일 22시,목요일,충청북도 진천군 진천읍,경상사고,0,0,1,0,차대차 - 추돌,안전운전불이행,건조,기타,교차로 - 교차로부근,승용,남,52세,상해없음,승용,남,45세,상해없음
2018021600100052,2018년 2월 16일 08시,금요일,충청북도 청주시 청원구 북이면,경상사고,0,0,1,0,차대차 - 추돌,안전운전불이행,건조,맑음,단일로 - 기타,승용,여,49세,상해없음,승용,남,31세,경상
2018021600100115,2018년 2월 16일 12시,금요일,충청북도 청주시 흥덕구 복대동,경상사고,0,0,4,0,차대차 - 측면충돌,안전운전불이행,건조,맑음,교차로 - 교차로안,화물,남,54세,상해없음,승용,여,41세,경상
2018021600100116,2018년 2월 16일 12시,금요일,충청북도 청주시 상당구 용암동,경상사고,0,0,1,0,차대차 - 측면충돌,안전운전불이행,건조,맑음,단일로 - 지하차도(도로)내,승용,여,57세,상해없음,이륜,남,18세,경상
2018021600100139,2018년 2월 16일 13시,금요일,충청북도 청주시 청원구 율량동,경상사고,0,0,11,0,차대차 - 기타,안전운전불이행,건조,맑음,단일로 - 기타,승용,남,21세,상해없음,승용,여,45세,경상
2018021600100140,2018년 2월 16일 13시,금요일,충청북도 괴산군 사리면,경상사고,0,0,12,0,차대차 - 측면충돌,중앙선침범,건조,흐림,단일로 - 기타,승용,여,27세,경상,승용,남,45세,경상
2018021600100141,2018년 2월 16일 13시,금요일,충청북도 진천군 문백면,경상사고,0,0,2,0,차대차 - 기타,직진우회전진행방해,건조,맑음,교차로 - 교차로안,승용,남,37세,상해없음,승용,남,57세,경상
2018021600100165,2018년 2월 16일 14시,금요일,충청북도 음성군 원남면,중상사고,0,1,6,0,차대차 - 측면충돌,신호위반,건조,맑음,교차로 - 교차로안,승용,남,50세,경상,승용,남,49세,경상
2018021600100166,2018년 2월 16일 14시,금요일,충청북도 청주시 서원구 남이면,경상사고,0,0,4,0,차대차 - 측면충돌,안전운전불이행,건조,맑음,교차로 - 교차로안,승용,여,37세,경상,승용,여,42세,경상
2018021600100181,2018년 2월 16일 15시,금요일,충청북도 진천군 문백면,경상사고,0,0,15,0,차대차 - 기타,안전운전불이행,건조,맑음,단일로 - 기타,화물,남,50세,상해없음,승용,남,45세,경상
2018021600100182,2018년 2월 16일 15시,금요일,충청북도 청주시 상당구 미원면,경상사고,0,0,1,1,차대차 - 정면충돌,중앙선침범,건조,맑음,교차로 - 교차로부근,승용,남,47세,부상신고,화물,남,53세,경상
2018021600100231,2018년 2월 16일 17시,금요일,충청북도 청주시 흥덕구 비하동,경상사고,0,0,3,0,차대차 - 추돌,안전운전불이행,건조,맑음,교차로 - 교차로부근,승용,여,27세,상해없음,승용,남,42세,경상
2018021600100250,2018년 2월 16일 18시,금요일,충청북도 청주시 상당구 용담동,경상사고,0,0,1,0,차대차 - 정면충돌,중앙선침범,건조,맑음,단일로 - 지하차도(도로)내,승용,남,25세,경상,승용,남,27세,상해없음
2018021600100288,2018년 2월 16일 20시,금요일,충청북도 청주시 청원구 내덕동,경상사고,0,0,2,0,차대차 - 기타,안전거리미확보,건조,맑음,교차로 - 교차로부근,승용,여,53세,기타불명,승용,남,38세,경상
2018021600100319,2018년 2월 16일 22시,금요일,충청북도 청주시 흥덕구 가경동,사망사고,1,2,3,0,차대차 - 기타,신호위반,건조,맑음,교차로 - 교차로안,승용,남,23세,사망,승용,남,63세,경상
2018021700100018,2018년 2월 17일 01시,토요일,충청북도 청주시 상당구 용암동,부상신고사고,0,0,0,1,차대차 - 추돌,안전운전불이행,건조,맑음,교차로 - 교차로부근,승합,남,46세,부상신고,승합,남,22세,상해없음
2018021700100070,2018년 2월 17일 07시,토요일,충청북도 괴산군 칠성면,경상사고,0,0,2,0,차대차 - 정면충돌,중앙선침범,건조,맑음,단일로 - 기타,승용,남,75세,경상,화물,남,60세,상해없음
2018021700100082,2018년 2월 17일 09시,토요일,충청북도 청주시 흥덕구 옥산면,경상사고,0,0,2,0,차대차 - 기타,안전거리미확보,건조,맑음,단일로 - 기타,승용,여,26세,상해없음,승용,남,38세,경상
2018021700100097,2018년 2월 17일 10시,토요일,충청북도 청주시 서원구 남이면,경상사고,0,0,5,0,차대차 - 추돌,안전운전불이행,건조,맑음,단일로 - 기타,승용,남,42세,상해없음,승용,남,43세,경상
2018021700100139,2018년 2월 17일 13시,토요일,충청북도 청주시 청원구 내덕동,경상사고,0,0,2,0,차대차 - 기타,교차로운행방법위반,건조,맑음,교차로 - 교차로안,승용,남,24세,경상,승용,남,57세,경상
2018021700100140,2018년 2월 17일 13시,토요일,충청북도 제천시 강제동,경상사고,0,0,4,0,차대차 - 측면충돌,안전거리미확보,건조,맑음,단일로 - 기타,승용,여,54세,경상,승용,남,39세,경상
2018021700100159,2018년 2월 17일 14시,토요일,충청북도 청주시 상당구 북문로1가동,경상사고,0,0,1,0,차대사람 - 횡단중,보행자보호의무위반,건조,맑음,교차로 - 교차로횡단보도내,승용,여,44세,상해없음,보행자,여,21세,경상
2018021700100178,2018년 2월 17일 15시,토요일,충청북도 충주시 살미면,경상사고,0,0,4,0,차대차 - 기타,안전거리미확보,건조,맑음,단일로 - 기타,승용,남,67세,경상,승용,남,64세,경상
2018021700100202,2018년 2월 17일 16시,토요일,충청북도 청주시 상당구 남일면,경상사고,0,0,2,0,차대차 - 추돌,안전운전불이행,건조,맑음,단일로 - 지하차도(도로)내,승용,남,60세,상해없음,승용,남,31세,경상
2018021700100225,2018년 2월 17일 17시,토요일,충청북도 청주시 청원구 우암동,경상사고,0,0,2,0,차대차 - 기타,안전운전불이행,건조,맑음,교차로 - 교차로안,승용,남,31세,상해없음,승용,남,29세,경상
2018021700100226,2018년 2월 17일 17시,토요일,충청북도 청주시 흥덕구 복대동,경상사고,0,0,3,0,차대차 - 추돌,교차로운행방법위반,건조,맑음,단일로 - 기타,승용,남,62세,기타불명,승용,남,56세,경상
2018021700100227,2018년 2월 17일 17시,토요일,충청북도 청주시 상당구 서문동,중상사고,0,1,0,0,차대사람 - 기타,안전운전불이행,건조,맑음,주차장 - 주차장,승용,남,53세,상해없음,보행자,남,51세,중상
2018021700100336,2018년 2월 17일 21시,토요일,충청북도 청주시 청원구 내수읍,경상사고,0,0,3,0,차대차 - 추돌,안전운전불이행,건조,맑음,교차로 - 교차로부근,승용,여,39세,상해없음,승용,남,23세,경상
2018021700100337,2018년 2월 17일 21시,토요일,충청북도 진천군 진천읍,경상사고,0,0,1,0,차대차 - 기타,중앙선침범,건조,맑음,교차로 - 교차로부근,승용,남,51세,상해없음,승용,남,54세,경상
2018021800100037,2018년 2월 18일 02시,일요일,충청북도 충주시 교현동,중상사고,0,1,1,0,차대차 - 측면충돌,직진우회전진행방해,건조,맑음,교차로 - 교차로안,이륜,남,24세,중상,승용,남,35세,상해없음
2018021800100085,2018년 2월 18일 07시,일요일,충청북도 제천시 중앙로1가,경상사고,0,0,1,0,차대차 - 기타,중앙선침범,건조,맑음,단일로 - 기타,승용,남,27세,상해없음,승용,남,27세,경상
2018021800100108,2018년 2월 18일 10시,일요일,충청북도 증평군 증평읍,중상사고,0,1,0,0,차대차 - 측면충돌,안전거리미확보,건조,흐림,교차로 - 교차로부근,화물,남,69세,상해없음,이륜,남,77세,중상
2018021800100189,2018년 2월 18일 15시,일요일,충청북도 충주시 성내동,경상사고,0,0,3,0,차대차 - 기타,직진우회전진행방해,건조,맑음,교차로 - 교차로안,승용,남,33세,상해없음,이륜,남,16세,경상
2018021800100190,2018년 2월 18일 15시,일요일,충청북도 충주시 연수동,경상사고,0,0,1,0,차대차 - 기타,직진우회전진행방해,건조,맑음,교차로 - 교차로안,이륜,남,17세,경상,승합,여,56세,상해없음
2018021800100191,2018년 2월 18일 15시,일요일,충청북도 제천시 중앙로2가,중상사고,0,1,6,0,차대차 - 측면충돌,안전운전불이행,건조,맑음,교차로 - 교차로부근,화물,남,67세,상해없음,승용,남,47세,경상
2018021800100192,2018년 2월 18일 15시,일요일,충청북도 진천군 문백면,경상사고,0,0,2,0,차대차 - 기타,안전운전불이행,건조,맑음,단일로 - 기타,화물,남,28세,상해없음,승용,남,67세,경상
2018021800100210,2018년 2월 18일 16시,일요일,충청북도 청주시 흥덕구 가경동,경상사고,0,0,1,0,차대차 - 추돌,안전거리미확보,건조,맑음,교차로 - 교차로안,승용,여,38세,상해없음,승용,여,27세,경상
2018021800100240,2018년 2월 18일 18시,일요일,충청북도 청주시 흥덕구 외북동,경상사고,0,0,1,0,차량단독 - 공작물충돌,안전운전불이행,건조,맑음,단일로 - 기타,승용,남,54세,상해없음,,,,
2018021800100258,2018년 2월 18일 19시,일요일,충청북도 충주시 연수동,경상사고,0,0,3,0,차대차 - 후진중충돌,안전운전불이행,건조,맑음,단일로 - 기타,승용,남,54세,상해없음,승용,여,25세,경상
2018021800100259,2018년 2월 18일 19시,일요일,충청북도 음성군 맹동면,경상사고,0,0,2,0,차량단독 - 기타,안전운전불이행,건조,맑음,교차로 - 교차로부근,승용,남,20세,상해없음,,,,
2018021800100260,2018년 2월 18일 19시,일요일,충청북도 청주시 흥덕구 외북동,중상사고,0,1,1,0,차량단독 - 기타,안전운전불이행,건조,맑음,단일로 - 기타,승용,남,33세,경상,,,,
2018021800100287,2018년 2월 18일 20시,일요일,충청북도 청주시 청원구 율량동,중상사고,0,1,5,0,차대차 - 기타,신호위반,건조,맑음,교차로 - 교차로안,승용,여,26세,경상,승용,남,34세,경상
2018021800100288,2018년 2월 18일 20시,일요일,충청북도 제천시 송학면,사망사고,2,0,0,0,차량단독 - 공작물충돌,안전운전불이행,건조,맑음,단일로 - 기타,승용,남,61세,사망,,,,
2018021800100289,2018년 2월 18일 20시,일요일,충청북도 청주시 흥덕구 복대동,중상사고,0,1,0,0,차대차 - 측면충돌,안전운전불이행,건조,맑음,교차로 - 교차로안,승합,남,51세,상해없음,이륜,남,32세,중상
2018021800100327,2018년 2월 18일 22시,일요일,충청북도 청주시 청원구 오창읍,경상사고,0,0,1,0,차대사람 - 기타,안전운전불이행,건조,맑음,단일로 - 기타,승용,남,48세,상해없음,보행자,여,45세,경상
2018021800100329,2018년 2월 18일 22시,일요일,충청북도 청주시 서원구 남이면,경상사고,0,0,1,0,차대차 - 추돌,안전운전불이행,건조,맑음,단일로 - 기타,승용,남,49세,상해없음,승용,남,43세,경상
2018021800100338,2018년 2월 18일 23시,일요일,충청북도 충주시 목행동,사망사고,1,0,0,0,차량단독 - 공작물충돌,안전운전불이행,건조,맑음,단일로 - 교량,화물,여,51세,사망,,,,
2018021900100052,2018년 2월 19일 06시,월요일,충청북도 음성군 대소면,경상사고,0,0,1,0,차대차 - 측면충돌,신호위반,건조,맑음,교차로 - 교차로안,승용,남,54세,상해없음,승용,여,53세,경상
2018021900100104,2018년 2월 19일 09시,월요일,충청북도 청주시 상당구 용암동,중상사고,0,1,0,0,차대사람 - 횡단중,안전운전불이행,건조,맑음,단일로 - 지하차도(도로)내,승용,남,43세,상해없음,보행자,여,61세,중상
2018021900100175,2018년 2월 19일 12시,월요일,충청북도 청주시 흥덕구 가경동,경상사고,0,0,2,0,차대차 - 기타,안전운전불이행,건조,맑음,단일로 - 기타,승용,남,25세,상해없음,승용,남,37세,기타불명
2018021900100198,2018년 2월 19일 13시,월요일,충청북도 제천시 모산동,경상사고,0,0,1,0,차대차 - 추돌,안전거리미확보,건조,맑음,교차로 - 교차로부근,화물,남,61세,상해없음,이륜,남,83세,상해없음