사고번호,사고일시,요일,시군구,사고내용,사망자수,중상자수,경상자수,부상신고자수,사고유형,법규위반,노면상태,기상상태,도로형태,가해운전자 차종,가해운전자 성별,가해운전자 연령,가해운전자 상해정도,피해운전자 차종,피해운전자 성별,피해운전자 연령,피해운전자 상해정도
2018021900100199,2018년 2월 19일 13시,월요일,충청북도 영동군 황간면,중상사고,0,1,0,0,차대차 - 추돌,안전운전불이행,건조,맑음,단일로 - 기타,승합,남,38세,상해없음,승용,남,79세,중상
2018021900100216,2018년 2월 19일 14시,월요일,충청북도 청주시 상당구 영동,경상사고,0,0,1,0,차대차 - 기타,안전운전불이행,건조,맑음,단일로 - 기타,승용,남,58세,상해없음,화물,남,68세,경상
2018021900100251,2018년 2월 19일 15시,월요일,충청북도 제천시 중앙로2가,경상사고,0,0,1,0,차대차 - 추돌,안전운전불이행,건조,맑음,단일로 - 기타,승용,남,68세,상해없음,화물,남,25세,경상
2018021900100302,2018년 2월 19일 17시,월요일,충청북도 단양군 영춘면,중상사고,0,1,0,0,차량단독 - 도로외이탈 - 기타,안전운전불이행,건조,맑음,단일로 - 기타,승합,남,68세,중상,,,,
2018021900100303,2018년 2월 19일 17시,월요일,충청북도 청주시 상당구 금천동,경상사고,0,0,1,0,차대사람 - 길가장자리구역통행중,안전운전불이행,건조,맑음,단일로 - 지하차도(도로)내,승용,남,65세,상해없음,보행자,여,36세,경상
2018021900100348,2018년 2월 19일 18시,월요일,충청북도 청주시 청원구 오창읍,중상사고,0,1,0,0,차대차 - 기타,중앙선침범,건조,맑음,교차로 - 교차로안,승용,남,57세,상해없음,화물,남,45세,중상
2018021900100349,2018년 2월 19일 18시,월요일,충청북도 청주시 서원구 사직동,중상사고,0,1,0,0,차대차 - 기타,안전운전불이행,건조,맑음,교차로 - 교차로부근,승용,여,38세,상해없음,승용,여,52세,중상
2018021900100350,2018년 2월 19일 18시,월요일,충청북도 청주시 흥덕구 송정동,중상사고,0,1,1,0,차대차 - 측면충돌,교차로운행방법위반,건조,맑음,교차로 - 교차로안,화물,남,27세,경상,승용,여,34세,중상
2018021900100351,2018년 2월 19일 18시,월요일,충청북도 청주시 서원구 수곡동,중상사고,0,1,0,0,차대사람 - 횡단중,안전운전불이행,건조,맑음,단일로 - 지하차도(도로)내,이륜,남,27세,상해없음,보행자,여,53세,중상
2018021900100425,2018년 2월 19일 20시,월요일,충청북도 청주시 청원구 오창읍,중상사고,0,1,0,0,차대차 - 기타,직진우회전진행방해,건조,맑음,교차로 - 교차로안,이륜,남,43세,중상,승용,남,40세,상해없음
2018021900100426,2018년 2월 19일 20시,월요일,충청북도 충주시 충의동,부상신고사고,0,0,0,1,차대사람 - 횡단중,안전운전불이행,건조,맑음,기타 - 기타,승용,남,41세,기타불명,보행자,여,56세,부상신고
2018021900100455,2018년 2월 19일 21시,월요일,충청북도 제천시 장락동,경상사고,0,0,1,0,차대차 - 정면충돌,안전운전불이행,건조,맑음,교차로 - 교차로부근,화물,남,48세,상해없음,이륜,남,21세,경상
2018022000100055,2018년 2월 20일 04시,화요일,충청북도 청주시 흥덕구 비하동,중상사고,0,1,0,0,차대차 - 추돌,안전운전불이행,건조,맑음,교차로 - 교차로부근,승용,남,41세,상해없음,승용,여,47세,중상
2018022000100080,2018년 2월 20일 06시,화요일,충청북도 청주시 청원구 우암동,경상사고,0,0,2,0,차대차 - 기타,신호위반,건조,맑음,기타 - 기타,승용,남,33세,상해없음,승용,남,42세,경상
2018022000100081,2018년 2월 20일 06시,화요일,충청북도 청주시 흥덕구 복대동,경상사고,0,0,1,0,차대차 - 측면충돌,안전운전불이행,건조,맑음,단일로 - 기타,승용,여,36세,상해없음,자전거,남,54세,경상
2018022000100105,2018년 2월 20일 07시,화요일,충청북도 충주시 금가면,경상사고,0,0,1,0,차대차 - 기타,안전거리미확보,건조,맑음,단일로 - 기타,화물,남,63세,상해없음,화물,남,50세,경상
2018022000100106,2018년 2월 20일 07시,화요일,충청북도 청주시 흥덕구 가경동,중상사고,0,1,1,0,차대차 - 기타,교차로운행방법위반,건조,맑음,교차로 - 교차로안,승용,여,30세,상해없음,승용,여,42세,중상
2018022000100129,2018년 2월 20일 08시,화요일,충청북도 충주시 용산동,경상사고,0,0,2,0,차대차 - 기타,직진우회전진행방해,건조,맑음,교차로 - 교차로안,승용,여,42세,경상,승용,여,56세,경상
2018022000100150,2018년 2월 20일 09시,화요일,충청북도 충주시 산척면,경상사고,0,0,1,1,차대차 - 기타,안전운전불이행,건조,맑음,단일로 - 기타,승용,남,41세,부상신고,화물,남,56세,경상
2018022000100151,2018년 2월 20일 09시,화요일,충청북도 진천군 진천읍,중상사고,0,1,0,0,차대차 - 기타,안전운전불이행,건조,맑음,단일로 - 기타,화물,남,74세,상해없음,승용,남,37세,중상
2018022000100152,2018년 2월 20일 09시,화요일,충청북도 청주시 흥덕구 복대동,경상사고,0,0,1,0,차대차 - 측면충돌,안전운전불이행,건조,맑음,단일로 - 기타,승용,여,35세,상해없음,승용,여,36세,경상
2018022000100176,2018년 2월 20일 10시,화요일,충청북도 충주시 앙성면,경상사고,0,0,1,1,차대차 - 기타,중앙선침범,건조,맑음,단일로 - 기타,승용,여,33세,부상신고,화물,남,61세,경상
2018022000100203,2018년 2월 20일 11시,화요일,충청북도 제천시 봉양읍,경상사고,0,0,1,0,차대차 - 측면충돌,중앙선침범,건조,맑음,기타 - 기타,승용,남,55세,상해없음,승용,남,67세,경상
2018022000100204,2018년 2월 20일 11시,화요일,충청북도 청주시 흥덕구 복대동,중상사고,0,1,0,0,차대차 - 기타,중앙선침범,건조,맑음,교차로 - 교차로부근,승용,남,28세,상해없음,승합,남,39세,상해없음
2018022000100230,2018년 2월 20일 12시,화요일,충청북도 청주시 상당구 석교동,경상사고,0,0,1,0,차대차 - 기타,안전운전불이행,건조,맑음,단일로 - 기타,승용,남,30세,상해없음,승합,남,34세,상해없음
2018022000100255,2018년 2월 20일 13시,화요일,충청북도 괴산군 사리면,사망사고,1,2,0,0,차대차 - 추돌,차로위반,건조,맑음,단일로 - 교량,화물,남,65세,상해없음,승용,여,70세,사망
2018022000100282,2018년 2월 20일 14시,화요일,충청북도 괴산군 청천면,경상사고,0,0,2,0,차대차 - 정면충돌,중앙선침범,건조,맑음,단일로 - 기타,화물,남,47세,상해없음,승용,남,62세,경상
2018022000100283,2018년 2월 20일 14시,화요일,충청북도 음성군 삼성면,경상사고,0,0,1,0,차대차 - 측면충돌,신호위반,건조,맑음,교차로 - 교차로안,화물,남,67세,상해없음,화물,남,69세,경상
2018022000100284,2018년 2월 20일 14시,화요일,충청북도 청주시 흥덕구 오송읍,경상사고,0,0,4,0,차대차 - 측면충돌,직진우회전진행방해,건조,맑음,교차로 - 교차로안,승용,남,60세,경상,승용,남,24세,경상
2018022000100310,2018년 2월 20일 15시,화요일,충청북도 증평군 증평읍,중상사고,0,1,0,0,차대차 - 측면충돌,안전거리미확보,건조,흐림,교차로 - 교차로부근,승용,여,37세,상해없음,승용,여,57세,중상
2018022000100311,2018년 2월 20일 15시,화요일,충청북도 음성군 금왕읍,경상사고,0,0,1,0,차대차 - 측면충돌,교차로운행방법위반,건조,맑음,교차로 - 교차로안,승용,여,60세,상해없음,이륜,남,72세,경상
2018022000100339,2018년 2월 20일 16시,화요일,충청북도 청주시 청원구 오창읍,경상사고,0,0,1,0,차대차 - 측면충돌,신호위반,건조,맑음,교차로 - 교차로안,승용,여,56세,상해없음,승용,남,33세,경상
2018022000100359,2018년 2월 20일 17시,화요일,충청북도 충주시 안림동,경상사고,0,0,1,0,차대차 - 기타,안전거리미확보,건조,흐림,단일로 - 기타,승용,남,63세,상해없음,승용,여,52세,경상
2018022000100415,2018년 2월 20일 19시,화요일,충청북도 청주시 흥덕구 강내면,부상신고사고,0,0,0,1,차량단독 - 전도전복 - 전도,안전운전불이행,건조,맑음,단일로 - 기타,이륜,남,17세,부상신고,미분류,미분류,미분류,미분류
2018022000100436,2018년 2월 20일 20시,화요일,충청북도 충주시 호암동,경상사고,0,0,1,0,차대사람 - 차도통행중,안전운전불이행,건조,흐림,교차로 - 교차로안,승용,여,37세,상해없음,보행자,남,21세,경상
2018022000100437,2018년 2월 20일 20시,화요일,충청북도 청주시 흥덕구 송정동,경상사고,0,0,2,0,차대차 - 기타,교차로운행방법위반,건조,맑음,교차로 - 교차로안,승용,여,24세,경상,승용,남,49세,상해없음
2018022000100461,2018년 2월 20일 21시,화요일,충청북도 음성군 음성읍,경상사고,0,0,3,0,차대차 - 측면충돌,안전운전불이행,건조,맑음,교차로 - 교차로부근,화물,남,66세,상해없음,승용,여,38세,경상
2018022000100462,2018년 2월 20일 21시,화요일,충청북도 청주시 서원구 개신동,경상사고,0,0,1,0,차대사람 - 횡단중,보행자보호의무위반,건조,맑음,교차로 - 교차로부근,승용,남,57세,상해없음,보행자,여,63세,경상
2018022000100490,2018년 2월 20일 23시,화요일,충청북도 청주시 흥덕구 송절동,경상사고,0,0,2,0,차대차 - 기타,신호위반,건조,맑음,교차로 - 교차로안,승용,남,24세,상해없음,승용,여,49세,경상
2018022100100007,2018년 2월 21일 00시,수요일,충청북도 음성군 음성읍,사망사고,1,0,0,0,차량단독 - 전도전복 - 전도,안전운전불이행,건조,맑음,교차로 - 교차로부근,승합,남,61세,사망,미분류,미분류,미분류,미분류
2018022100100027,2018년 2월 21일 03시,수요일,충청북도 괴산군 괴산읍,경상사고,0,0,1,0,차대차 - 추돌,안전운전불이행,건조,맑음,단일로 - 기타,승용,남,25세,경상,승용,남,48세,상해없음
2018022100100039,2018년 2월 21일 05시,수요일,충청북도 청주시 청원구 오창읍,경상사고,0,0,1,0,차대차 - 추돌,안전거리미확보,건조,맑음,교차로 - 교차로부근,승용,남,61세,경상,화물,남,46세,상해없음
2018022100100040,2018년 2월 21일 05시,수요일,충청북도 진천군 덕산면,경상사고,0,0,1,0,차대차 - 기타,안전운전불이행,건조,기타,단일로 - 기타,승용,여,47세,상해없음,승용,남,55세,경상
2018022100100052,2018년 2월 21일 06시,수요일,충청북도 충주시 충인동,경상사고,0,0,1,0,차대사람 - 기타,안전운전불이행,건조,맑음,교차로 - 교차로안,승용,남,67세,상해없음,보행자,여,73세,경상
2018022100100053,2018년 2월 21일 06시,수요일,충청북도 청주시 흥덕구 복대동,경상사고,0,0,1,0,차대차 - 기타,안전운전불이행,건조,맑음,단일로 - 기타,승용,남,27세,상해없음,승용,여,53세,경상
2018022100100065,2018년 2월 21일 07시,수요일,충청북도 청주시 서원구 수곡동,중상사고,0,2,0,0,차대차 - 정면충돌,중앙선침범,건조,맑음,단일로 - 지하차도(도로)내,승용,여,28세,중상,승합,남,68세,중상
2018022100100134,2018년 2월 21일 10시,수요일,충청북도 제천시 봉양읍,중상사고,0,1,2,0,차대차 - 추돌,안전운전불이행,건조,맑음,교차로 - 교차로부근,화물,남,58세,경상,승용,남,27세,경상
2018022100100179,2018년 2월 21일 12시,수요일,충청북도 충주시 연수동,중상사고,0,1,0,1,차대차 - 측면충돌,안전운전불이행,건조,맑음,단일로 - 기타,승용,남,60세,부상신고,승용,여,35세,중상
2018022100100253,2018년 2월 21일 15시,수요일,충청북도 청주시 서원구 사창동,경상사고,0,0,1,0,차대차 - 후진중충돌,안전운전불이행,건조,맑음,단일로 - 기타,승용,여,48세,상해없음,원동기,남,30세,경상
2018022100100254,2018년 2월 21일 15시,수요일,충청북도 청주시 흥덕구 복대동,경상사고,0,0,2,0,차대차 - 추돌,안전운전불이행,건조,맑음,단일로 - 기타,승용,남,46세,상해없음,승용,여,38세,경상
2018022100100255,2018년 2월 21일 15시,수요일,충청북도 청주시 상당구 석교동,경상사고,0,0,1,0,차대사람 - 기타,안전운전불이행,건조,맑음,단일로 - 지하차도(도로)내,승용,여,41세,상해없음,보행자,남,49세,경상
2018022100100286,2018년 2월 21일 16시,수요일,충청북도 청주시 서원구 수곡동,경상사고,0,0,1,0,차대차 - 측면충돌,안전운전불이행,건조,맑음,단일로 - 지하차도(도로)내,승용,남,34세,상해없음,이륜,남,17세,경상
2018022100100413,2018년 2월 21일 20시,수요일,충청북도 청주시 청원구 율량동,경상사고,0,0,1,0,차대사람 - 기타,보행자보호의무위반,건조,맑음,교차로 - 교차로횡단보도내,승용,남,25세,상해없음,보행자,남,50세,경상
2018022100100414,2018년 2월 21일 20시,수요일,충청북도 제천시 중앙로2가,경상사고,0,0,1,0,차대차 - 측면충돌,안전거리미확보,건조,흐림,단일로 - 기타,승용,남,23세,상해없음,이륜,남,18세,경상
2018022100100415,2018년 2월 21일 20시,수요일,충청북도 음성군 금왕읍,중상사고,0,2,2,0,차대차 - 측면충돌,중앙선침범,건조,맑음,교차로 - 교차로부근,화물,남,30세,상해없음,승용,여,56세,중상
2018022100100453,2018년 2월 21일 22시,수요일,충청북도 청주시 청원구 오창읍,경상사고,0,0,3,0,차대차 - 기타,안전운전불이행,건조,맑음,단일로 - 기타,승용,남,52세,상해없음,승용,여,34세,경상
2018022100100479,2018년 2월 21일 23시,수요일,충청북도 제천시 장락동,경상사고,0,0,1,0,차대차 - 측면충돌,안전운전불이행,건조,맑음,기타 - 기타,승합,남,41세,경상,승용,남,55세,상해없음
2018022100100480,2018년 2월 21일 23시,수요일,충청북도 청주시 흥덕구 복대동,경상사고,0,0,1,0,차대차 - 추돌,안전운전불이행,건조,맑음,단일로 - 기타,승용,남,30세,상해없음,승용,남,56세,경상
2018022200100012,2018년 2월 22일 00시,목요일,충청북도 음성군 대소면,경상사고,0,0,1,0,차대사람 - 횡단중,안전운전불이행,건조,맑음,교차로 - 교차로부근,승용,남,37세,상해없음,보행자,남,33세,경상
2018022200100014,2018년 2월 22일 00시,목요일,충청북도 청주시 서원구 남이면,사망사고,3,2,3,0,차대차 - 추돌,안전운전불이행,건조,맑음,단일로 - 기타,승용,여,49세,경상,특수,남,40세,상해없음
2018022200100029,2018년 2월 22일 01시,목요일,충청북도 충주시 연수동,경상사고,0,0,1,0,차대차 - 기타,신호위반,건조,맑음,교차로 - 교차로안,승용,남,48세,상해없음,승용,남,48세,상해없음
2018022200100041,2018년 2월 22일 02시,목요일,충청북도 청주시 흥덕구 복대동,경상사고,0,0,1,0,차대사람 - 차도통행중,안전운전불이행,건조,맑음,교차로 - 교차로안,승용,남,26세,상해없음,보행자,남,25세,경상
2018022200100115,2018년 2월 22일 08시,목요일,충청북도 제천시 영천동,경상사고,0,0,1,0,차대차 - 추돌,안전거리미확보,건조,맑음,교차로 - 교차로부근,승용,남,40세,상해없음,승용,여,30세,경상
2018022200100116,2018년 2월 22일 08시,목요일,충청북도 영동군 영동읍,경상사고,0,0,1,0,차대차 - 측면충돌,안전운전불이행,건조,맑음,교차로 - 교차로안,승용,남,37세,상해없음,승용,여,41세,경상
2018022200100117,2018년 2월 22일 08시,목요일,충청북도 음성군 음성읍,중상사고,0,1,0,0,차대사람 - 보도통행중,안전운전불이행,건조,맑음,교차로 - 교차로부근,승용,여,43세,상해없음,보행자,여,72세,중상
2018022200100118,2018년 2월 22일 08시,목요일,충청북도 청주시 상당구 용암동,경상사고,0,0,1,0,차대차 - 기타,신호위반,건조,맑음,교차로 - 교차로안,승용,여,28세,상해없음,승용,여,50세,경상
2018022200100148,2018년 2월 22일 09시,목요일,충청북도 음성군 생극면,경상사고,0,0,2,0,차대차 - 기타,안전운전불이행,건조,맑음,교차로 - 교차로안,승용,여,47세,상해없음,승용,남,38세,경상
2018022200100176,2018년 2월 22일 10시,목요일,충청북도 진천군 문백면,경상사고,0,0,1,0,차대차 - 기타,안전운전불이행,건조,맑음,단일로 - 기타,승용,남,55세,상해없음,건설기계,남,62세,경상
2018022200100204,2018년 2월 22일 11시,목요일,충청북도 청주시 청원구 내덕동,경상사고,0,0,1,0,차대차 - 기타,안전운전불이행,건조,맑음,단일로 - 기타,승용,남,54세,상해없음,승용,남,33세,경상
2018022200100205,2018년 2월 22일 11시,목요일,충청북도 괴산군 청안면,중상사고,0,1,0,0,차대사람 - 기타,안전운전불이행,건조,맑음,단일로 - 기타,승합,남,60세,상해없음,보행자,여,80세,중상
2018022200100369,2018년 2월 22일 17시,목요일,충청북도 청주시 흥덕구 신봉동,부상신고사고,0,0,0,1,차대차 - 추돌,안전운전불이행,건조,맑음,단일로 - 기타,승용,남,51세,상해없음,승용,여,42세,부상신고
2018022200100370,2018년 2월 22일 17시,목요일,충청북도 청주시 흥덕구 강서동,경상사고,0,0,1,0,차대차 - 기타,교차로운행방법위반,건조,맑음,단일로 - 기타,승용,여,32세,상해없음,승용,남,53세,상해없음
2018022200100405,2018년 2월 22일 18시,목요일,충청북도 음성군 금왕읍,경상사고,0,0,2,0,차대차 - 측면충돌,중앙선침범,건조,맑음,교차로 - 교차로부근,승용,남,28세,상해없음,승용,남,42세,경상
2018022200100406,2018년 2월 22일 18시,목요일,충청북도 청주시 흥덕구 오송읍,중상사고,0,1,0,0,차대차 - 기타,교차로운행방법위반,건조,맑음,교차로 - 교차로안,승용,남,33세,상해없음,이륜,남,48세,중상
2018022200100445,2018년 2월 22일 19시,목요일,충청북도 충주시 호암동,중상사고,0,1,0,0,차대차 - 기타,안전운전불이행,건조,맑음,교차로 - 교차로안,건설기계,남,26세,상해없음,승용,남,24세,중상
2018022200100446,2018년 2월 22일 19시,목요일,충청북도 청주시 흥덕구 가경동,경상사고,0,0,1,0,차대차 - 측면충돌,안전운전불이행,건조,맑음,교차로 - 교차로안,화물,남,61세,상해없음,승용,남,25세,경상
2018022200100509,2018년 2월 22일 21시,목요일,충청북도 청주시 청원구 오창읍,경상사고,0,0,5,0,차대차 - 기타,중앙선침범,건조,맑음,교차로 - 교차로부근,승용,남,36세,상해없음,승합,남,53세,상해없음
2018022200100510,2018년 2월 22일 21시,목요일,충청북도 청주시 청원구 오창읍,경상사고,0,0,1,0,차대차 - 기타,안전운전불이행,건조,맑음,교차로 - 교차로부근,승용,남,31세,상해없음,승용,남,42세,경상
2018022200100546,2018년 2월 22일 22시,목요일,충청북도 청주시 청원구 율량동,경상사고,0,0,3,0,차대차 - 기타,교차로운행방법위반,건조,맑음,교차로 - 교차로안,승용,여,37세,경상,승용,남,61세,경상
2018022200100547,2018년 2월 22일 22시,목요일,충청북도 청주시 상당구 명암동,중상사고,0,1,1,0,차대차 - 기타,안전운전불이행,건조,맑음,교차로 - 교차로부근,승용,남,25세,상해없음,승용,남,30세,경상
2018022200100548,2018년 2월 22일 22시,목요일,충청북도 충주시 문화동,경상사고,0,0,2,0,차대차 - 측면충돌,신호위반,건조,흐림,교차로 - 교차로안,승합,남,55세,상해없음,승용,남,46세,경상
2018022200100549,2018년 2월 22일 22시,목요일,충청북도 청주시 흥덕구 가경동,경상사고,0,0,1,0,차대차 - 측면충돌,안전거리미확보,건조,맑음,단일로 - 기타,승용,여,41세,상해없음,승용,남,36세,경상
2018022200100575,2018년 2월 22일 23시,목요일,충청북도 청주시 청원구 우암동,경상사고,0,0,1,0,차대차 - 기타,안전운전불이행,건조,맑음,단일로 - 기타,승용,남,41세,상해없음,승용,남,20세,경상
2018022200100576,2018년 2월 22일 23시,목요일,충청북도 제천시 청전동,중상사고,0,1,0,0,차대사람 - 횡단중,안전운전불이행,젖음/습기,비,교차로 - 교차로안,승용,남,51세,상해없음,보행자,남,56세,중상
2018022200100577,2018년 2월 22일 23시,목요일,충청북도 진천군 덕산면,중상사고,0,1,2,0,차대차 - 기타,안전거리미확보,건조,맑음,단일로 - 기타,승용,여,25세,경상,승용,남,47세,중상
2018022300100058,2018년 2월 23일 04시,금요일,충청북도 음성군 금왕읍,경상사고,0,0,2,0,차대차 - 측면충돌,중앙선침범,적설,눈,교차로 - 교차로부근,승용,남,43세,상해없음,승용,남,51세,경상
2018022300100069,2018년 2월 23일 05시,금요일,충청북도 음성군 대소면,중상사고,0,1,0,0,차량단독 - 공작물충돌,안전운전불이행,젖음/습기,흐림,교차로 - 교차로부근,화물,남,56세,중상,,,,
2018022300100090,2018년 2월 23일 06시,금요일,충청북도 청주시 청원구 오창읍,경상사고,0,0,1,0,차대사람 - 기타,안전운전불이행,기타,눈,단일로 - 기타,승합,남,39세,상해없음,보행자,남,53세,경상
2018022300100109,2018년 2월 23일 07시,금요일,충청북도 청주시 서원구 수곡동,경상사고,0,0,1,0,차대차 - 기타,안전운전불이행,건조,맑음,단일로 - 기타,승용,남,57세,상해없음,승용,남,77세,경상
2018022300100146,2018년 2월 23일 08시,금요일,충청북도 음성군 삼성면,경상사고,0,0,2,0,차대차 - 측면충돌,중앙선침범,젖음/습기,눈,교차로 - 교차로부근,승용,남,23세,상해없음,화물,남,33세,경상
2018022300100184,2018년 2월 23일 09시,금요일,충청북도 청주시 상당구 낭성면,경상사고,0,0,1,0,차량단독 - 공작물충돌,안전운전불이행,건조,맑음,단일로 - 기타,승용,남,59세,경상,,,,
2018022300100209,2018년 2월 23일 10시,금요일,충청북도 청주시 청원구 내덕동,경상사고,0,0,2,0,차대차 - 추돌,안전운전불이행,건조,맑음,단일로 - 기타,승용,여,57세,상해없음,승용,남,57세,경상
2018022300100210,2018년 2월 23일 10시,금요일,충청북도 보은군 회인면,중상사고,0,1,0,0,차대차 - 측면충돌,교차로운행방법위반,젖음/습기,흐림,교차로 - 교차로안,건설기계,남,58세,상해없음,승용,남,85세,중상
2018022300100251,2018년 2월 23일 11시,금요일,충청북도 충주시 충인동,경상사고,0,0,1,0,차대사람 - 기타,안전운전불이행,건조,맑음,기타 - 기타,승용,여,28세,상해없음,보행자,남,33세,경상
2018022300100252,2018년 2월 23일 11시,금요일,충청북도 청주시 흥덕구 송절동,경상사고,0,0,1,0,차대차 - 측면충돌,안전운전불이행,건조,맑음,교차로 - 교차로안,승용,남,72세,상해없음,승합,남,39세,경상
2018022300100281,2018년 2월 23일 12시,금요일,충청북도 제천시 송학면,경상사고,0,0,2,0,차대차 - 측면충돌,직진우회전진행방해,젖음/습기,흐림,교차로 - 교차로안,승용,여,55세,경상,승용,남,59세,경상
2018022300100307,2018년 2월 23일 13시,금요일,충청북도 괴산군 사리면,경상사고,0,0,1,0,차대차 - 측면충돌,안전거리미확보,건조,맑음,단일로 - 기타,이륜,남,76세,경상,건설기계,남,55세,상해없음
2018022300100343,2018년 2월 23일 15시,금요일,충청북도 충주시 목행동,경상사고,0,0,1,0,차대차 - 측면충돌,안전운전불이행,건조,맑음,교차로 - 교차로부근,승용,남,32세,상해없음,승용,여,27세,경상
2018022300100344,2018년 2월 23일 15시,금요일,충청북도 청주시 서원구 수곡동,중상사고,0,1,1,0,차대차 - 측면충돌,교차로운행방법위반,건조,맑음,교차로 - 교차로안,승용,남,48세,경상,승용,여,43세,중상
2018022300100379,2018년 2월 23일 16시,금요일,충청북도 청주시 서원구 수곡동,경상사고,0,0,2,0,차대차 - 측면충돌,교차로운행방법위반,건조,맑음,교차로 - 교차로안,승용,여,57세,경상,승용,여,53세,상해없음
2018022300100405,2018년 2월 23일 17시,금요일,충청북도 영동군 영동읍,중상사고,0,1,0,0,차량단독 - 공작물충돌,안전운전불이행,건조,맑음,단일로 - 교량,화물,남,60세,중상,,,,
2018022300100406,2018년 2월 23일 17시,금요일,충청북도 청주시 흥덕구 봉명동,중상사고,0,1,0,0,차대차 - 정면충돌,중앙선침범,건조,맑음,교차로 - 교차로부근,승용,남,62세,상해없음,이륜,남,18세,중상
2018022300100433,2018년 2월 23일 18시,금요일,충청북도 청주시 흥덕구 복대동,경상사고,0,0,2,0,차대차 - 기타,불법유턴,건조,맑음,교차로 - 교차로안,승용,남,41세,상해없음,승용,여,47세,경상
2018022300100434,2018년 2월 23일 18시,금요일,충청북도 청주시 상당구 용암동,경상사고,0,0,4,0,차대차 - 측면충돌,안전운전불이행,건조,맑음,교차로 - 교차로안,승용,남,36세,상해없음,승용,남,48세,경상
2018022300100472,2018년 2월 23일 19시,금요일,충청북도 제천시 화산동,중상사고,0,1,0,0,차대차 - 측면충돌,불법유턴,건조,흐림,단일로 - 기타,승용,남,65세,상해없음,원동기,남,19세,중상
2018022300100473,2018년 2월 23일 19시,금요일,충청북도 증평군 증평읍,경상사고,0,0,1,0,차대차 - 측면충돌,안전거리미확보,건조,흐림,단일로 - 기타,승용,여,37세,상해없음,이륜,남,21세,경상
2018022300100474,2018년 2월 23일 19시,금요일,충청북도 청주시 흥덕구 가경동,경상사고,0,0,1,0,차대차 - 추돌,안전운전불이행,건조,맑음,교차로 - 교차로부근,승용,여,53세,상해없음,승용,남,43세,경상
2018022300100475,2018년 2월 23일 19시,금요일,충청북도 청주시 흥덕구 복대동,경상사고,0,0,1,0,차대차 - 기타,불법유턴,건조,맑음,단일로 - 기타,승용,남,49세,상해없음,이륜,남,21세,경상
2018022300100476,2018년 2월 23일 19시,금요일,충청북도 청주시 상당구 미원면,중상사고,0,1,0,0,차대사람 - 기타,안전운전불이행,건조,맑음,교차로 - 교차로안,승용,남,76세,상해없음,보행자,여,52세,중상
2018022300100554,2018년 2월 23일 21시,금요일,충청북도 충주시 용산동,경상사고,0,0,1,0,차대차 - 측면충돌,안전운전불이행,건조,흐림,기타 - 기타,승합,남,29세,상해없음,이륜,남,17세,경상
2018022300100555,2018년 2월 23일 21시,금요일,충청북도 충주시 연수동,경상사고,0,0,1,1,차대차 - 기타,안전운전불이행,건조,맑음,단일로 - 기타,승용,남,24세,부상신고,원동기,남,19세,상해없음
2018022300100556,2018년 2월 23일 21시,금요일,충청북도 충주시 문화동,경상사고,0,0,1,0,차대차 - 기타,안전운전불이행,건조,흐림,단일로 - 기타,승용,여,45세,상해없음,자전거,여,47세,경상
2018022300100557,2018년 2월 23일 21시,금요일,충청북도 청주시 흥덕구 정봉동,경상사고,0,0,3,0,차대차 - 기타,안전운전불이행,건조,맑음,단일로 - 기타,승용,남,35세,경상,화물,남,27세,경상
2018022300100591,2018년 2월 23일 22시,금요일,충청북도 충주시 중앙탑면,경상사고,0,0,2,0,차대차 - 추돌,안전운전불이행,건조,맑음,단일로 - 기타,특수,남,48세,경상,특수,남,51세,경상
2018022300100625,2018년 2월 23일 23시,금요일,충청북도 청주시 흥덕구 복대동,경상사고,0,0,1,0,차대차 - 측면충돌,안전운전불이행,건조,맑음,교차로 - 교차로부근,승용,남,35세,상해없음,승용,남,50세,경상
2018022300100626,2018년 2월 23일 23시,금요일,충청북도 청주시 서원구 산남동,경상사고,0,0,2,0,차대차 - 기타,교차로운행방법위반,건조,맑음,교차로 - 교차로안,승용,남,22세,상해없음,승용,여,54세,경상
2018022400100008,2018년 2월 24일 00시,토요일,충청북도 충주시 중앙탑면,중상사고,0,1,1,0,차대차 - 추돌,안전운전불이행,건조,맑음,단일로 - 기타,승용,남,30세,상해없음,화물,여,43세,중상
2018022400100042,2018년 2월 24일 02시,토요일,충청북도 제천시 교동,경상사고,0,0,2,0,차대차 - 측면충돌,안전거리미확보,건조,맑음,단일로 - 기타,건설기계,남,50세,상해없음,승용,남,39세,경상
2018022400100054,2018년 2월 24일 03시,토요일,충청북도 청주시 흥덕구 비하동,경상사고,0,0,1,0,차대차 - 추돌,안전운전불이행,건조,맑음,교차로 - 교차로부근,승용,남,39세,상해없음,승용,남,37세,경상
2018022400100095,2018년 2월 24일 06시,토요일,충청북도 청주시 흥덕구 복대동,경상사고,0,0,1,0,차량단독 - 전도전복 - 전도,기타,젖음/습기,흐림,교차로 - 교차로안,이륜,남,21세,경상,미분류,미분류,미분류,미분류