사고번호,사고일시,요일,시군구,사고내용,사망자수,중상자수,경상자수,부상신고자수,사고유형,법규위반,노면상태,기상상태,도로형태,가해운전자 차종,가해운전자 성별,가해운전자 연령,가해운전자 상해정도,피해운전자 차종,피해운전자 성별,피해운전자 연령,피해운전자 상해정도
2018030100100323,2018년 3월 1일 16시,목요일,충청북도 청주시 상당구 북문로2가동,경상사고,0,0,1,0,차대차 - 후진중충돌,안전운전불이행,건조,맑음,교차로 - 교차로안,승용,남,22세,상해없음,승용,남,37세,경상
2018030100100324,2018년 3월 1일 16시,목요일,충청북도 충주시 대소원면,경상사고,0,0,1,0,차대차 - 기타,안전거리미확보,건조,맑음,교차로 - 교차로안,승용,남,65세,상해없음,승용,남,25세,경상
2018030100100325,2018년 3월 1일 16시,목요일,충청북도 청주시 서원구 성화동,경상사고,0,0,1,0,차대차 - 기타,안전운전불이행,건조,맑음,교차로 - 교차로안,승용,여,64세,경상,승합,남,68세,상해없음
2018030100100326,2018년 3월 1일 16시,목요일,충청북도 청주시 흥덕구 신봉동,경상사고,0,0,1,0,차대차 - 측면충돌,중앙선침범,건조,맑음,기타 - 기타,이륜,남,59세,경상,승용,여,67세,상해없음
2018030100100356,2018년 3월 1일 17시,목요일,충청북도 청주시 청원구 우암동,경상사고,0,0,1,0,차대차 - 측면충돌,중앙선침범,건조,맑음,단일로 - 기타,이륜,남,18세,경상,승합,남,54세,상해없음
2018030100100357,2018년 3월 1일 17시,목요일,충청북도 청주시 서원구 산남동,경상사고,0,0,1,0,차대차 - 기타,안전운전불이행,건조,맑음,교차로 - 교차로안,승용,여,59세,상해없음,승합,남,60세,상해없음
2018030100100383,2018년 3월 1일 18시,목요일,충청북도 청주시 흥덕구 신봉동,경상사고,0,0,2,0,차대차 - 측면충돌,안전거리미확보,건조,맑음,단일로 - 기타,승용,남,46세,경상,승용,남,51세,상해없음
2018030100100416,2018년 3월 1일 19시,목요일,충청북도 청주시 서원구 사직동,중상사고,0,1,0,0,차대차 - 기타,안전운전불이행,건조,맑음,단일로 - 기타,승용,남,71세,상해없음,승합,남,44세,상해없음
2018030100100457,2018년 3월 1일 21시,목요일,충청북도 충주시 문화동,경상사고,0,0,1,0,차대차 - 기타,안전운전불이행,건조,맑음,교차로 - 교차로안,승용,남,61세,상해없음,이륜,남,17세,경상
2018030100100458,2018년 3월 1일 21시,목요일,충청북도 청주시 흥덕구 봉명동,경상사고,0,0,1,0,차량단독 - 기타,안전운전불이행,건조,맑음,교차로 - 교차로안,승용,남,47세,상해없음,,,,
2018030100100480,2018년 3월 1일 22시,목요일,충청북도 충주시 충인동,중상사고,0,1,1,0,차대차 - 기타,직진우회전진행방해,건조,맑음,교차로 - 교차로안,승용,남,22세,상해없음,승용,남,49세,상해없음
2018030200100007,2018년 3월 2일 00시,금요일,충청북도 청주시 청원구 오창읍,중상사고,0,1,0,0,차대사람 - 기타,안전운전불이행,건조,맑음,단일로 - 기타,승용,남,23세,상해없음,보행자,남,33세,중상
2018030200100008,2018년 3월 2일 00시,금요일,충청북도 충주시 칠금동,중상사고,0,2,0,0,차대차 - 정면충돌,신호위반,건조,맑음,교차로 - 교차로안,화물,남,53세,중상,승용,여,58세,중상
2018030200100026,2018년 3월 2일 04시,금요일,충청북도 충주시 대소원면,경상사고,0,0,1,0,차대차 - 추돌,안전운전불이행,건조,맑음,단일로 - 터널,화물,남,60세,경상,건설기계,남,48세,상해없음
2018030200100090,2018년 3월 2일 08시,금요일,충청북도 청주시 청원구 오창읍,경상사고,0,0,4,0,차대차 - 기타,교차로운행방법위반,건조,맑음,교차로 - 교차로안,승용,여,41세,경상,승용,남,64세,경상
2018030200100091,2018년 3월 2일 08시,금요일,충청북도 충주시 용산동,경상사고,0,0,1,0,차대차 - 측면충돌,안전운전불이행,건조,맑음,교차로 - 교차로부근,승용,여,48세,상해없음,승용,남,36세,경상
2018030200100092,2018년 3월 2일 08시,금요일,충청북도 충주시 교현동,경상사고,0,0,1,0,차대차 - 기타,안전거리미확보,건조,맑음,단일로 - 기타,승용,남,75세,상해없음,승용,여,49세,경상
2018030200100121,2018년 3월 2일 09시,금요일,충청북도 청주시 청원구 주중동,중상사고,0,2,0,0,차대차 - 추돌,안전운전불이행,건조,맑음,단일로 - 기타,특수,남,26세,상해없음,승용,남,70세,중상
2018030200100122,2018년 3월 2일 09시,금요일,충청북도 청주시 흥덕구 비하동,경상사고,0,0,1,0,차대차 - 측면충돌,교차로운행방법위반,건조,맑음,교차로 - 교차로안,승용,남,58세,상해없음,승용,남,67세,경상
2018030200100123,2018년 3월 2일 09시,금요일,충청북도 청주시 흥덕구 오송읍,경상사고,0,0,1,0,차대차 - 기타,교차로운행방법위반,건조,맑음,교차로 - 교차로안,승용,남,49세,상해없음,승용,여,43세,경상
2018030200100155,2018년 3월 2일 10시,금요일,충청북도 제천시 동현동,경상사고,0,0,1,0,차대차 - 추돌,안전운전불이행,건조,맑음,교차로 - 교차로부근,화물,남,63세,상해없음,승용,남,80세,경상
2018030200100182,2018년 3월 2일 11시,금요일,충청북도 괴산군 문광면,경상사고,0,0,2,0,차대차 - 추돌,안전운전불이행,건조,맑음,단일로 - 기타,화물,남,61세,경상,승용,남,61세,경상
2018030200100183,2018년 3월 2일 11시,금요일,충청북도 청주시 흥덕구 강내면,경상사고,0,0,1,0,차대차 - 측면충돌,신호위반,건조,맑음,교차로 - 교차로안,승용,남,66세,상해없음,승용,남,22세,경상
2018030200100211,2018년 3월 2일 12시,금요일,충청북도 증평군 증평읍,중상사고,0,1,0,0,차대사람 - 기타,안전운전불이행,건조,맑음,교차로 - 교차로부근,승용,남,84세,상해없음,보행자,남,76세,중상
2018030200100212,2018년 3월 2일 12시,금요일,충청북도 음성군 대소면,중상사고,0,1,0,0,차대차 - 측면충돌,중앙선침범,건조,맑음,단일로 - 기타,이륜,여,55세,중상,승용,여,45세,상해없음
2018030200100244,2018년 3월 2일 13시,금요일,충청북도 옥천군 옥천읍,중상사고,0,1,0,0,차대차 - 측면충돌,교차로운행방법위반,건조,맑음,교차로 - 교차로안,화물,남,47세,상해없음,이륜,남,41세,중상
2018030200100245,2018년 3월 2일 13시,금요일,충청북도 청주시 상당구 석교동,경상사고,0,0,1,0,차대사람 - 횡단중,보행자보호의무위반,건조,맑음,교차로 - 교차로횡단보도내,승용,남,26세,상해없음,보행자,남,10세,경상
2018030200100275,2018년 3월 2일 14시,금요일,충청북도 청주시 상당구 용암동,중상사고,0,1,0,0,차대차 - 측면충돌,차로위반,건조,맑음,단일로 - 지하차도(도로)내,승용,여,45세,상해없음,승용,남,38세,중상
2018030200100276,2018년 3월 2일 14시,금요일,충청북도 청주시 상당구 서문동,경상사고,0,0,1,0,차대차 - 측면충돌,차로위반,건조,맑음,교차로 - 교차로부근,승용,남,30세,상해없음,승용,여,63세,경상
2018030200100277,2018년 3월 2일 14시,금요일,충청북도 청주시 서원구 산남동,경상사고,0,0,2,0,차대차 - 측면충돌,안전운전불이행,건조,맑음,교차로 - 교차로안,승용,여,31세,경상,화물,남,53세,경상
2018030200100318,2018년 3월 2일 15시,금요일,충청북도 청주시 청원구 오창읍,중상사고,0,1,0,0,차대차 - 추돌,안전운전불이행,건조,맑음,단일로 - 기타,화물,남,39세,상해없음,농기계,남,76세,중상
2018030200100319,2018년 3월 2일 15시,금요일,충청북도 제천시 송학면,중상사고,0,2,0,1,차대차 - 정면충돌,중앙선침범,건조,맑음,단일로 - 기타,승용,남,67세,부상신고,승용,남,70세,중상
2018030200100410,2018년 3월 2일 17시,금요일,충청북도 충주시 칠금동,경상사고,0,0,1,0,차대차 - 추돌,안전운전불이행,건조,맑음,단일로 - 기타,승용,남,25세,상해없음,승용,남,23세,경상
2018030200100411,2018년 3월 2일 17시,금요일,충청북도 제천시 청풍면,경상사고,0,0,4,0,차대차 - 측면충돌,직진우회전진행방해,건조,맑음,교차로 - 교차로안,승용,남,56세,상해없음,승용,남,58세,경상
2018030200100412,2018년 3월 2일 17시,금요일,충청북도 괴산군 불정면,경상사고,0,0,2,0,차대차 - 측면충돌,교차로운행방법위반,건조,맑음,교차로 - 교차로안,화물,남,62세,상해없음,승용,여,66세,경상
2018030200100413,2018년 3월 2일 17시,금요일,충청북도 청주시 흥덕구 가경동,경상사고,0,0,1,0,차대사람 - 횡단중,보행자보호의무위반,건조,맑음,교차로 - 교차로횡단보도내,승용,여,66세,상해없음,보행자,여,17세,경상
2018030200100414,2018년 3월 2일 17시,금요일,충청북도 청주시 서원구 수곡동,경상사고,0,0,1,0,차량단독 - 기타,안전운전불이행,건조,맑음,단일로 - 지하차도(도로)내,승합,남,47세,상해없음,,,,
2018030200100457,2018년 3월 2일 18시,금요일,충청북도 청주시 서원구 사직동,경상사고,0,0,1,0,차대차 - 측면충돌,교차로운행방법위반,건조,맑음,교차로 - 교차로안,승용,남,68세,상해없음,승용,여,65세,경상
2018030200100458,2018년 3월 2일 18시,금요일,충청북도 제천시 강제동,경상사고,0,0,1,0,차대사람 - 기타,안전운전불이행,건조,맑음,미분류 - 미분류,승용,남,58세,상해없음,보행자,남,30세,경상
2018030200100495,2018년 3월 2일 19시,금요일,충청북도 청주시 청원구 오창읍,경상사고,0,0,1,0,차대차 - 기타,안전운전불이행,건조,맑음,단일로 - 기타,승용,남,48세,기타불명,원동기,남,44세,경상
2018030200100496,2018년 3월 2일 19시,금요일,충청북도 증평군 증평읍,경상사고,0,0,1,0,차대사람 - 횡단중,안전운전불이행,건조,맑음,주차장 - 주차장,승용,남,41세,상해없음,보행자,남,75세,경상
2018030200100530,2018년 3월 2일 20시,금요일,충청북도 청주시 흥덕구 운천동,경상사고,0,0,4,0,차대차 - 추돌,교차로운행방법위반,건조,맑음,교차로 - 교차로안,승용,남,71세,상해없음,승용,남,51세,경상
2018030200100605,2018년 3월 2일 23시,금요일,충청북도 옥천군 옥천읍,경상사고,0,0,1,0,차량단독 - 공작물충돌,안전운전불이행,건조,맑음,단일로 - 기타,승용,남,26세,경상,,,,
2018030300100025,2018년 3월 3일 01시,토요일,충청북도 음성군 금왕읍,중상사고,0,1,0,0,차대사람 - 횡단중,안전운전불이행,건조,맑음,교차로 - 교차로안,승합,남,35세,상해없음,보행자,남,27세,중상
2018030300100043,2018년 3월 3일 03시,토요일,충청북도 제천시 강제동,경상사고,0,0,1,0,차량단독 - 전도전복 - 전도,안전운전불이행,건조,맑음,단일로 - 기타,이륜,남,22세,경상,미분류,미분류,미분류,미분류
2018030300100082,2018년 3월 3일 07시,토요일,충청북도 청주시 흥덕구 외북동,경상사고,0,0,1,0,차대차 - 기타,안전운전불이행,건조,맑음,교차로 - 교차로안,화물,남,38세,상해없음,승용,남,45세,경상
2018030300100115,2018년 3월 3일 09시,토요일,충청북도 청주시 상당구 명암동,중상사고,0,2,2,0,차대차 - 추돌,안전운전불이행,건조,맑음,교차로 - 교차로부근,화물,남,61세,상해없음,승용,남,46세,중상
2018030300100129,2018년 3월 3일 10시,토요일,충청북도 음성군 금왕읍,경상사고,0,0,1,0,차대차 - 정면충돌,교차로운행방법위반,건조,맑음,교차로 - 교차로안,승용,남,52세,상해없음,승용,여,61세,경상
2018030300100160,2018년 3월 3일 11시,토요일,충청북도 청주시 흥덕구 강내면,경상사고,0,0,1,0,차대차 - 기타,안전운전불이행,건조,맑음,단일로 - 기타,승용,남,56세,상해없음,승합,남,47세,경상
2018030300100238,2018년 3월 3일 14시,토요일,충청북도 충주시 교현동,경상사고,0,0,1,0,차대차 - 측면충돌,신호위반,건조,맑음,교차로 - 교차로안,승용,남,60세,상해없음,승용,남,57세,경상
2018030300100239,2018년 3월 3일 14시,토요일,충청북도 청주시 상당구 남문로1가동,중상사고,0,1,0,0,차대사람 - 횡단중,보행자보호의무위반,건조,맑음,교차로 - 교차로횡단보도내,승용,남,26세,상해없음,보행자,여,71세,중상
2018030300100240,2018년 3월 3일 14시,토요일,충청북도 청주시 상당구 북문로1가동,경상사고,0,0,1,0,차대사람 - 횡단중,안전운전불이행,건조,맑음,단일로 - 지하차도(도로)내,승용,남,52세,상해없음,보행자,여,19세,경상
2018030300100241,2018년 3월 3일 14시,토요일,충청북도 청주시 상당구 금천동,경상사고,0,0,3,0,차대차 - 기타,안전운전불이행,건조,맑음,교차로 - 교차로안,승용,여,44세,경상,승용,여,27세,경상
2018030300100269,2018년 3월 3일 15시,토요일,충청북도 단양군 대강면,경상사고,0,0,4,0,차대차 - 측면충돌,직진우회전진행방해,건조,맑음,교차로 - 교차로안,승용,남,57세,상해없음,승용,남,58세,경상
2018030300100395,2018년 3월 3일 19시,토요일,충청북도 청주시 청원구 내덕동,중상사고,0,1,1,0,차대차 - 측면충돌,안전거리미확보,건조,맑음,단일로 - 기타,승용,여,24세,경상,승용,남,40세,중상
2018030300100396,2018년 3월 3일 19시,토요일,충청북도 제천시 장락동,경상사고,0,0,1,0,차대차 - 정면충돌,불법유턴,건조,맑음,단일로 - 기타,승용,남,62세,상해없음,이륜,남,22세,경상
2018030300100426,2018년 3월 3일 20시,토요일,충청북도 충주시 대소원면,부상신고사고,0,0,0,1,차대차 - 기타,직진우회전진행방해,건조,맑음,교차로 - 교차로안,승용,남,42세,부상신고,승용,남,57세,상해없음
2018030300100452,2018년 3월 3일 21시,토요일,충청북도 청주시 흥덕구 운천동,중상사고,0,1,0,0,차대차 - 기타,불법유턴,건조,맑음,단일로 - 기타,승용,남,47세,상해없음,이륜,남,51세,중상
2018030300100453,2018년 3월 3일 21시,토요일,충청북도 청주시 상당구 금천동,경상사고,0,0,1,0,차대차 - 측면충돌,안전운전불이행,건조,맑음,교차로 - 교차로안,승용,남,59세,상해없음,승용,남,30세,경상
2018030300100471,2018년 3월 3일 22시,토요일,충청북도 진천군 덕산면,중상사고,0,1,1,0,차대차 - 기타,신호위반,건조,맑음,교차로 - 교차로안,승용,여,47세,상해없음,승용,여,55세,중상
2018030300100492,2018년 3월 3일 23시,토요일,충청북도 청주시 서원구 산남동,중상사고,0,1,0,0,차대사람 - 횡단중,신호위반,건조,맑음,교차로 - 교차로횡단보도내,승용,남,53세,상해없음,보행자,여,20세,중상
2018030400100011,2018년 3월 4일 00시,일요일,충청북도 청주시 청원구 사천동,경상사고,0,0,1,0,차대차 - 추돌,안전운전불이행,건조,맑음,교차로 - 교차로부근,승용,남,51세,상해없음,승용,남,31세,경상
2018030400100012,2018년 3월 4일 00시,일요일,충청북도 청주시 상당구 영동,경상사고,0,0,1,0,차대차 - 기타,안전운전불이행,건조,맑음,단일로 - 기타,승용,남,25세,상해없음,승용,남,46세,경상
2018030400100052,2018년 3월 4일 03시,일요일,충청북도 제천시 중앙로2가,경상사고,0,0,1,0,차대차 - 측면충돌,안전운전불이행,건조,맑음,교차로 - 교차로안,승용,남,26세,상해없음,승용,남,52세,경상
2018030400100073,2018년 3월 4일 05시,일요일,충청북도 청주시 서원구 분평동,경상사고,0,0,1,0,차대차 - 측면충돌,신호위반,건조,맑음,교차로 - 교차로안,승용,남,66세,상해없음,승용,여,53세,경상
2018030400100164,2018년 3월 4일 12시,일요일,충청북도 청주시 상당구 남문로1가동,경상사고,0,0,1,0,차대사람 - 길가장자리구역통행중,안전운전불이행,건조,맑음,단일로 - 지하차도(도로)내,승용,남,35세,상해없음,보행자,남,53세,경상
2018030400100182,2018년 3월 4일 13시,일요일,충청북도 청주시 청원구 사천동,경상사고,0,0,2,0,차대차 - 기타,안전운전불이행,건조,맑음,교차로 - 교차로부근,승용,여,23세,상해없음,승용,남,59세,경상
2018030400100222,2018년 3월 4일 15시,일요일,충청북도 청주시 상당구 용담동,경상사고,0,0,2,1,차대차 - 측면충돌,신호위반,건조,맑음,교차로 - 교차로안,승용,여,37세,상해없음,승용,남,56세,경상
2018030400100223,2018년 3월 4일 15시,일요일,충청북도 청주시 흥덕구 지동동,경상사고,0,0,2,0,차대차 - 추돌,안전거리미확보,건조,맑음,단일로 - 기타,승용,여,33세,상해없음,승용,남,36세,경상
2018030400100225,2018년 3월 4일 15시,일요일,충청북도 청주시 흥덕구 지동동,중상사고,0,1,1,0,차대차 - 추돌,안전거리미확보,건조,맑음,단일로 - 기타,화물,남,31세,상해없음,승용,남,39세,경상
2018030400100246,2018년 3월 4일 16시,일요일,충청북도 청주시 흥덕구 봉명동,경상사고,0,0,1,0,차대차 - 기타,안전운전불이행,건조,맑음,단일로 - 기타,화물,남,39세,상해없음,기타불명,여,76세,경상
2018030400100247,2018년 3월 4일 16시,일요일,충청북도 청주시 서원구 개신동,중상사고,0,1,0,0,차대차 - 기타,직진우회전진행방해,건조,기타,교차로 - 교차로안,승합,남,49세,상해없음,자전거,남,13세,중상
2018030400100286,2018년 3월 4일 18시,일요일,충청북도 충주시 산척면,중상사고,0,3,7,1,차대차 - 기타,신호위반,건조,맑음,교차로 - 교차로안,승합,남,59세,상해없음,화물,남,50세,경상
2018030400100287,2018년 3월 4일 18시,일요일,충청북도 충주시 봉방동,경상사고,0,0,4,0,차대차 - 기타,안전운전불이행,건조,맑음,단일로 - 기타,승용,여,41세,상해없음,특수,남,56세,경상
2018030400100288,2018년 3월 4일 18시,일요일,충청북도 옥천군 이원면,중상사고,0,1,0,0,차대차 - 추돌,안전운전불이행,건조,맑음,단일로 - 기타,화물,남,62세,상해없음,농기계,남,62세,중상
2018030400100308,2018년 3월 4일 19시,일요일,충청북도 청주시 흥덕구 상신동,경상사고,0,0,2,0,차대차 - 추돌,안전운전불이행,건조,맑음,단일로 - 기타,승용,남,48세,상해없음,승용,남,35세,상해없음
2018030400100337,2018년 3월 4일 20시,일요일,충청북도 청주시 청원구 내덕동,경상사고,0,0,4,0,차대차 - 기타,안전거리미확보,젖음/습기,비,교차로 - 교차로부근,승용,여,60세,경상,승용,여,52세,경상
2018030400100338,2018년 3월 4일 20시,일요일,충청북도 청주시 흥덕구 가경동,경상사고,0,0,2,0,차대차 - 추돌,안전운전불이행,건조,맑음,교차로 - 교차로안,화물,남,48세,상해없음,승용,남,26세,경상
2018030400100375,2018년 3월 4일 21시,일요일,충청북도 제천시 영천동,경상사고,0,0,1,0,차대사람 - 차도통행중,안전운전불이행,젖음/습기,비,단일로 - 기타,이륜,남,20세,상해없음,보행자,남,26세,경상
2018030400100417,2018년 3월 4일 22시,일요일,충청북도 제천시 중앙로2가,경상사고,0,0,2,0,차대차 - 측면충돌,직진우회전진행방해,젖음/습기,비,교차로 - 교차로안,화물,남,26세,상해없음,승용,남,27세,경상
2018030500100027,2018년 3월 5일 02시,월요일,충청북도 청주시 흥덕구 복대동,경상사고,0,0,2,0,차대차 - 후진중충돌,안전운전불이행,젖음/습기,비,교차로 - 교차로안,승용,남,25세,상해없음,승용,여,28세,경상
2018030500100097,2018년 3월 5일 07시,월요일,충청북도 청주시 청원구 오창읍,경상사고,0,0,1,0,차대차 - 기타,차로위반,건조,맑음,단일로 - 기타,승합,남,62세,상해없음,승용,남,64세,경상
2018030500100121,2018년 3월 5일 08시,월요일,충청북도 제천시 중앙로2가,중상사고,0,1,1,0,차대차 - 측면충돌,안전운전불이행,젖음/습기,흐림,교차로 - 교차로안,승용,여,62세,경상,화물,남,30세,중상
2018030500100122,2018년 3월 5일 08시,월요일,충청북도 청주시 상당구 남일면,경상사고,0,0,1,0,차대차 - 측면충돌,안전운전불이행,젖음/습기,비,교차로 - 교차로부근,승용,여,54세,경상,승합,남,51세,상해없음
2018030500100123,2018년 3월 5일 08시,월요일,충청북도 청주시 상당구 문의면,경상사고,0,0,1,0,차대차 - 기타,차로위반,젖음/습기,비,단일로 - 기타,특수,남,38세,상해없음,화물,남,36세,경상
2018030500100197,2018년 3월 5일 11시,월요일,충청북도 청주시 상당구 석교동,경상사고,0,0,1,0,차대사람 - 횡단중,안전운전불이행,젖음/습기,비,교차로 - 교차로횡단보도내,승용,남,57세,상해없음,보행자,여,79세,경상
2018030500100231,2018년 3월 5일 12시,월요일,충청북도 보은군 보은읍,경상사고,0,0,1,0,차대차 - 측면충돌,안전운전불이행,젖음/습기,흐림,단일로 - 지하차도(도로)내,이륜,남,74세,경상,화물,남,48세,상해없음
2018030500100263,2018년 3월 5일 13시,월요일,충청북도 증평군 증평읍,경상사고,0,0,1,0,차대차 - 추돌,안전운전불이행,건조,맑음,교차로 - 교차로부근,승용,남,57세,경상,화물,남,34세,상해없음
2018030500100264,2018년 3월 5일 13시,월요일,충청북도 청주시 상당구 금천동,경상사고,0,0,1,0,차대차 - 기타,안전운전불이행,젖음/습기,맑음,교차로 - 교차로안,승용,남,23세,기타불명,이륜,남,23세,경상
2018030500100291,2018년 3월 5일 14시,월요일,충청북도 옥천군 옥천읍,경상사고,0,0,1,0,차대차 - 측면충돌,교차로운행방법위반,건조,맑음,교차로 - 교차로안,승용,남,63세,상해없음,승용,남,60세,상해없음
2018030500100321,2018년 3월 5일 15시,월요일,충청북도 청주시 청원구 사천동,경상사고,0,0,1,0,차대차 - 측면충돌,안전거리미확보,건조,맑음,단일로 - 기타,화물,남,59세,상해없음,승합,남,44세,경상
2018030500100322,2018년 3월 5일 15시,월요일,충청북도 충주시 봉방동,경상사고,0,0,3,0,차대차 - 추돌,안전운전불이행,건조,맑음,교차로 - 교차로안,화물,남,56세,상해없음,승용,여,34세,경상
2018030500100323,2018년 3월 5일 15시,월요일,충청북도 단양군 매포읍,경상사고,0,0,2,0,차대차 - 추돌,안전거리미확보,건조,맑음,교차로 - 교차로안,승용,남,60세,상해없음,승용,남,40세,경상
2018030500100324,2018년 3월 5일 15시,월요일,충청북도 청주시 서원구 수곡동,중상사고,0,1,0,0,차대차 - 기타,신호위반,건조,맑음,교차로 - 교차로안,특수,남,33세,상해없음,승용,여,58세,중상
2018030500100375,2018년 3월 5일 17시,월요일,충청북도 충주시 칠금동,경상사고,0,0,2,0,차대차 - 기타,신호위반,건조,맑음,교차로 - 교차로안,승용,여,58세,상해없음,승용,남,41세,경상
2018030500100376,2018년 3월 5일 17시,월요일,충청북도 괴산군 괴산읍,경상사고,0,0,1,0,차대차 - 측면충돌,교차로운행방법위반,건조,흐림,교차로 - 교차로안,승용,남,19세,상해없음,승용,여,66세,경상
2018030500100403,2018년 3월 5일 18시,월요일,충청북도 충주시 문화동,경상사고,0,0,1,0,차대차 - 측면충돌,안전거리미확보,건조,흐림,단일로 - 기타,승용,남,39세,경상,승용,남,63세,상해없음
2018030500100404,2018년 3월 5일 18시,월요일,충청북도 단양군 매포읍,경상사고,0,0,1,0,차대차 - 기타,안전운전불이행,건조,맑음,교차로 - 교차로안,화물,남,60세,상해없음,화물,남,60세,경상
2018030500100445,2018년 3월 5일 19시,월요일,충청북도 청주시 청원구 내덕동,중상사고,0,1,0,0,차대차 - 기타,안전거리미확보,건조,맑음,단일로 - 기타,승용,남,55세,상해없음,승용,여,33세,중상
2018030500100446,2018년 3월 5일 19시,월요일,충청북도 충주시 봉방동,경상사고,0,0,1,0,차대차 - 기타,교차로운행방법위반,건조,맑음,교차로 - 교차로부근,화물,남,56세,상해없음,원동기,남,51세,경상
2018030500100465,2018년 3월 5일 20시,월요일,충청북도 영동군 용산면,중상사고,0,1,0,0,차대차 - 기타,안전운전불이행,건조,맑음,단일로 - 기타,특수,남,58세,상해없음,화물,남,51세,중상
2018030500100537,2018년 3월 5일 23시,월요일,충청북도 청주시 흥덕구 봉명동,경상사고,0,0,1,0,차대사람 - 기타,안전운전불이행,건조,맑음,교차로 - 교차로안,승용,남,47세,상해없음,보행자,여,36세,경상
2018030600100022,2018년 3월 6일 01시,화요일,충청북도 제천시 청전동,경상사고,0,0,1,0,차량단독 - 공작물충돌,안전운전불이행,건조,맑음,기타 - 기타,승용,남,29세,경상,,,,
2018030600100023,2018년 3월 6일 01시,화요일,충청북도 청주시 청원구 오창읍,사망사고,1,0,1,0,차대차 - 추돌,안전거리미확보,건조,맑음,단일로 - 기타,특수,남,61세,사망,화물,남,51세,경상
2018030600100040,2018년 3월 6일 03시,화요일,충청북도 충주시 성남동,경상사고,0,0,1,0,차대차 - 정면충돌,신호위반,건조,맑음,교차로 - 교차로안,승용,남,24세,상해없음,승용,여,29세,경상
2018030600100054,2018년 3월 6일 05시,화요일,충청북도 증평군 증평읍,중상사고,0,1,0,0,차대차 - 추돌,안전운전불이행,건조,맑음,교차로 - 교차로부근,승용,남,42세,상해없음,승용,남,48세,중상
2018030600100055,2018년 3월 6일 05시,화요일,충청북도 청주시 흥덕구 비하동,경상사고,0,0,1,0,차대사람 - 기타,안전운전불이행,건조,맑음,단일로 - 기타,승용,남,60세,기타불명,보행자,여,18세,경상
2018030600100061,2018년 3월 6일 06시,화요일,충청북도 청주시 상당구 방서동,경상사고,0,0,1,0,차대차 - 기타,신호위반,건조,맑음,교차로 - 교차로안,화물,남,62세,경상,승용,여,62세,상해없음
2018030600100085,2018년 3월 6일 07시,화요일,충청북도 청주시 흥덕구 신촌동,중상사고,0,2,1,0,차대차 - 추돌,안전운전불이행,건조,맑음,단일로 - 기타,화물,남,40세,기타불명,승용,남,57세,중상
2018030600100189,2018년 3월 6일 11시,화요일,충청북도 충주시 연수동,경상사고,0,0,1,0,차대차 - 기타,안전거리미확보,건조,맑음,교차로 - 교차로부근,승용,남,64세,상해없음,승용,여,53세,경상
2018030600100236,2018년 3월 6일 13시,화요일,충청북도 제천시 영천동,중상사고,0,2,0,0,차대차 - 측면충돌,안전거리미확보,건조,맑음,단일로 - 기타,화물,남,60세,상해없음,승용,남,38세,중상
2018030600100258,2018년 3월 6일 14시,화요일,충청북도 청주시 상당구 낭성면,중상사고,0,1,0,0,차대차 - 측면충돌,안전운전불이행,건조,맑음,교차로 - 교차로안,승용,여,47세,상해없음,승용,여,43세,중상
2018030600100287,2018년 3월 6일 15시,화요일,충청북도 괴산군 문광면,중상사고,0,1,0,0,차대차 - 추돌,안전운전불이행,건조,맑음,단일로 - 기타,사륜오토바이(ATV),남,80세,중상,화물,남,57세,상해없음
2018030600100288,2018년 3월 6일 15시,화요일,충청북도 보은군 보은읍,부상신고사고,0,0,0,1,차대차 - 측면충돌,안전운전불이행,건조,맑음,단일로 - 지하차도(도로)내,자전거,남,18세,부상신고,승용,남,32세,상해없음
2018030600100317,2018년 3월 6일 16시,화요일,충청북도 청주시 서원구 사직동,중상사고,0,1,0,0,차대사람 - 기타,안전운전불이행,건조,맑음,단일로 - 기타,자전거,남,10세,상해없음,보행자,남,9세,중상
2018030600100318,2018년 3월 6일 16시,화요일,충청북도 제천시 남천동,경상사고,0,0,2,0,차대차 - 기타,불법유턴,건조,맑음,교차로 - 교차로안,화물,남,55세,상해없음,승용,남,32세,경상
2018030600100344,2018년 3월 6일 17시,화요일,충청북도 음성군 금왕읍,중상사고,0,1,0,0,차대사람 - 횡단중,안전운전불이행,건조,맑음,교차로 - 교차로안,승용,여,46세,상해없음,보행자,여,53세,중상
2018030600100345,2018년 3월 6일 17시,화요일,충청북도 청주시 흥덕구 복대동,중상사고,0,1,0,0,차대사람 - 횡단중,안전운전불이행,건조,맑음,단일로 - 기타,승용,남,44세,상해없음,보행자,여,6세,중상
2018030600100386,2018년 3월 6일 18시,화요일,충청북도 청주시 청원구 오창읍,중상사고,0,1,1,0,차대차 - 추돌,안전운전불이행,건조,맑음,교차로 - 교차로부근,승용,남,69세,중상,승용,여,41세,경상
2018030600100387,2018년 3월 6일 18시,화요일,충청북도 청주시 청원구 율량동,경상사고,0,0,1,0,차대차 - 기타,안전거리미확보,건조,맑음,단일로 - 기타,승용,여,38세,상해없음,승합,남,60세,상해없음
2018030600100388,2018년 3월 6일 18시,화요일,충청북도 제천시 수산면,중상사고,0,1,0,0,차량단독 - 공작물충돌,안전운전불이행,건조,맑음,기타 - 기타,승용,남,57세,중상,,,,