사고번호,사고일시,요일,시군구,사고내용,사망자수,중상자수,경상자수,부상신고자수,사고유형,법규위반,노면상태,기상상태,도로형태,가해운전자 차종,가해운전자 성별,가해운전자 연령,가해운전자 상해정도,피해운전자 차종,피해운전자 성별,피해운전자 연령,피해운전자 상해정도
2018031200100383,2018년 3월 12일 17시,월요일,충청북도 청주시 흥덕구 복대동,중상사고,0,2,0,0,차대사람 - 횡단중,보행자보호의무위반,건조,맑음,교차로 - 교차로횡단보도내,승용,여,44세,상해없음,보행자,여,62세,중상
2018031200100417,2018년 3월 12일 18시,월요일,충청북도 제천시 명지동,중상사고,0,2,1,0,차량단독 - 공작물충돌,안전운전불이행,건조,맑음,교차로 - 교차로안,승합,남,52세,중상,,,,
2018031200100459,2018년 3월 12일 19시,월요일,충청북도 청주시 흥덕구 정봉동,경상사고,0,0,1,0,차대차 - 기타,신호위반,건조,맑음,교차로 - 교차로안,승용,남,58세,상해없음,승용,남,38세,경상
2018031200100460,2018년 3월 12일 19시,월요일,충청북도 청주시 흥덕구 오송읍,경상사고,0,0,2,0,차대차 - 기타,교차로운행방법위반,건조,맑음,교차로 - 교차로안,승용,남,31세,상해없음,승용,여,42세,경상
2018031200100482,2018년 3월 12일 20시,월요일,충청북도 괴산군 괴산읍,경상사고,0,0,1,0,차대차 - 추돌,안전운전불이행,건조,맑음,교차로 - 교차로부근,승용,여,47세,상해없음,승용,여,40세,경상
2018031200100483,2018년 3월 12일 20시,월요일,충청북도 진천군 광혜원면,경상사고,0,0,1,0,차대차 - 추돌,안전운전불이행,건조,맑음,교차로 - 교차로부근,승용,남,63세,상해없음,승용,남,34세,경상
2018031200100511,2018년 3월 12일 21시,월요일,충청북도 제천시 송학면,경상사고,0,0,1,0,차량단독 - 공작물충돌,안전운전불이행,건조,맑음,기타 - 기타,승용,남,33세,경상,,,,
2018031200100512,2018년 3월 12일 21시,월요일,충청북도 청주시 흥덕구 가경동,중상사고,0,1,0,0,차대차 - 측면충돌,신호위반,건조,맑음,교차로 - 교차로안,승용,남,67세,상해없음,승용,남,28세,중상
2018031300100039,2018년 3월 13일 05시,화요일,충청북도 청주시 흥덕구 복대동,경상사고,0,0,1,0,차대차 - 추돌,안전운전불이행,건조,맑음,교차로 - 교차로안,화물,남,75세,상해없음,승용,남,70세,경상
2018031300100092,2018년 3월 13일 08시,화요일,충청북도 보은군 삼승면,경상사고,0,0,2,0,차대차 - 측면충돌,교차로운행방법위반,건조,맑음,교차로 - 교차로안,승용,여,36세,경상,화물,남,53세,경상
2018031300100093,2018년 3월 13일 08시,화요일,충청북도 청주시 흥덕구 송정동,경상사고,0,0,2,0,차대차 - 기타,불법유턴,건조,맑음,기타 - 기타,승용,여,48세,상해없음,승용,여,22세,경상
2018031300100133,2018년 3월 13일 09시,화요일,충청북도 충주시 용두동,중상사고,0,1,0,0,차대차 - 정면충돌,신호위반,건조,맑음,교차로 - 교차로안,승용,남,35세,상해없음,승용,남,48세,중상
2018031300100134,2018년 3월 13일 09시,화요일,충청북도 제천시 남천동,경상사고,0,0,1,0,차대사람 - 횡단중,안전운전불이행,건조,맑음,교차로 - 교차로안,승용,남,64세,상해없음,보행자,여,81세,경상
2018031300100135,2018년 3월 13일 09시,화요일,충청북도 진천군 진천읍,중상사고,0,1,0,0,차대차 - 측면충돌,교차로운행방법위반,건조,맑음,교차로 - 교차로안,화물,남,58세,상해없음,승용,여,54세,중상
2018031300100155,2018년 3월 13일 10시,화요일,충청북도 제천시 산곡동,사망사고,1,0,0,0,차대사람 - 횡단중,신호위반,건조,맑음,교차로 - 교차로부근,화물,여,60세,상해없음,보행자,여,74세,사망
2018031300100156,2018년 3월 13일 10시,화요일,충청북도 제천시 모산동,경상사고,0,0,3,0,차대차 - 측면충돌,중앙선침범,건조,맑음,단일로 - 지하차도(도로)내,승용,남,83세,상해없음,승합,남,41세,경상
2018031300100157,2018년 3월 13일 10시,화요일,충청북도 청주시 서원구 남이면,경상사고,0,0,1,0,차대차 - 추돌,안전운전불이행,건조,맑음,교차로 - 교차로부근,화물,남,21세,상해없음,승용,남,58세,경상
2018031300100178,2018년 3월 13일 11시,화요일,충청북도 청주시 청원구 북이면,중상사고,0,1,1,0,차대차 - 측면충돌,안전거리미확보,건조,맑음,단일로 - 기타,이륜,남,46세,중상,승용,여,55세,경상
2018031300100179,2018년 3월 13일 11시,화요일,충청북도 충주시 연수동,경상사고,0,0,3,0,차대차 - 기타,안전운전불이행,건조,맑음,교차로 - 교차로안,승용,여,37세,경상,승용,여,60세,경상
2018031300100209,2018년 3월 13일 12시,화요일,충청북도 청주시 흥덕구 신봉동,경상사고,0,0,3,0,차대차 - 측면충돌,안전운전불이행,건조,맑음,교차로 - 교차로부근,승합,남,47세,경상,승용,여,43세,경상
2018031300100259,2018년 3월 13일 14시,화요일,충청북도 충주시 봉방동,경상사고,0,0,2,0,차대차 - 추돌,안전운전불이행,건조,맑음,교차로 - 교차로부근,화물,남,55세,상해없음,승용,남,50세,경상
2018031300100260,2018년 3월 13일 14시,화요일,충청북도 진천군 진천읍,중상사고,0,2,2,0,차대차 - 측면충돌,중앙선침범,건조,맑음,교차로 - 교차로부근,승용,남,69세,경상,건설기계,남,60세,경상
2018031300100288,2018년 3월 13일 15시,화요일,충청북도 충주시 교현동,경상사고,0,0,2,0,차대차 - 기타,직진우회전진행방해,건조,맑음,교차로 - 교차로안,승용,남,62세,경상,승용,여,57세,경상
2018031300100332,2018년 3월 13일 16시,화요일,충청북도 단양군 단양읍,중상사고,0,1,0,0,차대차 - 추돌,안전운전불이행,건조,맑음,단일로 - 기타,승용,여,56세,상해없음,화물,남,69세,중상
2018031300100333,2018년 3월 13일 16시,화요일,충청북도 진천군 문백면,중상사고,0,1,0,0,차대사람 - 길가장자리구역통행중,안전운전불이행,건조,맑음,단일로 - 기타,화물,남,65세,상해없음,보행자,남,18세,중상
2018031300100334,2018년 3월 13일 16시,화요일,충청북도 청주시 흥덕구 복대동,경상사고,0,0,2,0,차대차 - 측면충돌,직진우회전진행방해,건조,맑음,교차로 - 교차로안,승용,남,74세,경상,승용,남,59세,경상
2018031300100335,2018년 3월 13일 16시,화요일,충청북도 청주시 상당구 금천동,경상사고,0,0,1,0,차대차 - 측면충돌,안전운전불이행,건조,맑음,교차로 - 교차로횡단보도내,승용,남,80세,상해없음,자전거,남,14세,경상
2018031300100336,2018년 3월 13일 16시,화요일,충청북도 청주시 상당구 석교동,경상사고,0,0,1,0,차대차 - 측면충돌,안전운전불이행,건조,맑음,교차로 - 교차로부근,화물,남,67세,상해없음,승용,여,36세,경상
2018031300100411,2018년 3월 13일 18시,화요일,충청북도 충주시 금릉동,경상사고,0,0,1,1,차대차 - 측면충돌,신호위반,건조,맑음,교차로 - 교차로안,승용,남,74세,부상신고,승용,남,31세,경상
2018031300100451,2018년 3월 13일 19시,화요일,충청북도 충주시 동량면,부상신고사고,0,0,0,1,차대차 - 기타,안전운전불이행,건조,맑음,단일로 - 기타,이륜,남,53세,부상신고,승용,남,65세,상해없음
2018031300100519,2018년 3월 13일 21시,화요일,충청북도 제천시 남천동,경상사고,0,0,1,0,차대사람 - 보도통행중,안전운전불이행,건조,맑음,교차로 - 교차로횡단보도내,이륜,남,17세,상해없음,보행자,여,19세,경상
2018031300100520,2018년 3월 13일 21시,화요일,충청북도 진천군 광혜원면,경상사고,0,0,2,0,차대차 - 기타,직진우회전진행방해,건조,맑음,교차로 - 교차로안,승용,남,27세,경상,승용,남,43세,경상
2018031300100521,2018년 3월 13일 21시,화요일,충청북도 청주시 흥덕구 신봉동,중상사고,0,1,0,0,차대차 - 기타,안전운전불이행,건조,맑음,단일로 - 기타,승용,남,54세,상해없음,이륜,남,34세,중상
2018031400100018,2018년 3월 14일 01시,수요일,충청북도 청주시 흥덕구 복대동,경상사고,0,0,1,0,차대차 - 기타,기타,건조,맑음,교차로 - 교차로안,화물,남,35세,상해없음,승용,남,61세,경상
2018031400100052,2018년 3월 14일 06시,수요일,충청북도 청주시 흥덕구 봉명동,경상사고,0,0,1,0,차대차 - 기타,교차로운행방법위반,건조,맑음,교차로 - 교차로안,화물,남,66세,상해없음,자전거,남,71세,경상
2018031400100068,2018년 3월 14일 07시,수요일,충청북도 충주시 달천동,부상신고사고,0,0,0,1,차대차 - 기타,안전운전불이행,건조,맑음,교차로 - 교차로안,이륜,남,73세,부상신고,승용,남,50세,상해없음
2018031400100176,2018년 3월 14일 10시,수요일,충청북도 청주시 흥덕구 석곡동,경상사고,0,0,1,1,차대차 - 기타,안전운전불이행,건조,맑음,단일로 - 기타,화물,남,58세,부상신고,화물,남,35세,경상
2018031400100234,2018년 3월 14일 12시,수요일,충청북도 진천군 덕산면,중상사고,0,1,0,0,차대차 - 기타,안전운전불이행,건조,맑음,단일로 - 기타,이륜,남,82세,상해없음,이륜,남,40세,중상
2018031400100263,2018년 3월 14일 13시,수요일,충청북도 충주시 칠금동,경상사고,0,0,1,1,차대차 - 기타,신호위반,건조,맑음,교차로 - 교차로안,이륜,남,75세,부상신고,승용,남,43세,경상
2018031400100264,2018년 3월 14일 13시,수요일,충청북도 보은군 보은읍,경상사고,0,0,2,0,차대차 - 측면충돌,교차로운행방법위반,건조,맑음,교차로 - 교차로안,승용,남,41세,경상,승용,남,27세,경상
2018031400100265,2018년 3월 14일 13시,수요일,충청북도 음성군 음성읍,경상사고,0,0,1,0,차대사람 - 기타,안전운전불이행,건조,맑음,주차장 - 주차장,기타불명,기타불명,미분류,기타불명,보행자,여,78세,경상
2018031400100266,2018년 3월 14일 13시,수요일,충청북도 청주시 흥덕구 옥산면,중상사고,0,1,0,0,차대차 - 기타,신호위반,건조,맑음,교차로 - 교차로안,승용,여,31세,상해없음,승용,남,57세,중상
2018031400100296,2018년 3월 14일 14시,수요일,충청북도 충주시 성내동,중상사고,0,2,0,0,차대차 - 추돌,안전운전불이행,건조,맑음,단일로 - 기타,화물,남,49세,상해없음,승용,남,71세,중상
2018031400100297,2018년 3월 14일 14시,수요일,충청북도 충주시 금릉동,경상사고,0,0,1,0,차대차 - 기타,안전운전불이행,건조,맑음,기타 - 기타,승용,남,54세,상해없음,승용,여,56세,경상
2018031400100372,2018년 3월 14일 16시,수요일,충청북도 청주시 청원구 내덕동,경상사고,0,0,2,0,차대차 - 기타,신호위반,건조,맑음,교차로 - 교차로부근,승용,여,34세,상해없음,승용,여,39세,경상
2018031400100373,2018년 3월 14일 16시,수요일,충청북도 청주시 서원구 사창동,경상사고,0,0,2,0,차대차 - 기타,불법유턴,건조,맑음,단일로 - 기타,승용,남,71세,상해없음,승용,남,37세,경상
2018031400100374,2018년 3월 14일 16시,수요일,충청북도 충주시 교현동,경상사고,0,0,1,0,차대사람 - 횡단중,보행자보호의무위반,건조,맑음,교차로 - 교차로횡단보도내,승용,남,43세,상해없음,보행자,남,8세,경상
2018031400100375,2018년 3월 14일 16시,수요일,충청북도 충주시 달천동,사망사고,1,0,1,0,차대차 - 기타,신호위반,건조,맑음,교차로 - 교차로안,승용,여,66세,상해없음,이륜,남,25세,사망
2018031400100376,2018년 3월 14일 16시,수요일,충청북도 청주시 흥덕구 가경동,경상사고,0,0,1,0,차대사람 - 횡단중,보행자보호의무위반,건조,맑음,교차로 - 교차로횡단보도내,기타불명,기타불명,미분류,기타불명,보행자,남,59세,경상
2018031400100409,2018년 3월 14일 17시,수요일,충청북도 청주시 청원구 내덕동,경상사고,0,0,1,0,차대차 - 추돌,안전운전불이행,건조,맑음,교차로 - 교차로부근,승용,남,25세,상해없음,승용,여,53세,경상
2018031400100410,2018년 3월 14일 17시,수요일,충청북도 충주시 칠금동,경상사고,0,0,2,0,차대차 - 추돌,안전운전불이행,건조,맑음,단일로 - 기타,승용,남,64세,상해없음,화물,남,51세,경상
2018031400100411,2018년 3월 14일 17시,수요일,충청북도 제천시 금성면,경상사고,0,0,2,0,차대차 - 측면충돌,중앙선침범,건조,맑음,단일로 - 기타,화물,남,69세,경상,건설기계,남,44세,경상
2018031400100412,2018년 3월 14일 17시,수요일,충청북도 단양군 적성면,경상사고,0,0,1,0,차대차 - 후진중충돌,안전운전불이행,건조,맑음,단일로 - 기타,건설기계,남,55세,상해없음,승용,남,68세,경상
2018031400100413,2018년 3월 14일 17시,수요일,충청북도 청주시 흥덕구 가경동,경상사고,0,0,1,0,차대차 - 기타,안전거리미확보,건조,맑음,단일로 - 기타,화물,남,54세,상해없음,승용,여,45세,경상
2018031400100460,2018년 3월 14일 18시,수요일,충청북도 제천시 강제동,경상사고,0,0,2,0,차대차 - 정면충돌,안전운전불이행,건조,맑음,교차로 - 교차로안,승합,남,45세,경상,화물,남,45세,경상
2018031400100461,2018년 3월 14일 18시,수요일,충청북도 제천시 신월동,중상사고,0,1,1,0,차대차 - 기타,안전운전불이행,건조,맑음,기타 - 기타,승용,남,57세,상해없음,승용,여,31세,경상
2018031400100462,2018년 3월 14일 18시,수요일,충청북도 청주시 서원구 수곡동,경상사고,0,0,1,0,차대차 - 측면충돌,안전운전불이행,건조,맑음,교차로 - 교차로안,승용,남,71세,상해없음,자전거,여,56세,경상
2018031400100500,2018년 3월 14일 19시,수요일,충청북도 옥천군 옥천읍,중상사고,0,1,0,0,차대사람 - 횡단중,보행자보호의무위반,건조,맑음,교차로 - 교차로횡단보도내,승용,남,72세,상해없음,보행자,여,42세,중상
2018031400100605,2018년 3월 14일 22시,수요일,충청북도 충주시 연수동,경상사고,0,0,2,0,차대차 - 기타,안전거리미확보,건조,맑음,교차로 - 교차로부근,승용,남,34세,경상,화물,남,27세,경상
2018031400100606,2018년 3월 14일 22시,수요일,충청북도 괴산군 괴산읍,부상신고사고,0,0,0,1,차량단독 - 도로외이탈 - 기타,안전운전불이행,건조,맑음,교차로 - 교차로안,화물,남,23세,부상신고,,,,
2018031500100040,2018년 3월 15일 03시,목요일,충청북도 제천시 중앙로2가,중상사고,0,2,0,0,차대차 - 측면충돌,신호위반,건조,맑음,교차로 - 교차로안,승용,남,29세,상해없음,원동기,남,16세,중상
2018031500100067,2018년 3월 15일 06시,목요일,충청북도 청주시 청원구 오창읍,경상사고,0,0,5,0,차대차 - 측면충돌,신호위반,젖음/습기,비,교차로 - 교차로안,승용,남,84세,경상,승용,여,35세,경상
2018031500100129,2018년 3월 15일 08시,목요일,충청북도 청주시 청원구 우암동,경상사고,0,0,1,0,차대사람 - 기타,안전운전불이행,젖음/습기,비,단일로 - 기타,승용,여,46세,상해없음,보행자,여,28세,경상
2018031500100130,2018년 3월 15일 08시,목요일,충청북도 청주시 흥덕구 가경동,경상사고,0,0,2,0,차대차 - 측면충돌,교차로운행방법위반,건조,맑음,교차로 - 교차로안,승용,여,54세,경상,승용,남,46세,경상
2018031500100131,2018년 3월 15일 08시,목요일,충청북도 청주시 서원구 분평동,경상사고,0,0,1,0,차대차 - 측면충돌,안전운전불이행,건조,맑음,단일로 - 지하차도(도로)내,화물,남,27세,상해없음,승용,여,25세,경상
2018031500100173,2018년 3월 15일 09시,목요일,충청북도 제천시 중앙로1가,경상사고,0,0,1,0,차대사람 - 차도통행중,안전운전불이행,젖음/습기,비,단일로 - 기타,승용,남,76세,상해없음,보행자,남,76세,경상
2018031500100174,2018년 3월 15일 09시,목요일,충청북도 진천군 이월면,경상사고,0,0,2,0,차대차 - 측면충돌,교차로운행방법위반,젖음/습기,비,교차로 - 교차로안,화물,남,63세,경상,승용,여,41세,경상
2018031500100239,2018년 3월 15일 11시,목요일,충청북도 진천군 덕산면,경상사고,0,0,1,0,차대차 - 측면충돌,안전거리미확보,젖음/습기,비,단일로 - 기타,화물,남,62세,상해없음,승용,남,26세,경상
2018031500100240,2018년 3월 15일 11시,목요일,충청북도 청주시 흥덕구 가경동,경상사고,0,0,1,0,차대차 - 추돌,안전거리미확보,젖음/습기,비,교차로 - 교차로부근,승합,남,49세,상해없음,승용,남,42세,경상
2018031500100261,2018년 3월 15일 12시,목요일,충청북도 청주시 청원구 오창읍,경상사고,0,0,1,0,차대차 - 측면충돌,안전거리미확보,젖음/습기,비,단일로 - 기타,승용,남,25세,상해없음,승용,여,36세,경상
2018031500100291,2018년 3월 15일 13시,목요일,충청북도 청주시 서원구 사창동,경상사고,0,0,1,0,차대사람 - 횡단중,안전운전불이행,젖음/습기,비,단일로 - 기타,승용,남,25세,상해없음,보행자,여,29세,경상
2018031500100314,2018년 3월 15일 14시,목요일,충청북도 진천군 진천읍,경상사고,0,0,1,0,차대차 - 기타,직진우회전진행방해,건조,맑음,교차로 - 교차로안,승용,남,62세,상해없음,이륜,여,50세,경상
2018031500100353,2018년 3월 15일 15시,목요일,충청북도 음성군 맹동면,중상사고,0,2,0,0,차대차 - 정면충돌,중앙선침범,건조,맑음,교차로 - 교차로부근,승용,여,49세,중상,승용,남,46세,중상
2018031500100372,2018년 3월 15일 16시,목요일,충청북도 청주시 청원구 사천동,경상사고,0,0,2,0,차대차 - 기타,안전운전불이행,건조,흐림,교차로 - 교차로안,승용,여,57세,상해없음,승용,여,35세,경상
2018031500100373,2018년 3월 15일 16시,목요일,충청북도 괴산군 괴산읍,중상사고,0,1,0,0,차대사람 - 횡단중,신호위반,건조,흐림,교차로 - 교차로안,승용,남,83세,상해없음,보행자,여,17세,중상
2018031500100403,2018년 3월 15일 17시,목요일,충청북도 청주시 흥덕구 복대동,경상사고,0,0,1,0,차대차 - 기타,안전운전불이행,건조,맑음,단일로 - 기타,특수,남,58세,기타불명,원동기,남,56세,경상
2018031500100404,2018년 3월 15일 17시,목요일,충청북도 청주시 상당구 영운동,중상사고,0,1,0,0,차대사람 - 횡단중,안전운전불이행,건조,맑음,단일로 - 지하차도(도로)내,승용,남,71세,상해없음,보행자,여,9세,중상
2018031500100442,2018년 3월 15일 18시,목요일,충청북도 청주시 상당구 용정동,경상사고,0,0,1,0,차대차 - 추돌,안전운전불이행,젖음/습기,비,단일로 - 지하차도(도로)내,승용,여,31세,상해없음,승용,남,47세,경상
2018031500100443,2018년 3월 15일 18시,목요일,충청북도 청주시 서원구 수곡동,경상사고,0,0,2,0,차대차 - 후진중충돌,안전운전불이행,건조,맑음,교차로 - 교차로부근,승용,남,56세,상해없음,승용,남,42세,경상
2018031500100486,2018년 3월 15일 19시,목요일,충청북도 청주시 청원구 주중동,경상사고,0,0,1,0,차대차 - 기타,안전운전불이행,젖음/습기,비,단일로 - 기타,승용,남,32세,상해없음,화물,남,53세,경상
2018031500100487,2018년 3월 15일 19시,목요일,충청북도 충주시 달천동,중상사고,0,2,1,1,차대차 - 기타,신호위반,건조,맑음,교차로 - 교차로안,승용,여,36세,부상신고,승용,남,61세,중상
2018031500100488,2018년 3월 15일 19시,목요일,충청북도 청주시 상당구 문화동,경상사고,0,0,1,0,차대차 - 추돌,안전운전불이행,건조,흐림,교차로 - 교차로안,이륜,남,35세,경상,승용,남,59세,상해없음
2018031500100564,2018년 3월 15일 21시,목요일,충청북도 청주시 흥덕구 복대동,경상사고,0,0,2,0,차대차 - 측면충돌,불법유턴,건조,맑음,교차로 - 교차로부근,화물,남,40세,상해없음,승용,남,41세,경상
2018031500100593,2018년 3월 15일 22시,목요일,충청북도 청주시 흥덕구 복대동,경상사고,0,0,1,0,차대차 - 측면충돌,안전운전불이행,젖음/습기,비,교차로 - 교차로안,승용,남,46세,상해없음,승용,여,56세,경상
2018031500100594,2018년 3월 15일 22시,목요일,충청북도 청주시 서원구 산남동,경상사고,0,0,3,0,차대차 - 기타,신호위반,젖음/습기,비,교차로 - 교차로안,승용,여,47세,상해없음,승용,남,49세,경상
2018031500100621,2018년 3월 15일 23시,목요일,충청북도 진천군 진천읍,경상사고,0,0,1,0,차량단독 - 공작물충돌,안전운전불이행,건조,맑음,기타 - 기타,화물,남,48세,경상,,,,
2018031600100010,2018년 3월 16일 00시,금요일,충청북도 청주시 청원구 사천동,중상사고,0,1,2,0,차대차 - 기타,교차로운행방법위반,젖음/습기,비,교차로 - 교차로안,승용,남,58세,경상,승용,여,60세,중상
2018031600100011,2018년 3월 16일 00시,금요일,충청북도 충주시 봉방동,경상사고,0,0,1,0,차대차 - 측면충돌,안전운전불이행,건조,흐림,단일로 - 기타,승용,남,45세,상해없음,승용,남,47세,경상
2018031600100052,2018년 3월 16일 05시,금요일,충청북도 옥천군 옥천읍,중상사고,0,1,0,0,차대차 - 정면충돌,중앙선침범,젖음/습기,흐림,단일로 - 기타,승용,남,26세,상해없음,승용,남,65세,중상
2018031600100072,2018년 3월 16일 07시,금요일,충청북도 충주시 주덕읍,중상사고,0,1,0,0,차대차 - 측면충돌,안전운전불이행,건조,맑음,교차로 - 교차로안,화물,남,52세,상해없음,승용,남,43세,중상
2018031600100073,2018년 3월 16일 07시,금요일,충청북도 음성군 원남면,경상사고,0,0,2,0,차대차 - 측면충돌,과속,건조,맑음,교차로 - 교차로안,승용,여,55세,경상,승용,남,44세,경상
2018031600100143,2018년 3월 16일 09시,금요일,충청북도 충주시 중앙탑면,중상사고,0,1,0,0,차대차 - 측면충돌,안전운전불이행,건조,맑음,교차로 - 교차로부근,승용,남,22세,상해없음,이륜,여,48세,중상
2018031600100144,2018년 3월 16일 09시,금요일,충청북도 음성군 금왕읍,중상사고,0,1,0,0,차대사람 - 횡단중,안전운전불이행,건조,맑음,교차로 - 교차로횡단보도내,승합,남,62세,상해없음,보행자,여,87세,중상
2018031600100145,2018년 3월 16일 09시,금요일,충청북도 청주시 서원구 남이면,경상사고,0,0,2,0,차대차 - 기타,안전운전불이행,건조,맑음,교차로 - 교차로부근,화물,남,36세,상해없음,승합,남,51세,상해없음
2018031600100259,2018년 3월 16일 13시,금요일,충청북도 청주시 흥덕구 오송읍,경상사고,0,0,1,0,차대차 - 기타,안전운전불이행,건조,맑음,교차로 - 교차로횡단보도내,이륜,남,83세,경상,승용,여,54세,상해없음
2018031600100289,2018년 3월 16일 14시,금요일,충청북도 음성군 맹동면,중상사고,0,1,2,0,차대차 - 측면충돌,교차로운행방법위반,건조,맑음,교차로 - 교차로안,승용,남,24세,경상,승용,여,41세,중상
2018031600100290,2018년 3월 16일 14시,금요일,충청북도 진천군 진천읍,경상사고,0,0,1,0,차대차 - 기타,안전운전불이행,건조,맑음,교차로 - 교차로안,승용,여,41세,상해없음,화물,남,32세,경상
2018031600100317,2018년 3월 16일 15시,금요일,충청북도 청주시 청원구 율량동,중상사고,0,1,0,0,차대차 - 기타,안전운전불이행,건조,맑음,교차로 - 교차로안,승용,남,35세,상해없음,승용,여,32세,중상
2018031600100318,2018년 3월 16일 15시,금요일,충청북도 증평군 증평읍,경상사고,0,0,1,0,차대차 - 추돌,안전운전불이행,건조,맑음,단일로 - 교량,승용,여,52세,상해없음,승용,남,35세,경상
2018031600100400,2018년 3월 16일 17시,금요일,충청북도 청주시 청원구 내덕동,경상사고,0,0,1,0,차대차 - 기타,안전운전불이행,건조,맑음,교차로 - 교차로부근,승용,남,54세,상해없음,승용,남,37세,경상
2018031600100401,2018년 3월 16일 17시,금요일,충청북도 청주시 청원구 사천동,중상사고,0,1,0,0,차대차 - 기타,안전운전불이행,건조,맑음,단일로 - 기타,승용,여,58세,상해없음,자전거,남,71세,중상
2018031600100402,2018년 3월 16일 17시,금요일,충청북도 청주시 흥덕구 송절동,경상사고,0,0,1,0,차대사람 - 횡단중,안전운전불이행,건조,맑음,교차로 - 교차로부근,화물,남,48세,상해없음,보행자,남,58세,경상
2018031600100428,2018년 3월 16일 18시,금요일,충청북도 청주시 서원구 사창동,경상사고,0,0,1,0,차대사람 - 횡단중,신호위반,건조,맑음,교차로 - 교차로부근,승합,남,58세,상해없음,보행자,남,9세,경상
2018031600100429,2018년 3월 16일 18시,금요일,충청북도 청주시 청원구 율량동,경상사고,0,0,1,0,차대차 - 기타,불법유턴,건조,맑음,단일로 - 기타,승용,여,46세,상해없음,원동기,남,47세,경상
2018031600100430,2018년 3월 16일 18시,금요일,충청북도 청주시 흥덕구 가경동,경상사고,0,0,1,0,차대차 - 기타,안전운전불이행,건조,맑음,단일로 - 기타,화물,남,63세,상해없음,이륜,남,25세,경상
2018031600100431,2018년 3월 16일 18시,금요일,충청북도 청주시 서원구 수곡동,경상사고,0,0,2,0,차대차 - 측면충돌,신호위반,건조,맑음,교차로 - 교차로안,승용,여,24세,경상,승용,여,34세,경상
2018031600100478,2018년 3월 16일 19시,금요일,충청북도 충주시 봉방동,경상사고,0,0,4,0,차대차 - 측면충돌,교차로운행방법위반,건조,맑음,단일로 - 기타,승용,여,49세,경상,승용,여,47세,경상
2018031600100479,2018년 3월 16일 19시,금요일,충청북도 진천군 진천읍,중상사고,0,1,0,0,차대차 - 측면충돌,직진우회전진행방해,건조,맑음,교차로 - 교차로안,승용,여,37세,상해없음,자전거,남,28세,중상
2018031600100480,2018년 3월 16일 19시,금요일,충청북도 청주시 흥덕구 가경동,중상사고,0,1,2,0,차대차 - 기타,안전거리미확보,건조,맑음,교차로 - 교차로부근,승용,남,29세,상해없음,승용,남,43세,중상
2018031600100560,2018년 3월 16일 21시,금요일,충청북도 충주시 호암동,중상사고,0,1,0,0,차대사람 - 횡단중,보행자보호의무위반,건조,맑음,교차로 - 교차로부근,이륜,남,17세,상해없음,보행자,여,51세,중상
2018031600100561,2018년 3월 16일 21시,금요일,충청북도 음성군 금왕읍,경상사고,0,0,1,0,차대차 - 측면충돌,안전운전불이행,건조,맑음,교차로 - 교차로부근,자전거,남,15세,경상,승용,남,44세,상해없음
2018031600100626,2018년 3월 16일 23시,금요일,충청북도 청주시 청원구 오창읍,경상사고,0,0,3,0,차대차 - 추돌,안전운전불이행,건조,흐림,교차로 - 교차로부근,승용,여,53세,상해없음,승용,남,53세,상해없음
2018031600100627,2018년 3월 16일 23시,금요일,충청북도 충주시 살미면,경상사고,0,0,1,0,차량단독 - 공작물충돌,안전운전불이행,건조,맑음,단일로 - 기타,승용,남,44세,경상,,,,
2018031600100628,2018년 3월 16일 23시,금요일,충청북도 괴산군 사리면,경상사고,0,0,1,0,차량단독 - 공작물충돌,안전운전불이행,건조,맑음,단일로 - 기타,승용,남,29세,경상,,,,
2018031700100054,2018년 3월 17일 04시,토요일,충청북도 청주시 상당구 석교동,경상사고,0,0,3,0,차대차 - 측면충돌,중앙선침범,건조,맑음,단일로 - 지하차도(도로)내,승용,남,48세,경상,승용,여,34세,경상
2018031700100132,2018년 3월 17일 09시,토요일,충청북도 청주시 서원구 사직동,경상사고,0,0,1,0,차대차 - 측면충돌,신호위반,건조,맑음,교차로 - 교차로부근,승용,남,25세,상해없음,승용,남,43세,경상
2018031700100133,2018년 3월 17일 09시,토요일,충청북도 청주시 흥덕구 비하동,경상사고,0,0,1,0,차대차 - 기타,중앙선침범,건조,맑음,교차로 - 교차로부근,승용,남,43세,상해없음,승용,남,53세,경상
2018031700100164,2018년 3월 17일 10시,토요일,충청북도 청주시 흥덕구 복대동,경상사고,0,0,5,0,차대차 - 측면충돌,안전운전불이행,건조,맑음,단일로 - 기타,승용,남,60세,상해없음,승용,남,39세,경상
2018031700100165,2018년 3월 17일 10시,토요일,충청북도 청주시 상당구 용담동,경상사고,0,0,3,0,차대차 - 기타,안전운전불이행,건조,맑음,단일로 - 지하차도(도로)내,승용,여,39세,경상,승용,여,68세,경상
2018031700100195,2018년 3월 17일 11시,토요일,충청북도 제천시 동현동,경상사고,0,0,1,0,차대차 - 측면충돌,신호위반,건조,맑음,교차로 - 교차로안,승합,남,23세,상해없음,승용,남,65세,경상
2018031700100229,2018년 3월 17일 12시,토요일,충청북도 음성군 맹동면,경상사고,0,0,3,0,차대차 - 측면충돌,교차로운행방법위반,건조,맑음,교차로 - 교차로안,승용,여,51세,경상,승용,여,39세,상해없음