사고번호,사고일시,요일,시군구,사고내용,사망자수,중상자수,경상자수,부상신고자수,사고유형,법규위반,노면상태,기상상태,도로형태,가해운전자 차종,가해운전자 성별,가해운전자 연령,가해운전자 상해정도,피해운전자 차종,피해운전자 성별,피해운전자 연령,피해운전자 상해정도
2018033000100380,2018년 3월 30일 16시,금요일,충청북도 청주시 상당구 금천동,경상사고,0,0,1,0,차대사람 - 차도통행중,안전운전불이행,건조,맑음,교차로 - 교차로안,승용,여,36세,상해없음,보행자,남,12세,경상
2018033000100420,2018년 3월 30일 17시,금요일,충청북도 제천시 하소동,경상사고,0,0,2,0,차대차 - 기타,안전운전불이행,건조,맑음,교차로 - 교차로안,승용,남,58세,상해없음,승용,여,70세,상해없음
2018033000100421,2018년 3월 30일 17시,금요일,충청북도 청주시 서원구 미평동,중상사고,0,1,0,0,차대차 - 측면충돌,안전운전불이행,건조,맑음,교차로 - 교차로안,화물,남,61세,상해없음,승용,여,37세,중상
2018033000100474,2018년 3월 30일 18시,금요일,충청북도 청주시 청원구 오창읍,경상사고,0,0,2,0,차량단독 - 기타,안전운전불이행,건조,맑음,단일로 - 기타,화물,남,64세,경상,,,,
2018033000100475,2018년 3월 30일 18시,금요일,충청북도 충주시 호암동,경상사고,0,0,1,0,차대차 - 기타,안전운전불이행,건조,맑음,교차로 - 교차로안,승용,여,62세,상해없음,승용,남,33세,경상
2018033000100476,2018년 3월 30일 18시,금요일,충청북도 충주시 지현동,경상사고,0,0,1,0,차대차 - 기타,기타,건조,맑음,단일로 - 기타,승용,남,45세,상해없음,이륜,남,47세,경상
2018033000100477,2018년 3월 30일 18시,금요일,충청북도 단양군 적성면,중상사고,0,1,0,0,차대차 - 기타,안전운전불이행,건조,맑음,주차장 - 주차장,승용,남,57세,상해없음,화물,남,74세,중상
2018033000100478,2018년 3월 30일 18시,금요일,충청북도 진천군 이월면,경상사고,0,0,1,0,차대차 - 추돌,안전거리미확보,건조,맑음,단일로 - 기타,승용,여,40세,상해없음,승용,여,51세,경상
2018033000100479,2018년 3월 30일 18시,금요일,충청북도 청주시 흥덕구 봉명동,경상사고,0,0,3,0,차대차 - 측면충돌,교차로운행방법위반,건조,맑음,교차로 - 교차로안,승용,남,38세,경상,승용,남,61세,경상
2018033000100558,2018년 3월 30일 20시,금요일,충청북도 충주시 엄정면,중상사고,0,2,0,0,차대차 - 기타,과속,건조,맑음,단일로 - 기타,화물,남,41세,상해없음,승용,여,59세,중상
2018033000100559,2018년 3월 30일 20시,금요일,충청북도 음성군 맹동면,중상사고,0,1,2,0,차대차 - 측면충돌,신호위반,건조,맑음,교차로 - 교차로안,승용,남,22세,상해없음,승용,여,37세,중상
2018033000100619,2018년 3월 30일 22시,금요일,충청북도 제천시 장락동,경상사고,0,0,3,0,차대차 - 측면충돌,직진우회전진행방해,건조,맑음,교차로 - 교차로안,승용,여,42세,경상,승용,남,73세,경상
2018033000100620,2018년 3월 30일 22시,금요일,충청북도 청주시 상당구 용암동,부상신고사고,0,0,0,1,차대차 - 추돌,안전운전불이행,건조,맑음,교차로 - 교차로안,이륜,남,53세,부상신고,승용,남,54세,상해없음
2018033100100015,2018년 3월 31일 00시,토요일,충청북도 청주시 청원구 오창읍,경상사고,0,0,1,0,차대차 - 정면충돌,신호위반,건조,맑음,교차로 - 교차로안,승용,남,36세,상해없음,승용,남,58세,경상
2018033100100097,2018년 3월 31일 07시,토요일,충청북도 청주시 흥덕구 가경동,경상사고,0,0,1,0,차대차 - 추돌,안전운전불이행,건조,맑음,교차로 - 교차로부근,승용,남,54세,경상,승용,남,40세,상해없음
2018033100100116,2018년 3월 31일 08시,토요일,충청북도 음성군 음성읍,경상사고,0,0,2,0,차대차 - 측면충돌,차로위반,건조,맑음,교차로 - 교차로부근,화물,남,44세,경상,화물,여,55세,상해없음
2018033100100189,2018년 3월 31일 11시,토요일,충청북도 옥천군 옥천읍,중상사고,0,2,1,0,차대차 - 측면충돌,교차로운행방법위반,건조,맑음,교차로 - 교차로안,건설기계,남,68세,상해없음,승용,남,67세,경상
2018033100100259,2018년 3월 31일 13시,토요일,충청북도 청주시 흥덕구 복대동,중상사고,0,1,0,0,차대차 - 기타,신호위반,건조,맑음,교차로 - 교차로부근,화물,남,27세,기타불명,이륜,남,37세,중상
2018033100100300,2018년 3월 31일 14시,토요일,충청북도 옥천군 이원면,중상사고,0,1,0,0,차대사람 - 횡단중,안전운전불이행,건조,맑음,단일로 - 기타,승용,남,78세,상해없음,보행자,남,7세,중상
2018033100100337,2018년 3월 31일 15시,토요일,충청북도 청주시 서원구 미평동,경상사고,0,0,2,0,차대차 - 측면충돌,안전운전불이행,건조,맑음,단일로 - 지하차도(도로)내,승용,남,42세,상해없음,승합,남,48세,경상
2018033100100377,2018년 3월 31일 16시,토요일,충청북도 제천시 신백동,경상사고,0,0,4,0,차대차 - 측면충돌,교차로운행방법위반,건조,맑음,교차로 - 교차로안,승용,남,36세,경상,화물,남,55세,경상
2018033100100445,2018년 3월 31일 18시,토요일,충청북도 청주시 흥덕구 봉명동,경상사고,0,0,1,0,차대차 - 기타,안전운전불이행,건조,맑음,교차로 - 교차로부근,승용,남,75세,상해없음,승용,남,44세,기타불명
2018033100100485,2018년 3월 31일 19시,토요일,충청북도 청주시 서원구 사창동,경상사고,0,0,1,0,차대사람 - 기타,안전운전불이행,건조,맑음,단일로 - 기타,승합,남,56세,상해없음,보행자,여,32세,경상
2018033100100511,2018년 3월 31일 20시,토요일,충청북도 충주시 대소원면,경상사고,0,0,1,1,차대차 - 측면충돌,직진우회전진행방해,건조,맑음,교차로 - 교차로안,승용,남,35세,부상신고,승용,여,38세,경상
2018033100100573,2018년 3월 31일 22시,토요일,충청북도 청주시 서원구 사창동,경상사고,0,0,1,0,차대사람 - 기타,안전운전불이행,건조,맑음,단일로 - 기타,승용,남,22세,상해없음,보행자,여,23세,경상
2018033100100574,2018년 3월 31일 22시,토요일,충청북도 충주시 연수동,부상신고사고,0,0,0,1,차대사람 - 기타,안전운전불이행,건조,맑음,교차로 - 교차로부근,승합,남,21세,상해없음,보행자,남,33세,부상신고
2018033100100575,2018년 3월 31일 22시,토요일,충청북도 음성군 원남면,경상사고,0,0,1,0,차대차 - 측면충돌,안전운전불이행,건조,맑음,교차로 - 교차로부근,화물,남,64세,상해없음,자전거,남,23세,경상
2018040100100053,2018년 4월 1일 02시,일요일,충청북도 충주시 연수동,경상사고,0,0,1,0,차대차 - 기타,안전운전불이행,건조,맑음,교차로 - 교차로부근,승용,남,49세,상해없음,승용,남,33세,경상
2018040100100072,2018년 4월 1일 04시,일요일,충청북도 진천군 진천읍,중상사고,0,1,0,0,차대차 - 추돌,안전운전불이행,건조,맑음,단일로 - 기타,승용,남,30세,상해없음,화물,남,42세,중상
2018040100100142,2018년 4월 1일 10시,일요일,충청북도 청주시 청원구 우암동,중상사고,0,1,0,0,차대사람 - 횡단중,안전운전불이행,건조,맑음,교차로 - 교차로부근,승용,남,73세,상해없음,보행자,여,66세,중상
2018040100100143,2018년 4월 1일 10시,일요일,충청북도 음성군 삼성면,중상사고,0,1,0,0,차대차 - 기타,안전운전불이행,건조,맑음,교차로 - 교차로안,이륜,남,64세,중상,화물,남,60세,상해없음
2018040100100144,2018년 4월 1일 10시,일요일,충청북도 청주시 흥덕구 송정동,경상사고,0,0,1,0,차대차 - 기타,안전운전불이행,건조,맑음,교차로 - 교차로안,승용,남,71세,상해없음,승용,남,29세,경상
2018040100100165,2018년 4월 1일 11시,일요일,충청북도 청주시 청원구 내덕동,중상사고,0,3,2,0,차대차 - 기타,직진우회전진행방해,건조,맑음,교차로 - 교차로안,승용,남,35세,중상,승용,남,50세,중상
2018040100100166,2018년 4월 1일 11시,일요일,충청북도 증평군 증평읍,경상사고,0,0,4,0,차대차 - 측면충돌,신호위반,건조,흐림,교차로 - 교차로안,승용,남,55세,상해없음,승용,여,44세,경상
2018040100100210,2018년 4월 1일 13시,일요일,충청북도 음성군 원남면,중상사고,0,1,0,0,차량단독 - 전도전복 - 전도,안전운전불이행,건조,맑음,교차로 - 교차로부근,승용,남,62세,중상,미분류,미분류,미분류,미분류
2018040100100211,2018년 4월 1일 13시,일요일,충청북도 청주시 흥덕구 봉명동,경상사고,0,0,1,0,차대차 - 기타,안전운전불이행,건조,맑음,단일로 - 기타,승용,여,31세,상해없음,이륜,남,29세,경상
2018040100100236,2018년 4월 1일 14시,일요일,충청북도 청주시 상당구 용암동,중상사고,0,1,0,0,차대사람 - 횡단중,안전운전불이행,건조,맑음,교차로 - 교차로안,승용,남,67세,상해없음,보행자,남,71세,중상
2018040100100292,2018년 4월 1일 16시,일요일,충청북도 청주시 청원구 주중동,경상사고,0,0,4,0,차대차 - 측면충돌,교차로운행방법위반,건조,맑음,교차로 - 교차로안,승용,남,65세,경상,승용,남,39세,경상
2018040100100293,2018년 4월 1일 16시,일요일,충청북도 충주시 안림동,경상사고,0,0,1,0,차대차 - 측면충돌,신호위반,건조,맑음,교차로 - 교차로안,승용,여,62세,상해없음,승용,남,33세,경상
2018040100100321,2018년 4월 1일 17시,일요일,충청북도 청주시 상당구 미원면,사망사고,1,0,0,0,차량단독 - 전도전복 - 전도,안전운전불이행,건조,맑음,단일로 - 기타,화물,남,57세,사망,미분류,미분류,미분류,미분류
2018040100100403,2018년 4월 1일 20시,일요일,충청북도 청주시 청원구 우암동,경상사고,0,0,1,0,차대차 - 측면충돌,안전운전불이행,건조,맑음,교차로 - 교차로안,자전거,남,24세,경상,승용,남,25세,상해없음
2018040100100404,2018년 4월 1일 20시,일요일,충청북도 청주시 서원구 산남동,중상사고,0,1,3,0,차대차 - 추돌,안전운전불이행,건조,맑음,교차로 - 교차로부근,화물,남,60세,상해없음,승용,남,43세,경상
2018040100100405,2018년 4월 1일 20시,일요일,충청북도 청주시 상당구 금천동,경상사고,0,0,1,0,차대차 - 측면충돌,안전운전불이행,건조,맑음,단일로 - 지하차도(도로)내,승용,남,45세,상해없음,승용,여,39세,경상
2018040100100429,2018년 4월 1일 21시,일요일,충청북도 제천시 모산동,경상사고,0,0,1,0,차대사람 - 기타,안전운전불이행,건조,맑음,주차장 - 주차장,기타불명,기타불명,미분류,기타불명,보행자,남,65세,경상
2018040100100430,2018년 4월 1일 21시,일요일,충청북도 청주시 서원구 수곡동,경상사고,0,0,3,0,차대차 - 추돌,안전운전불이행,건조,맑음,교차로 - 교차로부근,승용,남,36세,상해없음,승용,여,45세,경상
2018040100100446,2018년 4월 1일 22시,일요일,충청북도 청주시 청원구 내덕동,중상사고,0,1,1,0,차대차 - 정면충돌,신호위반,건조,맑음,교차로 - 교차로안,원동기,남,42세,중상,승용,여,58세,경상
2018040200100019,2018년 4월 2일 01시,월요일,충청북도 청주시 서원구 사창동,경상사고,0,0,1,0,차량단독 - 기타,안전운전불이행,건조,맑음,단일로 - 기타,승용,남,23세,경상,,,,
2018040200100032,2018년 4월 2일 03시,월요일,충청북도 진천군 진천읍,중상사고,0,1,1,0,차대차 - 추돌,안전운전불이행,건조,맑음,단일로 - 기타,승용,남,42세,경상,승용,여,56세,중상
2018040200100080,2018년 4월 2일 07시,월요일,충청북도 옥천군 군북면,중상사고,0,1,0,0,차량단독 - 기타,안전운전불이행,젖음/습기,안개,교차로 - 교차로부근,승용,남,68세,상해없음,,,,
2018040200100116,2018년 4월 2일 08시,월요일,충청북도 진천군 진천읍,경상사고,0,0,1,0,차대차 - 기타,안전운전불이행,건조,기타,교차로 - 교차로안,화물,남,70세,상해없음,승용,남,57세,경상
2018040200100117,2018년 4월 2일 08시,월요일,충청북도 청주시 흥덕구 봉명동,경상사고,0,0,1,0,차대차 - 측면충돌,차로위반,건조,맑음,단일로 - 기타,승용,남,47세,상해없음,승용,남,35세,경상
2018040200100213,2018년 4월 2일 11시,월요일,충청북도 청주시 서원구 사직동,중상사고,0,1,1,0,차대사람 - 기타,안전운전불이행,건조,맑음,단일로 - 기타,자전거,남,34세,중상,보행자,남,8세,경상
2018040200100214,2018년 4월 2일 11시,월요일,충청북도 제천시 중앙로1가,중상사고,0,1,0,0,차대사람 - 횡단중,보행자보호의무위반,건조,맑음,교차로 - 교차로횡단보도내,화물,남,66세,상해없음,보행자,여,59세,중상
2018040200100240,2018년 4월 2일 12시,월요일,충청북도 충주시 봉방동,중상사고,0,1,0,0,차대사람 - 기타,안전운전불이행,건조,맑음,교차로 - 교차로안,승용,남,61세,상해없음,보행자,여,83세,중상
2018040200100241,2018년 4월 2일 12시,월요일,충청북도 제천시 장락동,중상사고,0,1,0,0,차대차 - 측면충돌,안전운전불이행,건조,맑음,교차로 - 교차로안,이륜,남,19세,중상,승용,남,60세,상해없음
2018040200100242,2018년 4월 2일 12시,월요일,충청북도 청주시 흥덕구 봉명동,중상사고,0,1,0,0,차대차 - 측면충돌,교차로운행방법위반,건조,맑음,교차로 - 교차로안,이륜,남,25세,중상,승용,남,22세,상해없음
2018040200100302,2018년 4월 2일 14시,월요일,충청북도 충주시 문화동,경상사고,0,0,1,0,차대차 - 기타,안전운전불이행,건조,맑음,단일로 - 기타,승용,여,44세,상해없음,이륜,남,33세,경상
2018040200100303,2018년 4월 2일 14시,월요일,충청북도 청주시 흥덕구 강서동,중상사고,0,1,2,0,차대차 - 기타,교차로운행방법위반,건조,맑음,교차로 - 교차로부근,승용,남,44세,상해없음,승용,남,31세,경상
2018040200100304,2018년 4월 2일 14시,월요일,충청북도 청주시 상당구 문의면,사망사고,1,0,0,0,차량단독 - 공작물충돌,안전운전불이행,건조,맑음,단일로 - 기타,화물,남,30세,사망,,,,
2018040200100338,2018년 4월 2일 15시,월요일,충청북도 충주시 교현동,중상사고,0,2,0,0,차대차 - 기타,안전운전불이행,건조,맑음,단일로 - 기타,이륜,남,25세,중상,자전거,남,14세,중상
2018040200100339,2018년 4월 2일 15시,월요일,충청북도 음성군 음성읍,중상사고,0,2,0,0,차량단독 - 도로외이탈 - 기타,안전운전불이행,건조,맑음,교차로 - 교차로부근,화물,남,73세,중상,,,,
2018040200100340,2018년 4월 2일 15시,월요일,충청북도 음성군 음성읍,경상사고,0,0,1,0,차대차 - 측면충돌,신호위반,건조,맑음,교차로 - 교차로안,승용,남,75세,상해없음,화물,남,38세,경상
2018040200100341,2018년 4월 2일 15시,월요일,충청북도 청주시 흥덕구 옥산면,중상사고,0,2,0,0,차대차 - 기타,중앙선침범,건조,맑음,단일로 - 기타,승용,남,63세,상해없음,특수,남,39세,중상
2018040200100374,2018년 4월 2일 16시,월요일,충청북도 청주시 서원구 사창동,경상사고,0,0,1,0,차대사람 - 차도통행중,보행자보호의무위반,건조,맑음,단일로 - 기타,이륜,남,19세,상해없음,보행자,남,6세,경상
2018040200100375,2018년 4월 2일 16시,월요일,충청북도 제천시 청전동,경상사고,0,0,2,0,차대차 - 측면충돌,기타,건조,맑음,교차로 - 교차로안,승용,남,23세,상해없음,승용,남,65세,상해없음
2018040200100409,2018년 4월 2일 17시,월요일,충청북도 제천시 신월동,경상사고,0,0,7,0,차대차 - 측면충돌,안전운전불이행,건조,맑음,교차로 - 교차로안,승용,남,19세,경상,화물,남,67세,경상
2018040200100489,2018년 4월 2일 19시,월요일,충청북도 청주시 상당구 남문로1가동,경상사고,0,0,1,0,차대차 - 추돌,안전운전불이행,건조,맑음,교차로 - 교차로안,승용,남,72세,상해없음,승용,남,46세,기타불명
2018040200100490,2018년 4월 2일 19시,월요일,충청북도 청주시 상당구 지북동,중상사고,0,1,0,0,차대차 - 추돌,안전운전불이행,건조,맑음,교차로 - 교차로부근,승용,남,33세,상해없음,승용,남,70세,중상
2018040200100491,2018년 4월 2일 19시,월요일,충청북도 청주시 상당구 북문로1가동,경상사고,0,0,1,0,차대사람 - 기타,안전운전불이행,건조,맑음,단일로 - 지하차도(도로)내,승합,남,48세,기타불명,보행자,여,26세,경상
2018040200100528,2018년 4월 2일 20시,월요일,충청북도 진천군 덕산면,중상사고,0,1,0,0,차대차 - 기타,안전운전불이행,건조,맑음,교차로 - 교차로부근,승용,여,54세,상해없음,이륜,남,33세,중상
2018040200100529,2018년 4월 2일 20시,월요일,충청북도 청주시 서원구 현도면,경상사고,0,0,1,0,차대차 - 측면충돌,안전운전불이행,건조,맑음,단일로 - 기타,승용,남,28세,상해없음,자전거,여,44세,경상
2018040200100560,2018년 4월 2일 21시,월요일,충청북도 충주시 금릉동,경상사고,0,0,1,0,차대차 - 측면충돌,신호위반,건조,맑음,교차로 - 교차로부근,승용,남,47세,상해없음,승용,남,24세,경상
2018040200100561,2018년 4월 2일 21시,월요일,충청북도 청주시 서원구 성화동,경상사고,0,0,1,0,차대차 - 측면충돌,중앙선침범,건조,맑음,교차로 - 교차로안,이륜,남,35세,상해없음,승용,남,30세,경상
2018040200100590,2018년 4월 2일 22시,월요일,충청북도 충주시 용산동,중상사고,0,1,0,0,차대차 - 기타,안전운전불이행,건조,맑음,교차로 - 교차로안,승용,남,53세,상해없음,자전거,남,39세,중상
2018040200100591,2018년 4월 2일 22시,월요일,충청북도 제천시 의림동,경상사고,0,0,1,0,차대차 - 측면충돌,안전운전불이행,건조,맑음,단일로 - 기타,승용,남,47세,상해없음,승용,여,59세,경상
2018040200100592,2018년 4월 2일 22시,월요일,충청북도 제천시 봉양읍,중상사고,0,1,0,0,차대차 - 추돌,안전운전불이행,건조,맑음,단일로 - 기타,이륜,남,30세,중상,농기계,남,55세,상해없음
2018040300100059,2018년 4월 3일 06시,화요일,충청북도 음성군 감곡면,중상사고,0,1,0,0,차대차 - 측면충돌,교차로운행방법위반,건조,맑음,교차로 - 교차로안,이륜,남,77세,중상,승용,남,47세,상해없음
2018040300100060,2018년 4월 3일 06시,화요일,충청북도 청주시 흥덕구 봉명동,중상사고,0,1,1,0,차대차 - 정면충돌,교차로운행방법위반,건조,맑음,교차로 - 교차로안,승용,여,61세,경상,화물,여,53세,중상
2018040300100107,2018년 4월 3일 08시,화요일,충청북도 제천시 하소동,중상사고,0,1,0,0,차대사람 - 횡단중,보행자보호의무위반,건조,맑음,교차로 - 교차로부근,승용,남,51세,상해없음,보행자,남,15세,중상
2018040300100108,2018년 4월 3일 08시,화요일,충청북도 음성군 감곡면,경상사고,0,0,2,0,차대차 - 측면충돌,교차로운행방법위반,건조,맑음,교차로 - 교차로안,승용,여,53세,상해없음,승용,여,36세,상해없음
2018040300100109,2018년 4월 3일 08시,화요일,충청북도 청주시 상당구 용암동,중상사고,0,1,0,0,차대사람 - 횡단중,보행자보호의무위반,건조,맑음,교차로 - 교차로안,승용,남,61세,상해없음,보행자,여,46세,중상
2018040300100178,2018년 4월 3일 10시,화요일,충청북도 제천시 명동,경상사고,0,0,4,2,차대차 - 측면충돌,신호위반,건조,맑음,교차로 - 교차로안,승용,남,40세,상해없음,승용,여,28세,경상
2018040300100202,2018년 4월 3일 11시,화요일,충청북도 충주시 칠금동,경상사고,0,0,1,0,차대차 - 추돌,안전거리미확보,건조,맑음,교차로 - 교차로부근,승용,여,55세,경상,화물,남,25세,상해없음
2018040300100203,2018년 4월 3일 11시,화요일,충청북도 제천시 고명동,경상사고,0,0,2,1,차대차 - 측면충돌,중앙선침범,건조,맑음,교차로 - 교차로부근,화물,남,58세,부상신고,화물,남,48세,경상
2018040300100204,2018년 4월 3일 11시,화요일,충청북도 청주시 흥덕구 봉명동,중상사고,0,1,4,0,차대차 - 추돌,안전거리미확보,건조,맑음,단일로 - 기타,승용,여,30세,중상,승용,남,37세,상해없음
2018040300100205,2018년 4월 3일 11시,화요일,충청북도 청주시 흥덕구 봉명동,경상사고,0,0,1,1,차대차 - 추돌,안전거리미확보,건조,맑음,단일로 - 기타,이륜,남,33세,부상신고,화물,남,43세,경상
2018040300100277,2018년 4월 3일 13시,화요일,충청북도 충주시 산척면,경상사고,0,0,1,0,차대차 - 기타,직진우회전진행방해,건조,맑음,교차로 - 교차로안,농기계,남,71세,상해없음,승용,남,53세,경상
2018040300100278,2018년 4월 3일 13시,화요일,충청북도 청주시 흥덕구 복대동,경상사고,0,0,1,0,차대차 - 측면충돌,안전운전불이행,건조,맑음,교차로 - 교차로안,승용,남,58세,상해없음,원동기,남,45세,경상
2018040300100320,2018년 4월 3일 14시,화요일,충청북도 보은군 수한면,중상사고,0,1,0,0,차대차 - 정면충돌,안전운전불이행,건조,맑음,단일로 - 지하차도(도로)내,승용,여,56세,기타불명,건설기계,남,36세,중상
2018040300100321,2018년 4월 3일 14시,화요일,충청북도 단양군 적성면,중상사고,0,1,3,0,차대차 - 기타,중앙선침범,건조,맑음,교차로 - 교차로부근,승합,남,47세,상해없음,승용,남,57세,중상
2018040300100356,2018년 4월 3일 15시,화요일,충청북도 청주시 청원구 내수읍,경상사고,0,0,4,0,차대차 - 측면충돌,안전운전불이행,건조,맑음,교차로 - 교차로안,승용,여,35세,경상,승용,남,55세,경상
2018040300100428,2018년 4월 3일 17시,화요일,충청북도 제천시 모산동,부상신고사고,0,0,0,1,차대차 - 측면충돌,안전거리미확보,건조,맑음,단일로 - 지하차도(도로)내,승용,남,78세,상해없음,승용,남,26세,상해없음
2018040300100429,2018년 4월 3일 17시,화요일,충청북도 진천군 초평면,사망사고,1,0,0,0,차대차 - 기타,직진우회전진행방해,건조,맑음,교차로 - 교차로안,농기계,남,59세,상해없음,원동기,남,82세,사망
2018040300100465,2018년 4월 3일 18시,화요일,충청북도 청주시 서원구 분평동,중상사고,0,3,2,0,차대차 - 측면충돌,안전거리미확보,건조,맑음,단일로 - 지하차도(도로)내,승용,여,39세,상해없음,승용,남,35세,중상
2018040300100506,2018년 4월 3일 19시,화요일,충청북도 청주시 청원구 율량동,중상사고,0,1,0,0,차대차 - 기타,신호위반,건조,맑음,교차로 - 교차로안,승용,여,46세,상해없음,화물,남,52세,중상
2018040300100507,2018년 4월 3일 19시,화요일,충청북도 충주시 금릉동,중상사고,0,1,1,0,차대차 - 추돌,안전운전불이행,건조,흐림,단일로 - 기타,승용,남,57세,상해없음,승용,남,63세,중상
2018040300100546,2018년 4월 3일 20시,화요일,충청북도 청주시 서원구 사직동,경상사고,0,0,1,0,차대차 - 기타,교차로운행방법위반,건조,맑음,교차로 - 교차로부근,승용,남,69세,상해없음,이륜,남,36세,경상
2018040300100547,2018년 4월 3일 20시,화요일,충청북도 청주시 청원구 율량동,경상사고,0,0,1,0,차대사람 - 횡단중,안전운전불이행,건조,맑음,교차로 - 교차로횡단보도내,승용,남,40세,상해없음,보행자,여,42세,경상
2018040300100548,2018년 4월 3일 20시,화요일,충청북도 충주시 교현동,경상사고,0,0,1,0,차대차 - 기타,안전운전불이행,건조,맑음,교차로 - 교차로안,승용,남,58세,상해없음,이륜,남,32세,경상
2018040300100549,2018년 4월 3일 20시,화요일,충청북도 청주시 흥덕구 오송읍,사망사고,1,0,0,0,차량단독 - 공작물충돌,안전운전불이행,건조,맑음,교차로 - 교차로안,이륜,남,63세,사망,,,,
2018040300100575,2018년 4월 3일 21시,화요일,충청북도 청주시 청원구 우암동,경상사고,0,0,2,0,차대차 - 기타,직진우회전진행방해,건조,맑음,교차로 - 교차로안,원동기,남,52세,경상,승용,남,31세,경상
2018040300100576,2018년 4월 3일 21시,화요일,충청북도 청주시 흥덕구 봉명동,경상사고,0,0,1,0,차대차 - 기타,안전운전불이행,건조,맑음,교차로 - 교차로안,이륜,남,43세,경상,승합,남,52세,상해없음
2018040300100577,2018년 4월 3일 21시,화요일,충청북도 청주시 상당구 용암동,경상사고,0,0,2,0,차대차 - 측면충돌,교차로운행방법위반,건조,맑음,교차로 - 교차로안,승용,남,60세,경상,승용,남,36세,경상
2018040300100604,2018년 4월 3일 22시,화요일,충청북도 청주시 서원구 성화동,중상사고,0,1,0,0,차대차 - 정면충돌,안전운전불이행,건조,맑음,교차로 - 교차로안,이륜,남,32세,상해없음,자전거,남,17세,중상
2018040300100605,2018년 4월 3일 22시,화요일,충청북도 청주시 흥덕구 향정동,경상사고,0,0,2,0,차대차 - 측면충돌,신호위반,건조,맑음,교차로 - 교차로안,승용,여,36세,상해없음,승용,여,47세,경상
2018040400100023,2018년 4월 4일 01시,수요일,충청북도 보은군 보은읍,중상사고,0,1,0,1,차대차 - 추돌,안전운전불이행,젖음/습기,흐림,단일로 - 지하차도(도로)내,승용,남,36세,부상신고,화물,남,40세,상해없음
2018040400100048,2018년 4월 4일 03시,수요일,충청북도 충주시 노은면,중상사고,0,3,2,0,차대차 - 기타,안전운전불이행,젖음/습기,비,단일로 - 기타,화물,남,56세,경상,특수,남,34세,중상
2018040400100072,2018년 4월 4일 05시,수요일,충청북도 괴산군 연풍면,사망사고,1,0,2,0,차대차 - 추돌,안전운전불이행,젖음/습기,비,단일로 - 기타,화물,남,24세,상해없음,화물,남,49세,경상
2018040400100086,2018년 4월 4일 06시,수요일,충청북도 충주시 칠금동,경상사고,0,0,1,0,차대차 - 기타,안전운전불이행,젖음/습기,비,단일로 - 기타,승용,남,52세,상해없음,화물,남,44세,상해없음
2018040400100087,2018년 4월 4일 06시,수요일,충청북도 진천군 진천읍,중상사고,0,1,0,0,차대차 - 정면충돌,안전운전불이행,건조,기타,교차로 - 교차로안,승용,남,35세,상해없음,화물,남,43세,중상
2018040400100104,2018년 4월 4일 07시,수요일,충청북도 진천군 진천읍,경상사고,0,0,8,0,차대차 - 기타,안전거리미확보,젖음/습기,비,단일로 - 기타,승합,남,63세,상해없음,승용,남,44세,경상
2018040400100233,2018년 4월 4일 11시,수요일,충청북도 영동군 양산면,경상사고,0,0,1,0,차대차 - 측면충돌,안전운전불이행,건조,맑음,교차로 - 교차로안,화물,남,60세,상해없음,화물,여,68세,경상
2018040400100311,2018년 4월 4일 14시,수요일,충청북도 청주시 흥덕구 가경동,경상사고,0,0,1,1,차대차 - 기타,안전거리미확보,건조,흐림,단일로 - 기타,승용,남,68세,부상신고,승용,여,54세,경상
2018040400100343,2018년 4월 4일 15시,수요일,충청북도 청주시 상당구 금천동,경상사고,0,0,1,0,차대사람 - 기타,안전운전불이행,건조,맑음,단일로 - 기타,승용,여,48세,상해없음,보행자,여,76세,경상
2018040400100383,2018년 4월 4일 16시,수요일,충청북도 청주시 청원구 오창읍,경상사고,0,0,1,0,차대차 - 측면충돌,교차로운행방법위반,건조,맑음,교차로 - 교차로안,승용,남,29세,상해없음,원동기,남,28세,경상
2018040400100384,2018년 4월 4일 16시,수요일,충청북도 제천시 봉양읍,경상사고,0,0,3,0,차대차 - 추돌,안전운전불이행,건조,맑음,단일로 - 기타,승용,남,61세,경상,특수,남,41세,경상
2018040400100410,2018년 4월 4일 17시,수요일,충청북도 음성군 삼성면,경상사고,0,0,1,0,차대차 - 측면충돌,중앙선침범,건조,맑음,교차로 - 교차로부근,승용,남,75세,상해없음,화물,남,53세,경상
2018040400100411,2018년 4월 4일 17시,수요일,충청북도 청주시 흥덕구 석곡동,중상사고,0,1,0,0,차대차 - 기타,안전운전불이행,건조,맑음,교차로 - 교차로부근,승용,여,54세,상해없음,이륜,남,77세,중상
2018040400100452,2018년 4월 4일 18시,수요일,충청북도 제천시 청전동,경상사고,0,0,1,0,차대차 - 측면충돌,신호위반,젖음/습기,비,교차로 - 교차로안,승용,여,43세,상해없음,승용,남,54세,경상
2018040400100494,2018년 4월 4일 19시,수요일,충청북도 진천군 광혜원면,중상사고,0,1,0,0,차대차 - 기타,안전운전불이행,건조,맑음,교차로 - 교차로안,승용,남,40세,상해없음,승용,남,21세,중상
2018040400100528,2018년 4월 4일 20시,수요일,충청북도 충주시 안림동,경상사고,0,0,2,0,차대차 - 기타,안전운전불이행,젖음/습기,흐림,단일로 - 기타,승용,남,51세,상해없음,승용,남,65세,상해없음