사고번호,사고일시,요일,시군구,사고내용,사망자수,중상자수,경상자수,부상신고자수,사고유형,법규위반,노면상태,기상상태,도로형태,가해운전자 차종,가해운전자 성별,가해운전자 연령,가해운전자 상해정도,피해운전자 차종,피해운전자 성별,피해운전자 연령,피해운전자 상해정도
2018040400100584,2018년 4월 4일 22시,수요일,충청북도 청주시 서원구 산남동,사망사고,1,0,0,0,차대사람 - 횡단중,과속,건조,맑음,단일로 - 지하차도(도로)내,승용,남,49세,상해없음,보행자,남,50세,사망
2018040400100585,2018년 4월 4일 22시,수요일,충청북도 청주시 서원구 분평동,경상사고,0,0,1,0,차대차 - 측면충돌,중앙선침범,건조,흐림,단일로 - 지하차도(도로)내,승용,여,48세,상해없음,이륜,남,16세,경상
2018040400100606,2018년 4월 4일 23시,수요일,충청북도 청주시 서원구 미평동,경상사고,0,0,2,0,차대차 - 측면충돌,중앙선침범,건조,흐림,단일로 - 지하차도(도로)내,승용,여,21세,상해없음,승용,여,50세,경상
2018040500100013,2018년 4월 5일 00시,목요일,충청북도 청주시 흥덕구 가경동,경상사고,0,0,5,0,차대차 - 측면충돌,안전운전불이행,건조,맑음,교차로 - 교차로안,승용,남,52세,경상,승용,남,22세,경상
2018040500100054,2018년 4월 5일 05시,목요일,충청북도 청주시 서원구 개신동,중상사고,0,1,0,0,차량단독 - 기타,안전운전불이행,건조,맑음,단일로 - 기타,승용,남,40세,중상,,,,
2018040500100183,2018년 4월 5일 10시,목요일,충청북도 청주시 흥덕구 봉명동,경상사고,0,0,1,0,차대차 - 후진중충돌,안전운전불이행,건조,맑음,교차로 - 교차로안,승용,남,53세,상해없음,승용,여,35세,경상
2018040500100207,2018년 4월 5일 11시,목요일,충청북도 증평군 증평읍,중상사고,0,1,0,0,차대차 - 기타,신호위반,젖음/습기,비,교차로 - 교차로안,승용,여,57세,상해없음,자전거,남,80세,중상
2018040500100208,2018년 4월 5일 11시,목요일,충청북도 청주시 흥덕구 송정동,경상사고,0,0,1,0,차대차 - 기타,신호위반,건조,맑음,교차로 - 교차로안,승용,남,27세,상해없음,승용,남,59세,경상
2018040500100209,2018년 4월 5일 11시,목요일,충청북도 청주시 흥덕구 가경동,경상사고,0,0,1,0,차대차 - 기타,안전운전불이행,젖음/습기,비,교차로 - 교차로안,화물,남,58세,상해없음,승용,남,25세,경상
2018040500100286,2018년 4월 5일 14시,목요일,충청북도 청주시 청원구 율량동,경상사고,0,0,1,0,차량단독 - 공작물충돌,안전운전불이행,건조,맑음,단일로 - 기타,승합,여,37세,경상,,,,
2018040500100376,2018년 4월 5일 17시,목요일,충청북도 제천시 청풍면,중상사고,0,2,1,0,차대차 - 정면충돌,중앙선침범,젖음/습기,비,단일로 - 기타,승용,기타불명,미분류,기타불명,승용,남,21세,중상
2018040500100410,2018년 4월 5일 18시,목요일,충청북도 청주시 청원구 내덕동,중상사고,0,1,0,0,차대사람 - 횡단중,안전운전불이행,젖음/습기,비,단일로 - 기타,원동기,남,26세,상해없음,보행자,여,54세,중상
2018040500100411,2018년 4월 5일 18시,목요일,충청북도 청주시 흥덕구 운천동,중상사고,0,1,0,0,차대사람 - 기타,안전운전불이행,젖음/습기,비,단일로 - 기타,승용,여,51세,상해없음,보행자,여,48세,중상
2018040500100522,2018년 4월 5일 20시,목요일,충청북도 충주시 교현동,경상사고,0,0,2,0,차대차 - 기타,차로위반,젖음/습기,비,단일로 - 기타,승용,남,46세,상해없음,승용,남,52세,경상
2018040500100523,2018년 4월 5일 20시,목요일,충청북도 청주시 흥덕구 복대동,경상사고,0,0,1,0,차대차 - 기타,중앙선침범,건조,맑음,단일로 - 기타,승용,남,51세,상해없음,이륜,남,43세,경상
2018040500100524,2018년 4월 5일 20시,목요일,충청북도 청주시 상당구 서문동,경상사고,0,0,2,0,차대차 - 측면충돌,교차로운행방법위반,젖음/습기,비,교차로 - 교차로안,승용,여,56세,경상,승용,남,31세,경상
2018040500100567,2018년 4월 5일 21시,목요일,충청북도 청주시 청원구 내덕동,경상사고,0,0,1,0,차대차 - 추돌,안전운전불이행,젖음/습기,비,단일로 - 기타,승합,남,50세,상해없음,승용,남,58세,경상
2018040500100568,2018년 4월 5일 21시,목요일,충청북도 청주시 서원구 수곡동,경상사고,0,0,1,0,차대사람 - 횡단중,신호위반,젖음/습기,비,교차로 - 교차로횡단보도내,이륜,남,36세,상해없음,보행자,여,65세,경상
2018040500100620,2018년 4월 5일 22시,목요일,충청북도 진천군 진천읍,경상사고,0,0,2,0,차대차 - 추돌,안전운전불이행,젖음/습기,비,단일로 - 기타,화물,여,56세,상해없음,승용,남,60세,경상
2018040500100656,2018년 4월 5일 23시,목요일,충청북도 청주시 서원구 사창동,경상사고,0,0,1,0,차대사람 - 횡단중,안전운전불이행,건조,맑음,단일로 - 기타,승용,남,22세,상해없음,보행자,남,28세,경상
2018040500100657,2018년 4월 5일 23시,목요일,충청북도 진천군 덕산면,중상사고,0,1,1,0,차대차 - 추돌,안전거리미확보,젖음/습기,비,단일로 - 기타,승용,남,40세,상해없음,승용,남,44세,중상
2018040600100014,2018년 4월 6일 00시,금요일,충청북도 청주시 서원구 사창동,경상사고,0,0,2,0,차대차 - 기타,신호위반,젖음/습기,비,교차로 - 교차로안,승용,여,22세,상해없음,승용,남,69세,경상
2018040600100039,2018년 4월 6일 01시,금요일,충청북도 청주시 청원구 내덕동,경상사고,0,0,1,0,차대차 - 측면충돌,교차로운행방법위반,젖음/습기,비,교차로 - 교차로안,화물,남,36세,상해없음,이륜,남,24세,경상
2018040600100040,2018년 4월 6일 01시,금요일,충청북도 청주시 서원구 사창동,경상사고,0,0,1,0,차대차 - 후진중충돌,불법유턴,젖음/습기,비,단일로 - 기타,승용,남,23세,상해없음,원동기,남,43세,경상
2018040600100110,2018년 4월 6일 06시,금요일,충청북도 충주시 금릉동,경상사고,0,0,2,0,차대차 - 정면충돌,안전운전불이행,젖음/습기,비,교차로 - 교차로부근,승용,남,63세,상해없음,승용,남,56세,경상
2018040600100111,2018년 4월 6일 06시,금요일,충청북도 청주시 흥덕구 옥산면,경상사고,0,0,1,0,차대차 - 기타,안전운전불이행,젖음/습기,비,교차로 - 교차로부근,승용,남,52세,상해없음,승용,여,43세,경상
2018040600100133,2018년 4월 6일 07시,금요일,충청북도 제천시 대랑동,경상사고,0,0,3,0,차대차 - 측면충돌,안전운전불이행,젖음/습기,비,교차로 - 교차로안,승용,남,61세,경상,승용,남,43세,경상
2018040600100158,2018년 4월 6일 08시,금요일,충청북도 청주시 청원구 우암동,부상신고사고,0,0,0,1,차대사람 - 차도통행중,안전운전불이행,건조,맑음,단일로 - 기타,승용,남,51세,상해없음,보행자,남,34세,부상신고
2018040600100159,2018년 4월 6일 08시,금요일,충청북도 청주시 청원구 오창읍,경상사고,0,0,2,0,차대차 - 기타,안전운전불이행,건조,맑음,단일로 - 기타,승용,남,30세,경상,화물,남,66세,상해없음
2018040600100160,2018년 4월 6일 08시,금요일,충청북도 충주시 용탄동,경상사고,0,0,2,0,차대차 - 기타,직진우회전진행방해,건조,맑음,교차로 - 교차로안,승용,남,20세,경상,승용,남,66세,경상
2018040600100161,2018년 4월 6일 08시,금요일,충청북도 청주시 상당구 용암동,경상사고,0,0,2,0,차대차 - 측면충돌,신호위반,건조,맑음,교차로 - 교차로안,승용,여,63세,경상,승용,남,28세,경상
2018040600100184,2018년 4월 6일 09시,금요일,충청북도 보은군 보은읍,중상사고,0,1,0,1,차대사람 - 횡단중,안전운전불이행,건조,맑음,교차로 - 교차로안,화물,남,49세,상해없음,보행자,남,61세,중상
2018040600100213,2018년 4월 6일 10시,금요일,충청북도 청주시 청원구 율량동,경상사고,0,0,1,0,차대차 - 기타,신호위반,건조,맑음,교차로 - 교차로부근,승합,남,48세,상해없음,승용,남,66세,경상
2018040600100214,2018년 4월 6일 10시,금요일,충청북도 보은군 보은읍,경상사고,0,0,1,0,차대차 - 측면충돌,안전운전불이행,건조,맑음,단일로 - 지하차도(도로)내,이륜,남,79세,경상,승용,여,52세,상해없음
2018040600100215,2018년 4월 6일 10시,금요일,충청북도 옥천군 청성면,경상사고,0,0,1,0,차대차 - 측면충돌,교차로운행방법위반,건조,맑음,교차로 - 교차로안,승용,여,56세,경상,화물,남,46세,상해없음
2018040600100216,2018년 4월 6일 10시,금요일,충청북도 청주시 서원구 분평동,경상사고,0,0,1,0,차대차 - 추돌,안전운전불이행,건조,맑음,교차로 - 교차로부근,승용,남,63세,상해없음,승용,여,27세,경상
2018040600100244,2018년 4월 6일 11시,금요일,충청북도 청주시 흥덕구 복대동,경상사고,0,0,3,0,차대차 - 추돌,안전운전불이행,건조,맑음,단일로 - 기타,승용,남,46세,상해없음,승용,여,42세,경상
2018040600100279,2018년 4월 6일 12시,금요일,충청북도 청주시 상당구 미원면,중상사고,0,1,0,0,차대차 - 측면충돌,교차로운행방법위반,건조,맑음,교차로 - 교차로안,이륜,남,54세,중상,화물,남,28세,상해없음
2018040600100322,2018년 4월 6일 14시,금요일,충청북도 청주시 상당구 석교동,경상사고,0,0,1,0,차대차 - 측면충돌,안전운전불이행,건조,맑음,단일로 - 지하차도(도로)내,승용,여,27세,상해없음,승용,여,45세,경상
2018040600100355,2018년 4월 6일 15시,금요일,충청북도 청주시 서원구 사직동,중상사고,0,1,0,0,차대차 - 측면충돌,안전운전불이행,건조,맑음,교차로 - 교차로횡단보도내,승용,남,71세,상해없음,자전거,여,63세,중상
2018040600100356,2018년 4월 6일 15시,금요일,충청북도 청주시 청원구 율량동,경상사고,0,0,2,0,차대차 - 기타,차로위반,건조,맑음,단일로 - 기타,승용,남,20세,상해없음,승용,여,36세,경상
2018040600100357,2018년 4월 6일 15시,금요일,충청북도 충주시 연수동,경상사고,0,0,1,1,차대차 - 기타,안전운전불이행,건조,맑음,단일로 - 기타,이륜,남,19세,부상신고,승용,여,28세,경상
2018040600100359,2018년 4월 6일 15시,금요일,충청북도 청주시 흥덕구 휴암동,경상사고,0,0,2,0,차대차 - 추돌,과속,건조,맑음,교차로 - 교차로안,승용,남,53세,경상,승용,남,25세,경상
2018040600100360,2018년 4월 6일 15시,금요일,충청북도 청주시 상당구 용암동,중상사고,0,1,0,0,차대사람 - 횡단중,안전운전불이행,건조,맑음,교차로 - 교차로안,승용,여,41세,상해없음,보행자,여,64세,중상
2018040600100496,2018년 4월 6일 19시,금요일,충청북도 청주시 상당구 수동,경상사고,0,0,3,0,차대차 - 추돌,안전운전불이행,건조,맑음,단일로 - 기타,승용,남,52세,상해없음,화물,여,45세,경상
2018040600100497,2018년 4월 6일 19시,금요일,충청북도 충주시 성내동,경상사고,0,0,1,0,차대차 - 기타,안전운전불이행,건조,흐림,단일로 - 기타,승용,남,57세,상해없음,이륜,남,18세,경상
2018040600100540,2018년 4월 6일 20시,금요일,충청북도 청주시 청원구 율량동,경상사고,0,0,4,0,차대차 - 기타,교차로운행방법위반,건조,맑음,교차로 - 교차로안,승용,남,66세,경상,승용,남,63세,경상
2018040600100541,2018년 4월 6일 20시,금요일,충청북도 진천군 광혜원면,경상사고,0,0,1,0,차대차 - 기타,안전운전불이행,건조,맑음,교차로 - 교차로안,승용,남,54세,상해없음,화물,남,45세,경상
2018040600100636,2018년 4월 6일 23시,금요일,충청북도 옥천군 청성면,사망사고,1,0,0,0,차량단독 - 공작물충돌,안전운전불이행,젖음/습기,흐림,단일로 - 기타,승용,남,51세,사망,,,,
2018040600100637,2018년 4월 6일 23시,금요일,충청북도 청주시 흥덕구 가경동,경상사고,0,0,1,0,차대사람 - 횡단중,신호위반,젖음/습기,흐림,교차로 - 교차로횡단보도내,승용,남,36세,상해없음,보행자,남,48세,경상
2018040600100638,2018년 4월 6일 23시,금요일,충청북도 청주시 흥덕구 봉명동,부상신고사고,0,0,0,1,차대차 - 측면충돌,교차로운행방법위반,건조,맑음,교차로 - 교차로안,이륜,남,20세,부상신고,승용,남,64세,상해없음
2018040700100093,2018년 4월 7일 05시,토요일,충청북도 청주시 청원구 오창읍,경상사고,0,0,2,0,차대차 - 추돌,안전운전불이행,건조,맑음,교차로 - 교차로부근,승용,남,49세,상해없음,승용,남,33세,경상
2018040700100130,2018년 4월 7일 08시,토요일,충청북도 청주시 청원구 율량동,경상사고,0,0,1,0,차대사람 - 기타,보행자보호의무위반,건조,맑음,교차로 - 교차로안,승용,남,30세,상해없음,보행자,남,17세,경상
2018040700100219,2018년 4월 7일 11시,토요일,충청북도 제천시 강제동,경상사고,0,0,1,2,차대차 - 측면충돌,직진우회전진행방해,건조,맑음,교차로 - 교차로안,승용,남,74세,상해없음,화물,남,45세,경상
2018040700100220,2018년 4월 7일 11시,토요일,충청북도 제천시 금성면,경상사고,0,0,2,0,차대차 - 추돌,안전운전불이행,건조,맑음,단일로 - 기타,승용,남,63세,상해없음,승용,남,43세,경상
2018040700100221,2018년 4월 7일 11시,토요일,충청북도 제천시 하소동,경상사고,0,0,1,0,차대사람 - 횡단중,안전운전불이행,건조,맑음,교차로 - 교차로안,승용,여,48세,상해없음,보행자,남,83세,경상
2018040700100222,2018년 4월 7일 11시,토요일,충청북도 청주시 흥덕구 오송읍,경상사고,0,0,1,0,차대차 - 측면충돌,안전운전불이행,건조,맑음,단일로 - 기타,승용,남,63세,상해없음,이륜,남,55세,경상
2018040700100223,2018년 4월 7일 11시,토요일,충청북도 청주시 상당구 용담동,경상사고,0,0,1,0,차대차 - 측면충돌,안전운전불이행,건조,맑음,단일로 - 지하차도(도로)내,승용,여,36세,상해없음,이륜,남,49세,경상
2018040700100224,2018년 4월 7일 11시,토요일,충청북도 진천군 진천읍,경상사고,0,0,2,0,차대차 - 추돌,안전운전불이행,건조,맑음,단일로 - 기타,승용,남,30세,상해없음,승용,남,61세,경상
2018040700100279,2018년 4월 7일 13시,토요일,충청북도 충주시 대소원면,경상사고,0,0,1,0,차대차 - 측면충돌,안전운전불이행,건조,맑음,교차로 - 교차로부근,승용,남,19세,상해없음,승용,여,45세,경상
2018040700100280,2018년 4월 7일 13시,토요일,충청북도 제천시 한수면,중상사고,0,6,3,0,차대차 - 정면충돌,중앙선침범,건조,맑음,교차로 - 교차로부근,승용,남,39세,상해없음,승합,남,55세,중상
2018040700100281,2018년 4월 7일 13시,토요일,충청북도 단양군 단양읍,중상사고,0,1,0,0,차대차 - 기타,안전운전불이행,건조,맑음,단일로 - 기타,화물,남,67세,상해없음,이륜,남,82세,중상
2018040700100282,2018년 4월 7일 13시,토요일,충청북도 청주시 흥덕구 봉명동,경상사고,0,0,1,0,차대사람 - 횡단중,안전운전불이행,건조,맑음,교차로 - 교차로부근,승용,여,66세,상해없음,보행자,남,54세,경상
2018040700100318,2018년 4월 7일 14시,토요일,충청북도 청주시 서원구 개신동,경상사고,0,0,1,0,차대차 - 기타,직진우회전진행방해,건조,맑음,교차로 - 교차로부근,승용,남,59세,기타불명,승용,여,28세,경상
2018040700100319,2018년 4월 7일 14시,토요일,충청북도 진천군 문백면,중상사고,0,1,0,0,차대차 - 추돌,안전거리미확보,건조,맑음,단일로 - 기타,승용,남,27세,상해없음,승용,여,51세,중상
2018040700100406,2018년 4월 7일 16시,토요일,충청북도 청주시 상당구 금천동,경상사고,0,0,1,0,차대차 - 측면충돌,직진우회전진행방해,건조,맑음,교차로 - 교차로안,승용,남,62세,상해없음,승용,남,68세,경상
2018040700100448,2018년 4월 7일 17시,토요일,충청북도 청주시 상당구 금천동,중상사고,0,1,0,0,차대사람 - 횡단중,신호위반,건조,맑음,교차로 - 교차로횡단보도내,화물,남,80세,상해없음,보행자,여,20세,중상
2018040700100449,2018년 4월 7일 17시,토요일,충청북도 청주시 상당구 남문로2가동,경상사고,0,0,1,0,차대차 - 후진중충돌,안전운전불이행,건조,맑음,단일로 - 지하차도(도로)내,승용,남,40세,상해없음,승용,남,51세,경상
2018040700100502,2018년 4월 7일 18시,토요일,충청북도 청주시 청원구 율량동,경상사고,0,0,3,0,차대차 - 기타,안전거리미확보,건조,맑음,단일로 - 터널,승용,남,36세,상해없음,승용,남,47세,경상
2018040700100503,2018년 4월 7일 18시,토요일,충청북도 청주시 청원구 율량동,경상사고,0,0,4,0,차대차 - 추돌,안전거리미확보,건조,맑음,단일로 - 터널,승용,여,68세,상해없음,승용,남,27세,경상
2018040700100504,2018년 4월 7일 18시,토요일,충청북도 영동군 영동읍,경상사고,0,0,2,0,차대차 - 추돌,안전운전불이행,건조,맑음,교차로 - 교차로안,승용,남,20세,경상,화물,남,60세,경상
2018040700100505,2018년 4월 7일 18시,토요일,충청북도 청주시 서원구 분평동,중상사고,0,1,0,0,차대차 - 측면충돌,직진우회전진행방해,건조,맑음,교차로 - 교차로안,승용,남,46세,상해없음,이륜,남,44세,중상
2018040700100537,2018년 4월 7일 19시,토요일,충청북도 괴산군 청천면,중상사고,0,1,0,0,차대사람 - 길가장자리구역통행중,안전운전불이행,건조,맑음,단일로 - 기타,승용,남,55세,상해없음,보행자,여,56세,중상
2018040700100539,2018년 4월 7일 19시,토요일,충청북도 청주시 서원구 산남동,경상사고,0,0,1,0,차대차 - 측면충돌,안전운전불이행,건조,맑음,교차로 - 교차로안,승용,남,55세,상해없음,승용,남,28세,경상
2018040700100576,2018년 4월 7일 20시,토요일,충청북도 청주시 상당구 평촌동,경상사고,0,0,1,0,차대차 - 추돌,안전운전불이행,건조,맑음,교차로 - 교차로부근,승용,남,48세,상해없음,승용,여,47세,경상
2018040700100607,2018년 4월 7일 21시,토요일,충청북도 충주시 봉방동,중상사고,0,1,0,0,차대차 - 기타,중앙선침범,건조,맑음,교차로 - 교차로부근,승용,남,54세,상해없음,승용,남,27세,중상
2018040700100608,2018년 4월 7일 21시,토요일,충청북도 청주시 서원구 분평동,경상사고,0,0,1,0,차대차 - 측면충돌,안전운전불이행,건조,맑음,단일로 - 지하차도(도로)내,승용,남,58세,상해없음,이륜,남,53세,경상
2018040700100634,2018년 4월 7일 22시,토요일,충청북도 음성군 대소면,중상사고,0,1,5,0,차대차 - 측면충돌,안전운전불이행,건조,맑음,교차로 - 교차로안,승용,남,27세,중상,승용,남,20세,경상
2018040800100006,2018년 4월 8일 00시,일요일,충청북도 청주시 흥덕구 송정동,경상사고,0,0,1,0,차대차 - 기타,중앙선침범,건조,맑음,교차로 - 교차로부근,승용,남,48세,상해없음,승용,여,54세,경상
2018040800100031,2018년 4월 8일 01시,일요일,충청북도 제천시 고암동,중상사고,0,1,1,0,차대차 - 정면충돌,직진우회전진행방해,건조,맑음,교차로 - 교차로안,승용,남,59세,상해없음,승용,남,63세,경상
2018040800100032,2018년 4월 8일 01시,일요일,충청북도 청주시 상당구 석교동,경상사고,0,0,1,0,차대차 - 측면충돌,안전운전불이행,건조,맑음,교차로 - 교차로부근,승용,남,24세,상해없음,이륜,남,22세,경상
2018040800100050,2018년 4월 8일 02시,일요일,충청북도 청주시 청원구 오동동,경상사고,0,0,3,0,차대차 - 추돌,안전운전불이행,건조,맑음,교차로 - 교차로부근,승용,남,30세,상해없음,승용,남,50세,경상
2018040800100051,2018년 4월 8일 02시,일요일,충청북도 청주시 청원구 오창읍,경상사고,0,0,1,0,차량단독 - 공작물충돌,안전운전불이행,젖음/습기,맑음,교차로 - 교차로안,승용,남,32세,경상,,,,
2018040800100098,2018년 4월 8일 07시,일요일,충청북도 괴산군 괴산읍,경상사고,0,0,1,0,차대차 - 기타,불법유턴,건조,맑음,단일로 - 기타,화물,남,47세,상해없음,자전거,남,55세,경상
2018040800100141,2018년 4월 8일 10시,일요일,충청북도 청주시 흥덕구 가경동,경상사고,0,0,1,0,차대차 - 기타,안전운전불이행,건조,맑음,교차로 - 교차로부근,승용,여,50세,상해없음,승용,남,66세,경상
2018040800100142,2018년 4월 8일 10시,일요일,충청북도 청주시 상당구 용암동,경상사고,0,0,6,0,차대차 - 추돌,안전운전불이행,건조,맑음,단일로 - 지하차도(도로)내,승용,남,33세,상해없음,승용,남,61세,경상
2018040800100165,2018년 4월 8일 11시,일요일,충청북도 진천군 진천읍,경상사고,0,0,1,0,차대차 - 측면충돌,직진우회전진행방해,건조,맑음,교차로 - 교차로안,승용,남,64세,상해없음,이륜,남,18세,경상
2018040800100182,2018년 4월 8일 12시,일요일,충청북도 음성군 대소면,경상사고,0,0,3,0,차대차 - 측면충돌,교차로운행방법위반,건조,맑음,교차로 - 교차로안,승용,남,74세,경상,화물,남,69세,경상
2018040800100183,2018년 4월 8일 12시,일요일,충청북도 청주시 서원구 모충동,경상사고,0,0,1,0,차대차 - 측면충돌,안전운전불이행,건조,맑음,단일로 - 지하차도(도로)내,승용,남,69세,상해없음,승용,남,50세,상해없음
2018040800100236,2018년 4월 8일 14시,일요일,충청북도 청주시 흥덕구 복대동,중상사고,0,1,0,0,차대차 - 측면충돌,안전운전불이행,건조,맑음,교차로 - 교차로부근,승용,남,36세,상해없음,자전거,남,12세,중상
2018040800100269,2018년 4월 8일 15시,일요일,충청북도 청주시 흥덕구 비하동,경상사고,0,0,3,0,차대차 - 측면충돌,교차로운행방법위반,건조,맑음,교차로 - 교차로안,승용,남,34세,상해없음,승합,남,60세,경상
2018040800100308,2018년 4월 8일 16시,일요일,충청북도 청주시 청원구 오창읍,경상사고,0,0,1,0,차대차 - 기타,직진우회전진행방해,건조,맑음,교차로 - 교차로안,승용,남,34세,상해없음,이륜,남,27세,경상
2018040800100309,2018년 4월 8일 16시,일요일,충청북도 청주시 상당구 산성동,경상사고,0,0,1,0,차대차 - 후진중충돌,안전운전불이행,건조,맑음,단일로 - 지하차도(도로)내,승용,남,63세,상해없음,이륜,남,26세,경상
2018040800100340,2018년 4월 8일 17시,일요일,충청북도 청주시 청원구 사천동,경상사고,0,0,1,0,차대차 - 기타,교차로운행방법위반,건조,맑음,교차로 - 교차로안,승용,남,49세,상해없음,원동기,남,16세,경상
2018040800100341,2018년 4월 8일 17시,일요일,충청북도 옥천군 옥천읍,경상사고,0,0,1,0,차대차 - 추돌,교차로운행방법위반,건조,맑음,교차로 - 교차로부근,승용,남,61세,상해없음,자전거,남,15세,경상
2018040800100342,2018년 4월 8일 17시,일요일,충청북도 청주시 흥덕구 복대동,경상사고,0,0,1,0,차대차 - 측면충돌,교차로운행방법위반,건조,맑음,교차로 - 교차로안,승용,남,32세,상해없음,이륜,남,21세,경상
2018040800100379,2018년 4월 8일 18시,일요일,충청북도 청주시 흥덕구 복대동,경상사고,0,0,1,0,차대차 - 기타,안전운전불이행,건조,맑음,단일로 - 기타,이륜,남,23세,경상,승용,남,18세,상해없음
2018040800100382,2018년 4월 8일 18시,일요일,충청북도 청주시 흥덕구 강내면,중상사고,0,1,0,0,차대차 - 기타,안전운전불이행,건조,맑음,단일로 - 기타,기타불명,기타불명,기타불명,기타불명,승용,여,31세,중상
2018040800100415,2018년 4월 8일 19시,일요일,충청북도 청주시 청원구 우암동,부상신고사고,0,0,0,1,차대차 - 측면충돌,안전거리미확보,건조,맑음,단일로 - 기타,승용,남,31세,상해없음,원동기,남,17세,부상신고
2018040800100443,2018년 4월 8일 20시,일요일,충청북도 증평군 증평읍,중상사고,0,1,0,0,차대차 - 측면충돌,신호위반,건조,맑음,교차로 - 교차로안,승용,남,21세,상해없음,승용,남,46세,중상
2018040800100460,2018년 4월 8일 21시,일요일,충청북도 청주시 흥덕구 봉명동,부상신고사고,0,0,0,1,차대차 - 측면충돌,안전운전불이행,건조,맑음,교차로 - 교차로부근,승용,남,41세,상해없음,원동기,남,22세,부상신고
2018040800100477,2018년 4월 8일 22시,일요일,충청북도 충주시 문화동,중상사고,0,1,1,0,차대차 - 기타,안전운전불이행,건조,맑음,단일로 - 기타,승용,남,48세,상해없음,승합,남,40세,상해없음
2018040800100478,2018년 4월 8일 22시,일요일,충청북도 청주시 서원구 남이면,경상사고,0,0,1,0,차대차 - 추돌,안전운전불이행,건조,맑음,교차로 - 교차로부근,승용,남,64세,상해없음,승용,남,28세,경상
2018040800100498,2018년 4월 8일 23시,일요일,충청북도 청주시 청원구 내덕동,경상사고,0,0,1,0,차대차 - 추돌,안전거리미확보,건조,맑음,교차로 - 교차로부근,승용,남,62세,상해없음,승용,남,24세,경상
2018040900100042,2018년 4월 9일 05시,월요일,충청북도 청주시 흥덕구 상신동,중상사고,0,2,0,0,차대차 - 추돌,안전운전불이행,건조,맑음,교차로 - 교차로부근,승용,여,23세,상해없음,승용,남,35세,중상
2018040900100073,2018년 4월 9일 07시,월요일,충청북도 충주시 목행동,경상사고,0,0,1,0,차대차 - 기타,안전거리미확보,건조,맑음,교차로 - 교차로부근,승용,남,79세,상해없음,승용,남,50세,경상
2018040900100103,2018년 4월 9일 08시,월요일,충청북도 청주시 흥덕구 강내면,경상사고,0,0,1,0,차대차 - 측면충돌,교차로운행방법위반,건조,맑음,교차로 - 교차로안,승용,여,43세,상해없음,화물,남,29세,경상
2018040900100181,2018년 4월 9일 10시,월요일,충청북도 제천시 하소동,부상신고사고,0,0,0,1,차대사람 - 차도통행중,안전운전불이행,건조,맑음,교차로 - 교차로부근,승용,남,60세,상해없음,보행자,남,90세 이상,부상신고
2018040900100215,2018년 4월 9일 11시,월요일,충청북도 청주시 상당구 미원면,경상사고,0,0,1,0,차대차 - 측면충돌,안전운전불이행,건조,맑음,단일로 - 기타,특수,남,49세,상해없음,승용,여,29세,경상
2018040900100261,2018년 4월 9일 12시,월요일,충청북도 청주시 서원구 개신동,경상사고,0,0,1,0,차대차 - 기타,안전운전불이행,건조,맑음,단일로 - 기타,화물,남,56세,상해없음,승용,남,37세,경상
2018040900100297,2018년 4월 9일 13시,월요일,충청북도 청주시 상당구 문화동,경상사고,0,0,1,0,차대차 - 측면충돌,안전운전불이행,건조,맑음,교차로 - 교차로안,승용,남,57세,경상,승용,남,28세,상해없음
2018040900100326,2018년 4월 9일 14시,월요일,충청북도 청주시 서원구 분평동,경상사고,0,0,1,0,차대차 - 기타,안전운전불이행,건조,맑음,교차로 - 교차로안,화물,남,62세,상해없음,승용,여,24세,경상
2018040900100365,2018년 4월 9일 15시,월요일,충청북도 청주시 상당구 북문로1가동,중상사고,0,1,0,0,차대사람 - 횡단중,보행자보호의무위반,건조,맑음,교차로 - 교차로횡단보도내,승용,남,27세,상해없음,보행자,여,84세,중상
2018040900100402,2018년 4월 9일 16시,월요일,충청북도 괴산군 감물면,중상사고,0,1,2,0,차대차 - 추돌,안전운전불이행,건조,맑음,단일로 - 기타,승용,여,38세,중상,화물,남,35세,경상
2018040900100403,2018년 4월 9일 16시,월요일,충청북도 청주시 상당구 용암동,중상사고,0,1,0,0,차대사람 - 기타,안전운전불이행,건조,맑음,단일로 - 기타,승용,여,45세,상해없음,보행자,여,66세,중상
2018040900100445,2018년 4월 9일 17시,월요일,충청북도 충주시 교현동,경상사고,0,0,2,0,차대차 - 추돌,안전운전불이행,건조,맑음,단일로 - 기타,승용,남,48세,상해없음,승용,여,36세,경상
2018040900100446,2018년 4월 9일 17시,월요일,충청북도 옥천군 이원면,경상사고,0,0,1,0,차대차 - 기타,안전운전불이행,건조,맑음,교차로 - 교차로부근,승용,남,61세,상해없음,이륜,남,44세,경상
2018040900100490,2018년 4월 9일 18시,월요일,충청북도 청주시 흥덕구 복대동,경상사고,0,0,1,1,차대차 - 측면충돌,교차로운행방법위반,건조,맑음,교차로 - 교차로안,승용,여,45세,부상신고,승용,남,29세,경상
2018040900100491,2018년 4월 9일 18시,월요일,충청북도 청주시 상당구 영운동,경상사고,0,0,1,0,차대차 - 측면충돌,교차로운행방법위반,건조,맑음,교차로 - 교차로안,이륜,남,45세,경상,승용,남,54세,상해없음
2018040900100573,2018년 4월 9일 20시,월요일,충청북도 청주시 흥덕구 봉명동,경상사고,0,0,1,0,차대사람 - 기타,보행자보호의무위반,건조,맑음,단일로 - 기타,화물,남,52세,상해없음,보행자,남,65세,경상