사고번호,사고일시,요일,시군구,사고내용,사망자수,중상자수,경상자수,부상신고자수,사고유형,법규위반,노면상태,기상상태,도로형태,가해운전자 차종,가해운전자 성별,가해운전자 연령,가해운전자 상해정도,피해운전자 차종,피해운전자 성별,피해운전자 연령,피해운전자 상해정도
2018040900100608,2018년 4월 9일 21시,월요일,충청북도 제천시 고암동,경상사고,0,0,2,1,차대차 - 추돌,안전운전불이행,건조,맑음,교차로 - 교차로부근,승용,남,44세,경상,승합,남,64세,부상신고
2018040900100636,2018년 4월 9일 22시,월요일,충청북도 증평군 증평읍,경상사고,0,0,1,0,차대차 - 측면충돌,안전운전불이행,건조,흐림,교차로 - 교차로안,승용,남,36세,상해없음,승용,남,33세,경상
2018040900100652,2018년 4월 9일 23시,월요일,충청북도 충주시 교현동,중상사고,0,1,0,0,차대차 - 측면충돌,안전운전불이행,건조,맑음,교차로 - 교차로안,승용,여,48세,기타불명,승용,남,32세,중상
2018041000100026,2018년 4월 10일 02시,화요일,충청북도 제천시 중앙로2가,경상사고,0,0,1,0,차대차 - 측면충돌,안전운전불이행,건조,맑음,단일로 - 지하차도(도로)내,승용,남,42세,상해없음,승용,남,29세,경상
2018041000100041,2018년 4월 10일 04시,화요일,충청북도 청주시 서원구 사직동,사망사고,1,0,0,0,차량단독 - 기타,안전운전불이행,건조,맑음,단일로 - 기타,이륜,남,29세,사망,,,,
2018041000100042,2018년 4월 10일 04시,화요일,충청북도 진천군 광혜원면,중상사고,0,2,0,0,차량단독 - 전도전복 - 전도,안전운전불이행,건조,맑음,단일로 - 기타,이륜,남,28세,중상,미분류,미분류,미분류,미분류
2018041000100054,2018년 4월 10일 05시,화요일,충청북도 청주시 흥덕구 봉명동,경상사고,0,0,1,0,차대사람 - 횡단중,보행자보호의무위반,건조,맑음,교차로 - 교차로횡단보도내,승용,남,60세,상해없음,보행자,여,28세,경상
2018041000100066,2018년 4월 10일 06시,화요일,충청북도 청주시 상당구 방서동,경상사고,0,0,3,0,차대차 - 측면충돌,교차로운행방법위반,건조,맑음,교차로 - 교차로안,승용,여,55세,경상,화물,남,47세,경상
2018041000100081,2018년 4월 10일 07시,화요일,충청북도 제천시 동현동,경상사고,0,0,2,0,차대차 - 측면충돌,안전운전불이행,건조,맑음,단일로 - 기타,승용,여,21세,상해없음,승용,남,48세,경상
2018041000100113,2018년 4월 10일 08시,화요일,충청북도 진천군 진천읍,경상사고,0,0,1,0,차대차 - 기타,신호위반,건조,맑음,교차로 - 교차로안,이륜,남,85세,상해없음,승용,여,33세,경상
2018041000100114,2018년 4월 10일 08시,화요일,충청북도 청주시 흥덕구 오송읍,경상사고,0,0,4,0,차대차 - 기타,교차로운행방법위반,건조,맑음,교차로 - 교차로안,승용,남,26세,상해없음,승합,남,62세,상해없음
2018041000100155,2018년 4월 10일 09시,화요일,충청북도 청주시 서원구 모충동,경상사고,0,0,3,0,차대차 - 측면충돌,교차로운행방법위반,건조,맑음,교차로 - 교차로부근,승용,남,61세,경상,승용,남,39세,경상
2018041000100190,2018년 4월 10일 10시,화요일,충청북도 청주시 흥덕구 복대동,경상사고,0,0,2,0,차대차 - 측면충돌,안전운전불이행,건조,맑음,교차로 - 교차로안,승용,여,37세,기타불명,승용,여,56세,경상
2018041000100224,2018년 4월 10일 11시,화요일,충청북도 청주시 청원구 내덕동,경상사고,0,0,1,0,차대차 - 추돌,안전운전불이행,건조,맑음,교차로 - 교차로부근,화물,남,44세,상해없음,화물,남,46세,경상
2018041000100225,2018년 4월 10일 11시,화요일,충청북도 괴산군 청천면,경상사고,0,0,2,0,차대차 - 기타,불법유턴,건조,맑음,단일로 - 기타,승용,남,69세,상해없음,승용,여,61세,경상
2018041000100252,2018년 4월 10일 12시,화요일,충청북도 청주시 청원구 내덕동,중상사고,0,1,0,0,차대차 - 기타,교차로운행방법위반,건조,맑음,교차로 - 교차로안,승용,여,57세,상해없음,이륜,남,59세,중상
2018041000100253,2018년 4월 10일 12시,화요일,충청북도 음성군 삼성면,중상사고,0,1,1,0,차대차 - 측면충돌,신호위반,건조,맑음,교차로 - 교차로안,승용,남,60세,경상,승용,남,46세,중상
2018041000100254,2018년 4월 10일 12시,화요일,충청북도 청주시 상당구 용암동,경상사고,0,0,1,0,차대차 - 정면충돌,신호위반,건조,맑음,교차로 - 교차로안,화물,남,67세,상해없음,특수,남,28세,경상
2018041000100311,2018년 4월 10일 14시,화요일,충청북도 청주시 흥덕구 봉명동,경상사고,0,0,2,0,차대차 - 측면충돌,직진우회전진행방해,건조,맑음,교차로 - 교차로안,승용,남,27세,경상,승용,여,40세,경상
2018041000100312,2018년 4월 10일 14시,화요일,충청북도 청주시 서원구 산남동,경상사고,0,0,1,0,차대차 - 측면충돌,신호위반,건조,맑음,교차로 - 교차로안,화물,남,36세,상해없음,이륜,남,20세,경상
2018041000100339,2018년 4월 10일 15시,화요일,충청북도 청주시 청원구 오창읍,경상사고,0,0,1,0,차대차 - 기타,교차로운행방법위반,건조,맑음,교차로 - 교차로안,화물,남,32세,상해없음,이륜,남,19세,경상
2018041000100340,2018년 4월 10일 15시,화요일,충청북도 충주시 성남동,중상사고,0,3,0,0,차대차 - 정면충돌,직진우회전진행방해,건조,맑음,교차로 - 교차로안,화물,남,81세,중상,승용,남,72세,중상
2018041000100341,2018년 4월 10일 15시,화요일,충청북도 청주시 흥덕구 석곡동,중상사고,0,1,0,0,차대사람 - 횡단중,안전운전불이행,건조,맑음,단일로 - 기타,승용,여,41세,상해없음,보행자,여,83세,중상
2018041000100342,2018년 4월 10일 15시,화요일,충청북도 청주시 흥덕구 가경동,경상사고,0,0,3,0,차대차 - 측면충돌,교차로운행방법위반,건조,맑음,교차로 - 교차로안,승용,여,42세,경상,승합,여,62세,경상
2018041000100343,2018년 4월 10일 15시,화요일,충청북도 청주시 상당구 탑동,경상사고,0,0,2,0,차대차 - 측면충돌,안전운전불이행,건조,맑음,교차로 - 교차로부근,승용,여,58세,상해없음,화물,남,66세,경상
2018041000100369,2018년 4월 10일 16시,화요일,충청북도 청주시 흥덕구 봉명동,경상사고,0,0,3,0,차대차 - 기타,교차로운행방법위반,건조,맑음,교차로 - 교차로안,승용,남,60세,상해없음,승용,남,65세,경상
2018041000100406,2018년 4월 10일 17시,화요일,충청북도 보은군 회인면,중상사고,0,1,0,0,차대사람 - 보도통행중,안전운전불이행,건조,맑음,단일로 - 지하차도(도로)내,승용,남,84세,상해없음,보행자,남,6세,중상
2018041000100407,2018년 4월 10일 17시,화요일,충청북도 청주시 흥덕구 복대동,경상사고,0,0,3,0,차대차 - 기타,안전운전불이행,건조,맑음,단일로 - 기타,승용,남,47세,상해없음,승합,남,56세,경상
2018041000100493,2018년 4월 10일 19시,화요일,충청북도 제천시 하소동,경상사고,0,0,2,0,차대차 - 추돌,안전운전불이행,건조,맑음,기타 - 기타,승용,남,51세,상해없음,승용,여,30세,경상
2018041000100527,2018년 4월 10일 20시,화요일,충청북도 청주시 청원구 내덕동,경상사고,0,0,1,0,차대차 - 측면충돌,교차로운행방법위반,건조,맑음,교차로 - 교차로부근,승용,여,50세,상해없음,승용,남,39세,경상
2018041000100528,2018년 4월 10일 20시,화요일,충청북도 청주시 청원구 내덕동,경상사고,0,0,1,0,차대차 - 측면충돌,안전거리미확보,건조,맑음,단일로 - 기타,승용,남,61세,상해없음,승용,남,43세,상해없음
2018041000100575,2018년 4월 10일 21시,화요일,충청북도 제천시 화산동,경상사고,0,0,1,0,차대차 - 추돌,안전거리미확보,건조,흐림,교차로 - 교차로부근,승용,남,50세,상해없음,승용,남,47세,경상
2018041000100616,2018년 4월 10일 22시,화요일,충청북도 제천시 동현동,경상사고,0,0,1,0,차대사람 - 차도통행중,안전운전불이행,젖음/습기,비,교차로 - 교차로부근,승용,남,70세,상해없음,보행자,남,55세,경상
2018041000100617,2018년 4월 10일 22시,화요일,충청북도 제천시 강제동,경상사고,0,0,1,0,차대차 - 추돌,안전운전불이행,젖음/습기,비,교차로 - 교차로안,승용,남,22세,상해없음,승용,여,37세,경상
2018041000100646,2018년 4월 10일 23시,화요일,충청북도 충주시 연수동,경상사고,0,0,1,0,차대차 - 측면충돌,안전운전불이행,젖음/습기,비,단일로 - 기타,승용,남,46세,상해없음,승용,여,41세,경상
2018041000100647,2018년 4월 10일 23시,화요일,충청북도 괴산군 괴산읍,중상사고,0,1,0,0,차대사람 - 길가장자리구역통행중,안전운전불이행,건조,맑음,단일로 - 기타,승용,여,37세,상해없음,보행자,남,53세,중상
2018041000100648,2018년 4월 10일 23시,화요일,충청북도 청주시 서원구 성화동,경상사고,0,0,1,0,차대사람 - 기타,안전운전불이행,젖음/습기,비,단일로 - 기타,승용,남,48세,상해없음,보행자,남,22세,경상
2018041100100012,2018년 4월 11일 00시,수요일,충청북도 청주시 상당구 지북동,경상사고,0,0,1,1,차대차 - 추돌,안전운전불이행,젖음/습기,비,교차로 - 교차로부근,승용,남,39세,부상신고,승용,여,38세,경상
2018041100100026,2018년 4월 11일 01시,수요일,충청북도 청주시 흥덕구 오송읍,경상사고,0,0,1,0,차대차 - 측면충돌,신호위반,젖음/습기,비,교차로 - 교차로안,승용,남,41세,상해없음,승용,여,35세,경상
2018041100100046,2018년 4월 11일 04시,수요일,충청북도 음성군 맹동면,경상사고,0,0,3,0,차대차 - 측면충돌,신호위반,건조,맑음,교차로 - 교차로안,승용,여,63세,경상,승용,여,46세,경상
2018041100100075,2018년 4월 11일 07시,수요일,충청북도 충주시 목행동,중상사고,0,1,0,0,차대차 - 추돌,안전운전불이행,건조,맑음,단일로 - 기타,이륜,남,35세,중상,승용,남,51세,상해없음
2018041100100076,2018년 4월 11일 07시,수요일,충청북도 청주시 흥덕구 복대동,경상사고,0,0,2,0,차대차 - 추돌,안전거리미확보,건조,맑음,단일로 - 기타,화물,남,36세,경상,화물,남,40세,상해없음
2018041100100077,2018년 4월 11일 07시,수요일,충청북도 청주시 흥덕구 복대동,경상사고,0,0,1,0,차대차 - 기타,안전거리미확보,기타,기타,교차로 - 교차로부근,승용,여,24세,상해없음,이륜,남,50세,경상
2018041100100106,2018년 4월 11일 08시,수요일,충청북도 제천시 신백동,경상사고,0,0,2,1,차대차 - 추돌,직진우회전진행방해,건조,맑음,단일로 - 기타,승용,여,42세,부상신고,승용,남,70세,경상
2018041100100107,2018년 4월 11일 08시,수요일,충청북도 청주시 흥덕구 가경동,중상사고,0,1,0,0,차대사람 - 횡단중,보행자보호의무위반,건조,맑음,교차로 - 교차로횡단보도내,화물,남,31세,상해없음,보행자,여,11세,중상
2018041100100108,2018년 4월 11일 08시,수요일,충청북도 청주시 서원구 죽림동,경상사고,0,0,3,0,차대차 - 측면충돌,안전운전불이행,건조,맑음,교차로 - 교차로안,승합,여,49세,경상,승용,여,42세,경상
2018041100100155,2018년 4월 11일 09시,수요일,충청북도 청주시 청원구 주성동,경상사고,0,0,1,0,차대사람 - 기타,안전운전불이행,건조,맑음,단일로 - 기타,화물,남,67세,상해없음,보행자,남,60세,경상
2018041100100181,2018년 4월 11일 10시,수요일,충청북도 충주시 지현동,경상사고,0,0,1,1,차대차 - 정면충돌,안전운전불이행,건조,맑음,단일로 - 기타,승용,여,53세,부상신고,승용,남,60세,경상
2018041100100230,2018년 4월 11일 12시,수요일,충청북도 음성군 삼성면,경상사고,0,0,1,0,차대사람 - 차도통행중,안전운전불이행,건조,맑음,단일로 - 기타,화물,남,30세,상해없음,보행자,남,66세,경상
2018041100100231,2018년 4월 11일 12시,수요일,충청북도 청주시 흥덕구 복대동,경상사고,0,0,2,0,차대차 - 추돌,안전운전불이행,건조,맑음,교차로 - 교차로안,승용,남,51세,경상,승용,남,48세,상해없음
2018041100100232,2018년 4월 11일 12시,수요일,충청북도 청주시 흥덕구 강내면,경상사고,0,0,2,0,차대차 - 측면충돌,안전운전불이행,건조,맑음,교차로 - 교차로안,승용,여,47세,경상,승합,남,46세,경상
2018041100100267,2018년 4월 11일 13시,수요일,충청북도 청주시 청원구 내수읍,경상사고,0,0,3,0,차대차 - 정면충돌,중앙선침범,건조,맑음,단일로 - 기타,승용,남,42세,경상,승용,남,48세,경상
2018041100100268,2018년 4월 11일 13시,수요일,충청북도 청주시 흥덕구 비하동,경상사고,0,0,1,0,차대차 - 기타,교차로운행방법위반,건조,맑음,교차로 - 교차로안,승용,남,52세,상해없음,승용,여,46세,경상
2018041100100269,2018년 4월 11일 13시,수요일,충청북도 청주시 상당구 석교동,중상사고,0,1,0,0,차대사람 - 길가장자리구역통행중,안전운전불이행,건조,맑음,단일로 - 지하차도(도로)내,승용,남,22세,상해없음,보행자,여,77세,중상
2018041100100290,2018년 4월 11일 14시,수요일,충청북도 제천시 고명동,중상사고,0,1,0,0,차대차 - 기타,안전거리미확보,건조,맑음,단일로 - 기타,화물,남,22세,상해없음,승용,여,37세,중상
2018041100100291,2018년 4월 11일 14시,수요일,충청북도 옥천군 군북면,중상사고,0,1,0,0,차대차 - 측면충돌,중앙선침범,건조,맑음,단일로 - 기타,승용,남,30세,상해없음,화물,남,73세,중상
2018041100100292,2018년 4월 11일 14시,수요일,충청북도 진천군 문백면,경상사고,0,0,1,0,차대차 - 추돌,안전거리미확보,건조,맑음,단일로 - 기타,화물,남,39세,상해없음,승용,여,61세,경상
2018041100100365,2018년 4월 11일 16시,수요일,충청북도 청주시 청원구 사천동,경상사고,0,0,2,0,차대차 - 측면충돌,교차로운행방법위반,건조,맑음,교차로 - 교차로안,승용,여,33세,경상,화물,남,63세,경상
2018041100100413,2018년 4월 11일 17시,수요일,충청북도 청주시 청원구 사천동,경상사고,0,0,1,0,차대차 - 기타,신호위반,건조,맑음,교차로 - 교차로안,자전거,남,57세,경상,화물,남,53세,상해없음
2018041100100414,2018년 4월 11일 17시,수요일,충청북도 청주시 청원구 사천동,중상사고,0,1,0,0,차대차 - 측면충돌,안전운전불이행,건조,맑음,단일로 - 기타,이륜,남,48세,중상,승용,남,53세,상해없음
2018041100100415,2018년 4월 11일 17시,수요일,충청북도 충주시 달천동,경상사고,0,0,1,0,차대차 - 추돌,안전운전불이행,건조,맑음,단일로 - 고가도로위,승합,남,56세,상해없음,승용,여,42세,상해없음
2018041100100416,2018년 4월 11일 17시,수요일,충청북도 충주시 연수동,중상사고,0,1,0,0,차대차 - 추돌,안전운전불이행,건조,맑음,단일로 - 기타,승용,남,65세,상해없음,이륜,남,16세,중상
2018041100100417,2018년 4월 11일 17시,수요일,충청북도 충주시 칠금동,경상사고,0,0,1,0,차대차 - 기타,안전운전불이행,건조,맑음,주차장 - 주차장,승용,남,43세,상해없음,승용,여,34세,상해없음
2018041100100418,2018년 4월 11일 17시,수요일,충청북도 옥천군 옥천읍,경상사고,0,0,1,0,차대차 - 추돌,안전거리미확보,건조,맑음,교차로 - 교차로안,승용,남,44세,상해없음,승용,남,51세,상해없음
2018041100100419,2018년 4월 11일 17시,수요일,충청북도 청주시 상당구 석교동,경상사고,0,0,1,0,차대사람 - 길가장자리구역통행중,안전운전불이행,건조,맑음,교차로 - 교차로안,승용,남,66세,상해없음,보행자,여,56세,경상
2018041100100468,2018년 4월 11일 18시,수요일,충청북도 청주시 청원구 오창읍,경상사고,0,0,1,0,차대차 - 기타,안전운전불이행,건조,맑음,교차로 - 교차로안,승용,남,57세,상해없음,승용,남,27세,상해없음
2018041100100469,2018년 4월 11일 18시,수요일,충청북도 청주시 청원구 주중동,경상사고,0,0,1,0,차대차 - 측면충돌,교차로운행방법위반,건조,맑음,교차로 - 교차로횡단보도내,이륜,남,23세,경상,승용,여,44세,상해없음
2018041100100470,2018년 4월 11일 18시,수요일,충청북도 충주시 대소원면,경상사고,0,0,1,0,차대차 - 추돌,안전운전불이행,건조,맑음,교차로 - 교차로안,승용,남,21세,상해없음,승용,여,43세,경상
2018041100100471,2018년 4월 11일 18시,수요일,충청북도 진천군 광혜원면,경상사고,0,0,2,0,차대차 - 측면충돌,신호위반,건조,맑음,교차로 - 교차로안,승용,남,32세,경상,승용,남,38세,경상
2018041100100472,2018년 4월 11일 18시,수요일,충청북도 청주시 흥덕구 비하동,경상사고,0,0,2,0,차대차 - 추돌,안전거리미확보,건조,맑음,단일로 - 기타,승용,여,54세,기타불명,승용,남,25세,경상
2018041100100473,2018년 4월 11일 18시,수요일,충청북도 청주시 상당구 석교동,경상사고,0,0,2,0,차대차 - 측면충돌,신호위반,건조,맑음,교차로 - 교차로안,승용,남,54세,상해없음,이륜,남,56세,경상
2018041100100511,2018년 4월 11일 19시,수요일,충청북도 청주시 상당구 용암동,경상사고,0,0,1,0,차대차 - 측면충돌,안전운전불이행,건조,맑음,교차로 - 교차로안,이륜,남,22세,경상,승용,남,63세,상해없음
2018041100100540,2018년 4월 11일 20시,수요일,충청북도 충주시 교현동,경상사고,0,0,2,0,차대차 - 측면충돌,직진우회전진행방해,건조,맑음,교차로 - 교차로안,승용,여,66세,상해없음,이륜,남,18세,경상
2018041100100541,2018년 4월 11일 20시,수요일,충청북도 진천군 진천읍,중상사고,0,1,3,0,차대차 - 추돌,안전거리미확보,건조,기타,단일로 - 기타,승용,남,34세,상해없음,승용,여,33세,중상
2018041100100542,2018년 4월 11일 20시,수요일,충청북도 청주시 상당구 서문동,경상사고,0,0,2,0,차대사람 - 횡단중,보행자보호의무위반,건조,맑음,교차로 - 교차로횡단보도내,승용,남,26세,상해없음,보행자,남,36세,경상
2018041100100566,2018년 4월 11일 21시,수요일,충청북도 음성군 대소면,경상사고,0,0,1,0,차대차 - 측면충돌,안전운전불이행,건조,맑음,단일로 - 기타,승용,남,27세,경상,화물,남,65세,상해없음
2018041100100567,2018년 4월 11일 21시,수요일,충청북도 청주시 흥덕구 외북동,경상사고,0,0,2,0,차대차 - 측면충돌,신호위반,건조,맑음,교차로 - 교차로부근,승용,남,34세,경상,승용,여,51세,경상
2018041100100586,2018년 4월 11일 22시,수요일,충청북도 청주시 서원구 모충동,경상사고,0,0,1,0,차대차 - 측면충돌,안전운전불이행,건조,맑음,단일로 - 지하차도(도로)내,이륜,남,20세,상해없음,승합,남,63세,상해없음
2018041100100611,2018년 4월 11일 23시,수요일,충청북도 청주시 흥덕구 향정동,경상사고,0,0,1,0,차대차 - 추돌,안전운전불이행,건조,맑음,교차로 - 교차로안,승용,남,34세,상해없음,승용,남,27세,경상
2018041200100037,2018년 4월 12일 03시,목요일,충청북도 제천시 명지동,경상사고,0,0,1,0,차대차 - 측면충돌,직진우회전진행방해,건조,흐림,교차로 - 교차로안,승용,남,59세,경상,화물,남,45세,상해없음
2018041200100055,2018년 4월 12일 05시,목요일,충청북도 청주시 흥덕구 가경동,경상사고,0,0,2,0,차대차 - 추돌,안전운전불이행,건조,맑음,단일로 - 기타,승용,남,52세,상해없음,승용,남,38세,경상
2018041200100081,2018년 4월 12일 07시,목요일,충청북도 진천군 초평면,사망사고,1,1,2,0,차대차 - 기타,안전거리미확보,건조,맑음,교차로 - 교차로부근,승용,남,33세,상해없음,승용,남,62세,사망
2018041200100082,2018년 4월 12일 07시,목요일,충청북도 청주시 흥덕구 복대동,경상사고,0,0,4,0,차대차 - 기타,신호위반,건조,맑음,교차로 - 교차로안,승용,남,22세,경상,승용,남,28세,경상
2018041200100118,2018년 4월 12일 08시,목요일,충청북도 증평군 증평읍,경상사고,0,0,1,0,차대차 - 측면충돌,안전운전불이행,건조,맑음,단일로 - 기타,승용,남,74세,상해없음,승용,여,38세,경상
2018041200100119,2018년 4월 12일 08시,목요일,충청북도 청주시 상당구 문의면,경상사고,0,0,1,0,차대차 - 기타,안전운전불이행,건조,맑음,교차로 - 교차로안,승용,여,59세,상해없음,승용,남,30세,경상
2018041200100151,2018년 4월 12일 09시,목요일,충청북도 옥천군 안내면,중상사고,0,1,1,0,차대차 - 정면충돌,안전운전불이행,건조,맑음,교차로 - 교차로안,화물,남,45세,중상,승용,여,47세,경상
2018041200100181,2018년 4월 12일 10시,목요일,충청북도 진천군 진천읍,사망사고,1,0,0,0,차량단독 - 전도전복 - 전복,안전운전불이행,건조,맑음,단일로 - 기타,특수,남,59세,사망,미분류,미분류,미분류,미분류
2018041200100247,2018년 4월 12일 12시,목요일,충청북도 청주시 청원구 내덕동,중상사고,0,1,0,0,차대사람 - 기타,안전운전불이행,건조,맑음,교차로 - 교차로부근,화물,남,53세,상해없음,보행자,남,64세,중상
2018041200100248,2018년 4월 12일 12시,목요일,충청북도 청주시 상당구 명암동,중상사고,0,1,1,0,차대차 - 측면충돌,안전운전불이행,건조,맑음,교차로 - 교차로부근,화물,남,50세,상해없음,승용,남,31세,경상
2018041200100279,2018년 4월 12일 13시,목요일,충청북도 진천군 이월면,경상사고,0,0,1,0,차대차 - 측면충돌,직진우회전진행방해,건조,맑음,교차로 - 교차로안,승용,남,19세,상해없음,승용,여,37세,경상
2018041200100315,2018년 4월 12일 14시,목요일,충청북도 청주시 흥덕구 오송읍,경상사고,0,0,1,0,차대차 - 기타,안전거리미확보,건조,맑음,교차로 - 교차로부근,승용,남,33세,상해없음,승용,여,37세,경상
2018041200100388,2018년 4월 12일 16시,목요일,충청북도 청주시 청원구 오창읍,경상사고,0,0,1,0,차대사람 - 기타,안전운전불이행,건조,맑음,교차로 - 교차로안,승용,남,28세,상해없음,보행자,남,9세,경상
2018041200100389,2018년 4월 12일 16시,목요일,충청북도 충주시 교현동,경상사고,0,0,1,0,차대차 - 기타,안전운전불이행,건조,흐림,단일로 - 기타,승용,남,53세,상해없음,이륜,여,64세,경상
2018041200100390,2018년 4월 12일 16시,목요일,충청북도 청주시 상당구 남일면,경상사고,0,0,1,0,차대차 - 측면충돌,안전운전불이행,건조,맑음,단일로 - 지하차도(도로)내,화물,남,58세,상해없음,화물,남,56세,경상
2018041200100420,2018년 4월 12일 17시,목요일,충청북도 청주시 청원구 오창읍,경상사고,0,0,3,0,차대차 - 측면충돌,신호위반,건조,맑음,교차로 - 교차로안,승용,여,56세,경상,승용,남,25세,경상
2018041200100421,2018년 4월 12일 17시,목요일,충청북도 괴산군 소수면,중상사고,0,1,0,0,차대차 - 측면충돌,안전운전불이행,건조,흐림,단일로 - 기타,농기계,남,68세,중상,화물,여,55세,상해없음
2018041200100422,2018년 4월 12일 17시,목요일,충청북도 청주시 서원구 분평동,경상사고,0,0,2,0,차대차 - 측면충돌,신호위반,건조,맑음,교차로 - 교차로안,승용,여,50세,상해없음,승합,남,38세,경상
2018041200100472,2018년 4월 12일 18시,목요일,충청북도 충주시 주덕읍,중상사고,0,5,2,0,차대차 - 추돌,안전운전불이행,건조,맑음,교차로 - 교차로부근,화물,남,55세,상해없음,승용,남,54세,경상
2018041200100473,2018년 4월 12일 18시,목요일,충청북도 음성군 금왕읍,경상사고,0,0,4,0,차대차 - 정면충돌,신호위반,건조,맑음,교차로 - 교차로안,승합,남,39세,상해없음,화물,남,48세,경상
2018041200100474,2018년 4월 12일 18시,목요일,충청북도 진천군 광혜원면,경상사고,0,0,2,0,차대차 - 정면충돌,안전운전불이행,건조,맑음,교차로 - 교차로안,승용,남,51세,상해없음,승용,여,31세,경상
2018041200100513,2018년 4월 12일 19시,목요일,충청북도 청주시 청원구 사천동,중상사고,0,1,0,0,차대차 - 기타,교차로운행방법위반,건조,맑음,교차로 - 교차로안,승용,남,60세,상해없음,이륜,남,69세,중상
2018041200100514,2018년 4월 12일 19시,목요일,충청북도 충주시 안림동,경상사고,0,0,2,0,차대차 - 측면충돌,안전거리미확보,건조,맑음,단일로 - 기타,특수,남,55세,상해없음,승용,남,40세,경상
2018041200100553,2018년 4월 12일 20시,목요일,충청북도 충주시 연수동,중상사고,0,2,0,0,차대차 - 기타,안전운전불이행,건조,맑음,교차로 - 교차로안,승용,남,32세,상해없음,승용,남,56세,중상
2018041200100595,2018년 4월 12일 21시,목요일,충청북도 충주시 문화동,중상사고,0,2,0,0,차대차 - 기타,신호위반,건조,맑음,교차로 - 교차로안,승용,여,22세,상해없음,승용,남,33세,중상
2018041200100596,2018년 4월 12일 21시,목요일,충청북도 충주시 목행동,중상사고,0,1,0,0,차대차 - 측면충돌,교차로운행방법위반,건조,흐림,교차로 - 교차로안,자전거,남,39세,중상,승용,남,60세,상해없음
2018041200100597,2018년 4월 12일 21시,목요일,충청북도 증평군 증평읍,경상사고,0,0,1,0,차대차 - 측면충돌,중앙선침범,건조,맑음,단일로 - 기타,승용,남,57세,상해없음,이륜,남,28세,경상
2018041200100622,2018년 4월 12일 22시,목요일,충청북도 청주시 상당구 용암동,경상사고,0,0,2,0,차대차 - 측면충돌,안전운전불이행,건조,맑음,단일로 - 기타,승용,남,36세,상해없음,승용,여,40세,경상
2018041300100005,2018년 4월 13일 00시,금요일,충청북도 충주시 대소원면,중상사고,0,1,0,0,차대차 - 정면충돌,중앙선침범,건조,맑음,교차로 - 교차로안,승용,남,25세,상해없음,승용,남,47세,중상
2018041300100031,2018년 4월 13일 02시,금요일,충청북도 충주시 연수동,경상사고,0,0,1,0,차대차 - 추돌,안전운전불이행,건조,맑음,기타 - 기타,승용,남,57세,상해없음,이륜,남,23세,상해없음
2018041300100046,2018년 4월 13일 04시,금요일,충청북도 옥천군 동이면,중상사고,0,1,0,0,차대사람 - 차도통행중,안전운전불이행,건조,맑음,단일로 - 기타,화물,남,58세,상해없음,보행자,여,42세,중상
2018041300100082,2018년 4월 13일 07시,금요일,충청북도 청주시 서원구 개신동,중상사고,0,1,1,0,차대차 - 기타,안전운전불이행,건조,맑음,교차로 - 교차로부근,승용,남,23세,상해없음,승용,남,45세,경상
2018041300100083,2018년 4월 13일 07시,금요일,충청북도 충주시 문화동,중상사고,0,1,0,1,차대차 - 기타,교차로운행방법위반,건조,맑음,교차로 - 교차로안,승용,남,24세,부상신고,승용,여,59세,중상
2018041300100084,2018년 4월 13일 07시,금요일,충청북도 충주시 금릉동,경상사고,0,0,1,0,차대차 - 기타,안전거리미확보,건조,맑음,단일로 - 기타,승용,여,37세,상해없음,승용,남,50세,경상
2018041300100120,2018년 4월 13일 08시,금요일,충청북도 진천군 진천읍,경상사고,0,0,1,0,차대차 - 기타,안전운전불이행,건조,맑음,교차로 - 교차로부근,특수,남,50세,상해없음,화물,남,56세,경상
2018041300100166,2018년 4월 13일 09시,금요일,충청북도 청주시 서원구 분평동,경상사고,0,0,1,0,차대차 - 측면충돌,안전운전불이행,건조,맑음,교차로 - 교차로안,화물,남,32세,상해없음,승용,남,31세,경상
2018041300100198,2018년 4월 13일 10시,금요일,충청북도 제천시 하소동,경상사고,0,0,1,0,차대차 - 기타,안전운전불이행,건조,맑음,단일로 - 기타,승용,여,52세,상해없음,승용,남,74세,경상
2018041300100230,2018년 4월 13일 11시,금요일,충청북도 충주시 호암동,경상사고,0,0,2,0,차대차 - 기타,안전운전불이행,건조,맑음,교차로 - 교차로부근,승용,남,31세,상해없음,승용,남,70세,경상
2018041300100279,2018년 4월 13일 13시,금요일,충청북도 충주시 성내동,경상사고,0,0,1,0,차대차 - 기타,신호위반,건조,맑음,교차로 - 교차로안,이륜,여,69세,상해없음,승용,남,68세,상해없음
2018041300100280,2018년 4월 13일 13시,금요일,충청북도 청주시 흥덕구 봉명동,경상사고,0,0,4,0,차대차 - 측면충돌,직진우회전진행방해,건조,맑음,교차로 - 교차로안,화물,남,50세,경상,승용,남,41세,상해없음
2018041300100281,2018년 4월 13일 13시,금요일,충청북도 충주시 신니면,경상사고,0,0,1,0,차대차 - 추돌,안전거리미확보,건조,맑음,단일로 - 기타,승용,남,60세,상해없음,승용,남,29세,경상