사고번호,사고일시,요일,시군구,사고내용,사망자수,중상자수,경상자수,부상신고자수,사고유형,법규위반,노면상태,기상상태,도로형태,가해운전자 차종,가해운전자 성별,가해운전자 연령,가해운전자 상해정도,피해운전자 차종,피해운전자 성별,피해운전자 연령,피해운전자 상해정도
2018042300100038,2018년 4월 23일 04시,월요일,충청북도 보은군 보은읍,중상사고,0,1,0,0,차량단독 - 공작물충돌,안전운전불이행,젖음/습기,흐림,단일로 - 교량,승용,남,63세,중상,,,,
2018042300100084,2018년 4월 23일 07시,월요일,충청북도 청주시 청원구 우암동,경상사고,0,0,1,0,차대차 - 기타,안전운전불이행,건조,맑음,교차로 - 교차로안,승용,남,51세,상해없음,승용,여,47세,경상
2018042300100085,2018년 4월 23일 07시,월요일,충청북도 음성군 맹동면,경상사고,0,0,2,0,차대차 - 측면충돌,안전운전불이행,젖음/습기,비,교차로 - 교차로부근,승용,남,32세,경상,승용,남,45세,경상
2018042300100086,2018년 4월 23일 07시,월요일,충청북도 청주시 흥덕구 송정동,경상사고,0,0,1,0,차대사람 - 횡단중,안전운전불이행,젖음/습기,비,교차로 - 교차로안,승합,남,43세,상해없음,보행자,여,57세,경상
2018042300100117,2018년 4월 23일 08시,월요일,충청북도 음성군 대소면,경상사고,0,0,2,0,차대차 - 측면충돌,교차로운행방법위반,젖음/습기,비,교차로 - 교차로안,화물,남,68세,상해없음,화물,남,54세,경상
2018042300100118,2018년 4월 23일 08시,월요일,충청북도 청주시 흥덕구 운천동,경상사고,0,0,1,0,차량단독 - 기타,기타,젖음/습기,비,단일로 - 기타,승합,남,41세,상해없음,,,,
2018042300100163,2018년 4월 23일 09시,월요일,충청북도 음성군 금왕읍,중상사고,0,1,0,0,차대차 - 측면충돌,신호위반,젖음/습기,비,교차로 - 교차로안,화물,여,53세,상해없음,승용,여,59세,중상
2018042300100164,2018년 4월 23일 09시,월요일,충청북도 청주시 흥덕구 가경동,중상사고,0,1,1,0,차대차 - 기타,과속,젖음/습기,비,교차로 - 교차로안,승용,남,34세,경상,화물,남,71세,중상
2018042300100198,2018년 4월 23일 10시,월요일,충청북도 청주시 흥덕구 복대동,경상사고,0,0,2,0,차대차 - 측면충돌,신호위반,젖음/습기,비,교차로 - 교차로안,승용,여,49세,상해없음,승용,남,49세,경상
2018042300100223,2018년 4월 23일 11시,월요일,충청북도 영동군 영동읍,경상사고,0,0,1,0,차대차 - 추돌,안전운전불이행,젖음/습기,비,교차로 - 교차로부근,승용,남,66세,상해없음,승용,남,48세,경상
2018042300100224,2018년 4월 23일 11시,월요일,충청북도 진천군 진천읍,중상사고,0,1,0,0,차량단독 - 기타,안전운전불이행,젖음/습기,비,단일로 - 기타,승용,남,49세,중상,,,,
2018042300100273,2018년 4월 23일 13시,월요일,충청북도 충주시 교현동,경상사고,0,0,1,0,차대사람 - 기타,안전운전불이행,젖음/습기,비,교차로 - 교차로안,승용,남,60세,상해없음,보행자,남,64세,경상
2018042300100274,2018년 4월 23일 13시,월요일,충청북도 충주시 신니면,경상사고,0,0,1,0,차대차 - 기타,안전운전불이행,젖음/습기,비,단일로 - 기타,건설기계,남,26세,상해없음,화물,남,76세,경상
2018042300100275,2018년 4월 23일 13시,월요일,충청북도 영동군 심천면,중상사고,0,2,0,0,차대차 - 측면충돌,안전운전불이행,젖음/습기,비,교차로 - 교차로안,건설기계,남,43세,상해없음,승용,남,63세,중상
2018042300100276,2018년 4월 23일 13시,월요일,충청북도 영동군 영동읍,경상사고,0,0,3,0,차대차 - 추돌,안전운전불이행,젖음/습기,비,교차로 - 교차로안,화물,남,48세,경상,승용,남,39세,경상
2018042300100312,2018년 4월 23일 14시,월요일,충청북도 청주시 서원구 사창동,중상사고,0,1,0,0,차대차 - 기타,안전거리미확보,젖음/습기,비,교차로 - 교차로부근,승용,남,71세,상해없음,승용,남,29세,중상
2018042300100336,2018년 4월 23일 15시,월요일,충청북도 제천시 봉양읍,부상신고사고,0,0,0,1,차량단독 - 도로외이탈 - 추락,안전운전불이행,젖음/습기,비,단일로 - 기타,승용,남,59세,부상신고,,,,
2018042300100352,2018년 4월 23일 16시,월요일,충청북도 충주시 지현동,경상사고,0,0,1,0,차대차 - 측면충돌,안전운전불이행,젖음/습기,비,단일로 - 기타,승용,남,73세,상해없음,승용,여,48세,경상
2018042300100353,2018년 4월 23일 16시,월요일,충청북도 음성군 맹동면,경상사고,0,0,1,0,차대차 - 측면충돌,안전운전불이행,젖음/습기,비,교차로 - 교차로부근,승용,남,23세,상해없음,승용,여,40세,경상
2018042300100391,2018년 4월 23일 17시,월요일,충청북도 청주시 서원구 사창동,경상사고,0,0,1,0,차대차 - 측면충돌,직진우회전진행방해,젖음/습기,비,교차로 - 교차로안,승용,남,57세,상해없음,승용,여,62세,경상
2018042300100392,2018년 4월 23일 17시,월요일,충청북도 청주시 흥덕구 비하동,경상사고,0,0,2,0,차대차 - 추돌,안전운전불이행,젖음/습기,비,단일로 - 기타,승용,남,64세,상해없음,승용,남,66세,경상
2018042300100393,2018년 4월 23일 17시,월요일,충청북도 청주시 흥덕구 비하동,경상사고,0,0,2,0,차대차 - 측면충돌,안전운전불이행,건조,맑음,교차로 - 교차로안,승용,남,43세,경상,승용,여,42세,경상
2018042300100429,2018년 4월 23일 18시,월요일,충청북도 청주시 흥덕구 석곡동,경상사고,0,0,2,0,차대차 - 기타,안전운전불이행,젖음/습기,비,단일로 - 기타,승용,남,76세,상해없음,승용,남,22세,경상
2018042300100459,2018년 4월 23일 19시,월요일,충청북도 충주시 교현동,경상사고,0,0,1,0,차대차 - 측면충돌,안전운전불이행,건조,맑음,기타 - 기타,승용,여,40세,상해없음,이륜,남,18세,경상
2018042300100460,2018년 4월 23일 19시,월요일,충청북도 충주시 교현동,중상사고,0,1,0,0,차대차 - 기타,신호위반,젖음/습기,비,교차로 - 교차로안,승용,남,51세,상해없음,이륜,남,16세,중상
2018042300100461,2018년 4월 23일 19시,월요일,충청북도 청주시 서원구 장암동,사망사고,1,0,0,0,차대사람 - 횡단중,안전운전불이행,젖음/습기,비,단일로 - 지하차도(도로)내,화물,남,54세,상해없음,보행자,남,64세,사망
2018042300100513,2018년 4월 23일 20시,월요일,충청북도 청주시 상당구 용담동,경상사고,0,0,1,0,차대차 - 측면충돌,안전운전불이행,젖음/습기,비,단일로 - 지하차도(도로)내,승용,남,21세,상해없음,승합,남,64세,상해없음
2018042300100550,2018년 4월 23일 21시,월요일,충청북도 청주시 청원구 율량동,경상사고,0,0,1,0,차대차 - 기타,안전운전불이행,젖음/습기,비,교차로 - 교차로안,화물,남,44세,상해없음,승용,남,23세,경상
2018042300100551,2018년 4월 23일 21시,월요일,충청북도 충주시 목벌동,중상사고,0,1,0,0,차량단독 - 공작물충돌,안전운전불이행,건조,맑음,단일로 - 기타,화물,남,62세,중상,,,,
2018042300100552,2018년 4월 23일 21시,월요일,충청북도 음성군 생극면,경상사고,0,0,1,0,차량단독 - 공작물충돌,안전운전불이행,젖음/습기,비,교차로 - 교차로부근,승용,남,42세,경상,,,,
2018042300100553,2018년 4월 23일 21시,월요일,충청북도 음성군 생극면,경상사고,0,0,2,0,차대차 - 측면충돌,안전운전불이행,젖음/습기,비,교차로 - 교차로부근,승용,여,55세,경상,특수,남,36세,경상
2018042300100554,2018년 4월 23일 21시,월요일,충청북도 청주시 흥덕구 가경동,부상신고사고,0,0,0,1,차량단독 - 기타,안전운전불이행,건조,맑음,교차로 - 교차로부근,특수,남,26세,부상신고,,,,
2018042300100624,2018년 4월 23일 23시,월요일,충청북도 청주시 흥덕구 봉명동,중상사고,0,2,2,0,차대차 - 측면충돌,교차로운행방법위반,젖음/습기,비,교차로 - 교차로안,승용,남,58세,경상,승용,남,23세,경상
2018042400100034,2018년 4월 24일 02시,화요일,충청북도 청주시 상당구 평촌동,경상사고,0,0,1,0,차대차 - 추돌,안전운전불이행,젖음/습기,맑음,교차로 - 교차로부근,승합,남,62세,경상,승합,기타불명,미분류,기타불명
2018042400100042,2018년 4월 24일 03시,화요일,충청북도 청주시 청원구 사천동,경상사고,0,0,1,0,차대차 - 추돌,안전운전불이행,건조,맑음,교차로 - 교차로부근,화물,남,56세,상해없음,승용,남,42세,경상
2018042400100084,2018년 4월 24일 07시,화요일,충청북도 음성군 삼성면,경상사고,0,0,1,0,차대차 - 추돌,안전운전불이행,건조,맑음,주차장 - 주차장,승용,남,64세,상해없음,승용,남,70세,경상
2018042400100193,2018년 4월 24일 10시,화요일,충청북도 충주시 칠금동,경상사고,0,0,2,0,차대차 - 기타,안전거리미확보,건조,맑음,단일로 - 기타,특수,남,49세,상해없음,승용,여,56세,경상
2018042400100194,2018년 4월 24일 10시,화요일,충청북도 진천군 진천읍,경상사고,0,0,1,0,차대차 - 추돌,신호위반,건조,맑음,교차로 - 교차로안,화물,남,65세,상해없음,승용,남,27세,경상
2018042400100195,2018년 4월 24일 10시,화요일,충청북도 청주시 흥덕구 가경동,경상사고,0,0,2,0,차대차 - 기타,기타,건조,맑음,단일로 - 기타,승용,남,51세,경상,승용,여,53세,경상
2018042400100245,2018년 4월 24일 12시,화요일,충청북도 충주시 성서동,경상사고,0,0,3,0,차대차 - 측면충돌,직진우회전진행방해,건조,맑음,교차로 - 교차로안,승용,여,48세,경상,승용,여,75세,경상
2018042400100246,2018년 4월 24일 12시,화요일,충청북도 충주시 용탄동,경상사고,0,0,2,0,차대차 - 기타,안전운전불이행,건조,맑음,교차로 - 교차로안,화물,남,70세,기타불명,승용,남,47세,경상
2018042400100283,2018년 4월 24일 13시,화요일,충청북도 청주시 흥덕구 복대동,중상사고,0,1,2,0,차대사람 - 횡단중,신호위반,건조,맑음,교차로 - 교차로부근,승용,여,68세,상해없음,보행자,남,54세,중상
2018042400100284,2018년 4월 24일 13시,화요일,충청북도 청주시 서원구 미평동,중상사고,0,1,2,0,차대차 - 추돌,안전운전불이행,건조,맑음,단일로 - 지하차도(도로)내,승용,여,65세,상해없음,승용,남,71세,중상
2018042400100312,2018년 4월 24일 14시,화요일,충청북도 청주시 흥덕구 옥산면,중상사고,0,1,3,0,차대차 - 추돌,안전운전불이행,건조,맑음,단일로 - 기타,승용,여,62세,상해없음,승용,남,43세,중상
2018042400100313,2018년 4월 24일 14시,화요일,충청북도 청주시 상당구 석교동,중상사고,0,1,1,0,차대차 - 추돌,신호위반,건조,맑음,단일로 - 지하차도(도로)내,화물,남,70세,중상,화물,남,46세,경상
2018042400100350,2018년 4월 24일 15시,화요일,충청북도 제천시 천남동,중상사고,0,1,0,0,차대차 - 측면충돌,중앙선침범,건조,맑음,교차로 - 교차로안,화물,남,51세,상해없음,자전거,여,66세,중상
2018042400100351,2018년 4월 24일 15시,화요일,충청북도 음성군 음성읍,중상사고,0,1,0,0,차대사람 - 보도통행중,안전운전불이행,건조,맑음,주차장 - 주차장,화물,남,44세,상해없음,보행자,남,45세,중상
2018042400100432,2018년 4월 24일 17시,화요일,충청북도 충주시 목행동,경상사고,0,0,1,0,차대차 - 측면충돌,안전운전불이행,건조,맑음,교차로 - 교차로안,승합,여,48세,경상,화물,남,54세,상해없음
2018042400100433,2018년 4월 24일 17시,화요일,충청북도 청주시 상당구 영운동,경상사고,0,0,1,0,차대차 - 측면충돌,안전운전불이행,건조,맑음,교차로 - 교차로안,자전거,남,81세,경상,승용,여,64세,상해없음
2018042400100471,2018년 4월 24일 18시,화요일,충청북도 청주시 청원구 오창읍,경상사고,0,0,3,0,차대차 - 추돌,안전거리미확보,건조,맑음,교차로 - 교차로부근,승용,여,24세,경상,승용,남,69세,경상
2018042400100472,2018년 4월 24일 18시,화요일,충청북도 충주시 목행동,경상사고,0,0,1,0,차대사람 - 기타,안전운전불이행,건조,맑음,단일로 - 기타,화물,남,51세,상해없음,보행자,여,89세,경상
2018042400100473,2018년 4월 24일 18시,화요일,충청북도 충주시 직동,중상사고,0,1,0,0,차대차 - 측면충돌,중앙선침범,건조,맑음,기타 - 기타,승용,남,60세,상해없음,승용,여,31세,중상
2018042400100474,2018년 4월 24일 18시,화요일,충청북도 청주시 흥덕구 복대동,경상사고,0,0,1,0,차대사람 - 기타,안전운전불이행,건조,맑음,단일로 - 기타,승용,여,27세,상해없음,보행자,남,44세,경상
2018042400100503,2018년 4월 24일 19시,화요일,충청북도 제천시 중앙로2가,경상사고,0,0,1,0,차대사람 - 기타,안전운전불이행,건조,맑음,교차로 - 교차로안,승용,남,62세,기타불명,보행자,남,39세,경상
2018042400100504,2018년 4월 24일 19시,화요일,충청북도 청주시 청원구 오창읍,부상신고사고,0,0,0,1,차대차 - 추돌,안전운전불이행,건조,맑음,교차로 - 교차로부근,화물,남,51세,부상신고,승용,남,55세,상해없음
2018042400100534,2018년 4월 24일 20시,화요일,충청북도 충주시 중앙탑면,경상사고,0,0,4,1,차대차 - 기타,신호위반,건조,맑음,교차로 - 교차로안,승용,남,66세,부상신고,승용,남,50세,경상
2018042400100567,2018년 4월 24일 21시,화요일,충청북도 청주시 청원구 내덕동,경상사고,0,0,1,0,차대차 - 기타,교차로운행방법위반,건조,맑음,교차로 - 교차로안,이륜,남,39세,경상,승용,남,48세,상해없음
2018042400100568,2018년 4월 24일 21시,화요일,충청북도 충주시 연수동,경상사고,0,0,1,0,차대차 - 기타,안전운전불이행,건조,맑음,단일로 - 기타,승용,남,49세,상해없음,이륜,여,54세,경상
2018042400100569,2018년 4월 24일 21시,화요일,충청북도 청주시 흥덕구 복대동,경상사고,0,0,1,0,차대차 - 측면충돌,안전운전불이행,건조,맑음,단일로 - 기타,기타불명,남,34세,경상,승합,남,34세,상해없음
2018042400100570,2018년 4월 24일 21시,화요일,충청북도 청주시 흥덕구 비하동,경상사고,0,0,1,0,차대사람 - 기타,안전운전불이행,건조,맑음,교차로 - 교차로안,승용,남,33세,상해없음,보행자,남,28세,경상
2018042400100571,2018년 4월 24일 21시,화요일,충청북도 청주시 상당구 용암동,경상사고,0,0,1,0,차대차 - 추돌,안전운전불이행,건조,맑음,교차로 - 교차로부근,승용,남,35세,상해없음,승용,남,47세,상해없음
2018042400100603,2018년 4월 24일 22시,화요일,충청북도 청주시 청원구 우암동,중상사고,0,1,0,0,차대사람 - 보도통행중,안전운전불이행,건조,맑음,교차로 - 교차로안,승용,남,31세,상해없음,보행자,남,50세,중상
2018042400100604,2018년 4월 24일 22시,화요일,충청북도 증평군 증평읍,경상사고,0,0,1,0,차대차 - 기타,차로위반,건조,맑음,교차로 - 교차로부근,승용,남,61세,상해없음,승용,여,26세,경상
2018042400100634,2018년 4월 24일 23시,화요일,충청북도 청주시 서원구 분평동,중상사고,0,1,2,0,차대차 - 추돌,안전운전불이행,건조,맑음,교차로 - 교차로부근,승용,여,28세,상해없음,승용,여,40세,중상
2018042500100032,2018년 4월 25일 03시,수요일,충청북도 진천군 진천읍,경상사고,0,0,2,0,차대차 - 추돌,안전운전불이행,건조,기타,교차로 - 교차로부근,승용,남,24세,상해없음,승합,남,47세,경상
2018042500100074,2018년 4월 25일 07시,수요일,충청북도 청주시 흥덕구 오송읍,중상사고,0,1,0,0,차대사람 - 횡단중,중앙선침범,건조,맑음,교차로 - 교차로부근,승용,남,36세,상해없음,보행자,남,43세,중상
2018042500100105,2018년 4월 25일 08시,수요일,충청북도 청주시 청원구 율량동,경상사고,0,0,3,0,차대차 - 기타,교차로운행방법위반,건조,맑음,교차로 - 교차로안,승용,남,29세,상해없음,승용,남,53세,경상
2018042500100106,2018년 4월 25일 08시,수요일,충청북도 청주시 흥덕구 옥산면,중상사고,0,1,0,0,차대차 - 기타,안전운전불이행,건조,맑음,단일로 - 기타,승용,남,42세,상해없음,화물,남,58세,중상
2018042500100107,2018년 4월 25일 08시,수요일,충청북도 청주시 서원구 성화동,경상사고,0,0,1,0,차대사람 - 기타,보행자보호의무위반,건조,맑음,단일로 - 기타,승용,여,39세,상해없음,보행자,남,18세,경상
2018042500100138,2018년 4월 25일 09시,수요일,충청북도 청주시 서원구 사직동,경상사고,0,0,1,0,차대차 - 기타,안전운전불이행,건조,맑음,교차로 - 교차로안,승용,남,43세,상해없음,승합,남,40세,상해없음
2018042500100139,2018년 4월 25일 09시,수요일,충청북도 충주시 교현동,중상사고,0,1,0,0,차대차 - 기타,직진우회전진행방해,건조,맑음,교차로 - 교차로안,승용,여,61세,상해없음,승용,여,50세,중상
2018042500100140,2018년 4월 25일 09시,수요일,충청북도 청주시 흥덕구 향정동,경상사고,0,0,2,0,차대차 - 기타,안전운전불이행,건조,맑음,단일로 - 기타,승용,남,30세,경상,화물,남,42세,경상
2018042500100141,2018년 4월 25일 09시,수요일,충청북도 청주시 서원구 수곡동,중상사고,0,1,0,0,차대사람 - 횡단중,안전운전불이행,건조,맑음,교차로 - 교차로안,승용,여,56세,상해없음,보행자,남,55세,중상
2018042500100179,2018년 4월 25일 10시,수요일,충청북도 제천시 신백동,경상사고,0,0,1,0,차대차 - 측면충돌,안전운전불이행,건조,맑음,교차로 - 교차로부근,화물,남,71세,상해없음,이륜,남,78세,경상
2018042500100180,2018년 4월 25일 10시,수요일,충청북도 청주시 서원구 수곡동,경상사고,0,0,1,0,차대차 - 측면충돌,신호위반,건조,맑음,교차로 - 교차로안,승용,여,67세,상해없음,승용,여,49세,경상
2018042500100208,2018년 4월 25일 11시,수요일,충청북도 청주시 흥덕구 오송읍,경상사고,0,0,1,0,차대차 - 기타,교차로운행방법위반,건조,맑음,교차로 - 교차로안,승용,남,73세,상해없음,승용,남,62세,경상
2018042500100209,2018년 4월 25일 11시,수요일,충청북도 청주시 상당구 용암동,경상사고,0,0,1,0,차대사람 - 기타,안전운전불이행,건조,맑음,단일로 - 기타,승용,여,51세,상해없음,보행자,여,51세,경상
2018042500100232,2018년 4월 25일 12시,수요일,충청북도 제천시 청전동,중상사고,0,1,0,0,차대차 - 기타,직진우회전진행방해,건조,맑음,교차로 - 교차로안,이륜,남,78세,중상,승용,여,46세,상해없음
2018042500100266,2018년 4월 25일 13시,수요일,충청북도 충주시 중앙탑면,경상사고,0,0,2,0,차대차 - 측면충돌,안전운전불이행,건조,맑음,교차로 - 교차로부근,승용,남,79세,상해없음,승용,여,25세,경상
2018042500100267,2018년 4월 25일 13시,수요일,충청북도 청주시 서원구 모충동,경상사고,0,0,1,0,차대사람 - 길가장자리구역통행중,안전운전불이행,건조,맑음,단일로 - 지하차도(도로)내,승용,여,37세,상해없음,보행자,여,24세,경상
2018042500100302,2018년 4월 25일 14시,수요일,충청북도 충주시 대소원면,경상사고,0,0,4,0,차대차 - 기타,신호위반,건조,맑음,교차로 - 교차로안,승용,남,46세,상해없음,승용,여,52세,경상
2018042500100303,2018년 4월 25일 14시,수요일,충청북도 청주시 흥덕구 옥산면,경상사고,0,0,1,0,차대차 - 기타,교차로운행방법위반,건조,맑음,교차로 - 교차로안,승용,여,44세,상해없음,이륜,남,28세,경상
2018042500100346,2018년 4월 25일 15시,수요일,충청북도 괴산군 괴산읍,경상사고,0,0,4,0,차대차 - 측면충돌,직진우회전진행방해,건조,맑음,교차로 - 교차로안,승용,여,26세,경상,승용,남,31세,경상
2018042500100383,2018년 4월 25일 16시,수요일,충청북도 제천시 고암동,중상사고,0,1,0,0,차대사람 - 횡단중,안전운전불이행,건조,맑음,단일로 - 기타,화물,남,63세,상해없음,보행자,여,67세,중상
2018042500100384,2018년 4월 25일 16시,수요일,충청북도 청주시 흥덕구 오송읍,중상사고,0,1,0,0,차대차 - 측면충돌,교차로운행방법위반,건조,맑음,교차로 - 교차로안,승용,남,30세,상해없음,승용,여,43세,중상
2018042500100385,2018년 4월 25일 16시,수요일,충청북도 청주시 서원구 모충동,경상사고,0,0,1,0,차대차 - 측면충돌,안전운전불이행,건조,맑음,단일로 - 지하차도(도로)내,이륜,여,76세,경상,승용,여,39세,상해없음
2018042500100501,2018년 4월 25일 19시,수요일,충청북도 충주시 대소원면,경상사고,0,0,2,0,차대차 - 추돌,안전운전불이행,건조,흐림,단일로 - 기타,화물,남,66세,상해없음,승용,남,62세,경상
2018042500100502,2018년 4월 25일 19시,수요일,충청북도 청주시 서원구 미평동,경상사고,0,0,1,0,차대차 - 정면충돌,교차로운행방법위반,건조,맑음,교차로 - 교차로안,승용,여,34세,상해없음,화물,남,59세,상해없음
2018042500100503,2018년 4월 25일 19시,수요일,충청북도 청주시 서원구 모충동,중상사고,0,1,0,0,차대사람 - 횡단중,안전운전불이행,건조,맑음,교차로 - 교차로안,승용,여,53세,상해없음,보행자,여,55세,중상
2018042500100530,2018년 4월 25일 20시,수요일,충청북도 청주시 청원구 내수읍,중상사고,0,1,0,0,차대차 - 기타,안전운전불이행,건조,맑음,단일로 - 기타,승용,여,31세,상해없음,승용,여,34세,중상
2018042500100531,2018년 4월 25일 20시,수요일,충청북도 제천시 청전동,경상사고,0,0,1,0,차대차 - 기타,안전운전불이행,건조,맑음,교차로 - 교차로안,승용,여,60세,상해없음,이륜,남,18세,경상
2018042500100532,2018년 4월 25일 20시,수요일,충청북도 음성군 금왕읍,경상사고,0,0,3,0,차대차 - 측면충돌,교차로운행방법위반,건조,맑음,교차로 - 교차로안,승용,여,27세,경상,화물,남,57세,경상
2018042500100561,2018년 4월 25일 21시,수요일,충청북도 청주시 서원구 사창동,경상사고,0,0,1,0,차대사람 - 기타,안전운전불이행,건조,맑음,단일로 - 기타,승용,남,22세,상해없음,보행자,여,18세,경상
2018042500100604,2018년 4월 25일 23시,수요일,충청북도 청주시 흥덕구 비하동,경상사고,0,0,1,0,차대차 - 기타,안전운전불이행,건조,맑음,교차로 - 교차로안,승용,남,31세,상해없음,승용,남,25세,경상
2018042600100015,2018년 4월 26일 01시,목요일,충청북도 청주시 청원구 율량동,경상사고,0,0,3,0,차대차 - 기타,신호위반,건조,맑음,교차로 - 교차로안,승용,남,28세,경상,승용,남,51세,경상
2018042600100051,2018년 4월 26일 05시,목요일,충청북도 제천시 교동,경상사고,0,0,1,0,차대차 - 측면충돌,안전거리미확보,건조,맑음,교차로 - 교차로부근,승용,남,20세,상해없음,승용,남,49세,경상
2018042600100052,2018년 4월 26일 05시,목요일,충청북도 청주시 상당구 문의면,중상사고,0,1,2,0,차대차 - 측면충돌,신호위반,건조,맑음,교차로 - 교차로안,화물,남,58세,중상,화물,남,54세,경상
2018042600100059,2018년 4월 26일 06시,목요일,충청북도 진천군 진천읍,경상사고,0,0,1,0,차대차 - 측면충돌,신호위반,건조,맑음,교차로 - 교차로안,승용,여,64세,상해없음,화물,남,65세,경상
2018042600100076,2018년 4월 26일 07시,목요일,충청북도 음성군 삼성면,중상사고,0,1,1,0,차대차 - 추돌,안전운전불이행,건조,맑음,교차로 - 교차로부근,승용,남,57세,상해없음,승용,남,66세,중상
2018042600100077,2018년 4월 26일 07시,목요일,충청북도 음성군 맹동면,경상사고,0,0,1,0,차대차 - 측면충돌,안전운전불이행,건조,맑음,교차로 - 교차로부근,화물,남,61세,상해없음,승용,남,47세,경상
2018042600100078,2018년 4월 26일 07시,목요일,충청북도 청주시 상당구 용담동,경상사고,0,0,1,0,차대차 - 측면충돌,안전운전불이행,건조,맑음,단일로 - 지하차도(도로)내,건설기계,남,41세,상해없음,승용,여,41세,경상
2018042600100103,2018년 4월 26일 08시,목요일,충청북도 영동군 용산면,중상사고,0,1,1,0,차대차 - 측면충돌,신호위반,건조,맑음,교차로 - 교차로안,화물,남,66세,경상,승용,남,61세,중상
2018042600100104,2018년 4월 26일 08시,목요일,충청북도 증평군 증평읍,경상사고,0,0,1,0,차대차 - 측면충돌,교차로운행방법위반,건조,흐림,교차로 - 교차로안,승용,여,29세,상해없음,승용,남,41세,경상
2018042600100105,2018년 4월 26일 08시,목요일,충청북도 청주시 서원구 개신동,경상사고,0,0,2,0,차대사람 - 횡단중,보행자보호의무위반,건조,맑음,단일로 - 기타,자전거,남,14세,경상,보행자,남,10세,경상
2018042600100142,2018년 4월 26일 09시,목요일,충청북도 충주시 성내동,경상사고,0,0,1,0,차대차 - 기타,직진우회전진행방해,건조,맑음,교차로 - 교차로안,이륜,남,55세,상해없음,승용,여,60세,경상
2018042600100172,2018년 4월 26일 10시,목요일,충청북도 충주시 용탄동,경상사고,0,0,2,0,차대차 - 기타,직진우회전진행방해,건조,맑음,교차로 - 교차로안,화물,남,54세,상해없음,화물,남,61세,경상
2018042600100194,2018년 4월 26일 11시,목요일,충청북도 충주시 연수동,경상사고,0,0,3,0,차대차 - 기타,신호위반,건조,맑음,교차로 - 교차로안,승용,여,46세,상해없음,승용,여,24세,경상
2018042600100195,2018년 4월 26일 11시,목요일,충청북도 증평군 증평읍,경상사고,0,0,1,0,차대차 - 기타,신호위반,건조,맑음,교차로 - 교차로안,승합,남,63세,상해없음,화물,남,51세,경상
2018042600100196,2018년 4월 26일 11시,목요일,충청북도 청주시 서원구 미평동,경상사고,0,0,2,0,차대차 - 측면충돌,안전운전불이행,건조,맑음,기타 - 기타,자전거,남,74세,경상,자전거,남,54세,경상
2018042600100259,2018년 4월 26일 13시,목요일,충청북도 진천군 덕산면,경상사고,0,0,1,0,차대차 - 추돌,안전운전불이행,건조,맑음,교차로 - 교차로부근,화물,남,55세,상해없음,화물,남,56세,경상
2018042600100332,2018년 4월 26일 15시,목요일,충청북도 청주시 청원구 내덕동,경상사고,0,0,1,0,차대차 - 기타,안전운전불이행,건조,맑음,단일로 - 기타,이륜,남,30세,경상,승용,여,42세,상해없음
2018042600100333,2018년 4월 26일 15시,목요일,충청북도 충주시 봉방동,중상사고,0,1,1,0,차대차 - 기타,교차로운행방법위반,건조,맑음,교차로 - 교차로안,승용,남,50세,경상,승용,남,61세,중상
2018042600100334,2018년 4월 26일 15시,목요일,충청북도 청주시 서원구 죽림동,경상사고,0,0,2,0,차대차 - 기타,안전운전불이행,건조,맑음,단일로 - 기타,승용,여,43세,상해없음,승용,여,36세,경상
2018042600100365,2018년 4월 26일 16시,목요일,충청북도 충주시 중앙탑면,경상사고,0,0,2,0,차대차 - 기타,중앙선침범,건조,맑음,단일로 - 기타,승용,남,58세,경상,승용,남,54세,경상
2018042600100366,2018년 4월 26일 16시,목요일,충청북도 청주시 흥덕구 오송읍,경상사고,0,0,1,0,차대사람 - 기타,안전운전불이행,건조,맑음,단일로 - 기타,승용,남,47세,상해없음,보행자,남,35세,경상
2018042600100367,2018년 4월 26일 16시,목요일,충청북도 청주시 서원구 모충동,경상사고,0,0,1,0,차대차 - 측면충돌,안전운전불이행,건조,맑음,단일로 - 기타,승합,여,44세,상해없음,승용,남,29세,경상
2018042600100396,2018년 4월 26일 17시,목요일,충청북도 옥천군 청산면,중상사고,0,1,0,0,차대차 - 측면충돌,교차로운행방법위반,건조,맑음,교차로 - 교차로안,승용,남,60세,상해없음,원동기,남,70세,중상
2018042600100397,2018년 4월 26일 17시,목요일,충청북도 청주시 흥덕구 복대동,경상사고,0,0,2,0,차대차 - 추돌,안전거리미확보,건조,맑음,단일로 - 기타,승용,남,52세,상해없음,특수,남,36세,경상
2018042600100441,2018년 4월 26일 18시,목요일,충청북도 괴산군 연풍면,중상사고,0,1,0,0,차대사람 - 차도통행중,안전운전불이행,건조,흐림,교차로 - 교차로부근,승용,여,64세,상해없음,보행자,여,68세,중상
2018042600100442,2018년 4월 26일 18시,목요일,충청북도 괴산군 연풍면,사망사고,1,1,8,0,차대차 - 추돌,안전운전불이행,건조,맑음,단일로 - 터널,화물,남,58세,사망,화물,남,46세,중상
2018042600100470,2018년 4월 26일 19시,목요일,충청북도 음성군 원남면,중상사고,0,2,1,0,차대차 - 추돌,안전운전불이행,건조,맑음,단일로 - 기타,화물,남,52세,중상,농기계,남,63세,중상