사고번호,사고일시,요일,시군구,사고내용,사망자수,중상자수,경상자수,부상신고자수,사고유형,법규위반,노면상태,기상상태,도로형태,가해운전자 차종,가해운전자 성별,가해운전자 연령,가해운전자 상해정도,피해운전자 차종,피해운전자 성별,피해운전자 연령,피해운전자 상해정도
2018043000100528,2018년 4월 30일 19시,월요일,충청북도 청주시 흥덕구 비하동,경상사고,0,0,1,0,차대차 - 기타,교차로운행방법위반,건조,맑음,교차로 - 교차로안,승용,여,57세,상해없음,승용,남,41세,상해없음
2018043000100557,2018년 4월 30일 20시,월요일,충청북도 청주시 상당구 영동,중상사고,0,2,4,0,차대차 - 기타,안전거리미확보,건조,맑음,교차로 - 교차로부근,승용,여,29세,경상,승용,남,47세,경상
2018043000100558,2018년 4월 30일 20시,월요일,충청북도 충주시 호암동,중상사고,0,1,1,0,차대차 - 기타,신호위반,건조,맑음,교차로 - 교차로안,승용,여,66세,상해없음,승용,여,43세,중상
2018043000100559,2018년 4월 30일 20시,월요일,충청북도 영동군 심천면,사망사고,1,0,0,0,차량단독 - 전도전복 - 전도,안전운전불이행,건조,맑음,기타 - 기타,이륜,남,89세,사망,미분류,미분류,미분류,미분류
2018043000100590,2018년 4월 30일 21시,월요일,충청북도 진천군 진천읍,중상사고,0,1,1,0,차대차 - 정면충돌,신호위반,건조,맑음,교차로 - 교차로부근,화물,남,50세,상해없음,승용,여,35세,중상
2018050100100025,2018년 5월 1일 01시,화요일,충청북도 제천시 청전동,경상사고,0,0,1,0,차량단독 - 공작물충돌,안전운전불이행,건조,맑음,단일로 - 기타,승용,남,35세,경상,,,,
2018050100100069,2018년 5월 1일 05시,화요일,충청북도 청주시 흥덕구 상신동,사망사고,1,0,0,0,차대사람 - 횡단중,과속,건조,맑음,교차로 - 교차로안,승용,남,45세,상해없음,보행자,남,64세,사망
2018050100100117,2018년 5월 1일 08시,화요일,충청북도 제천시 산곡동,중상사고,0,1,0,0,차대차 - 측면충돌,안전운전불이행,건조,맑음,단일로 - 기타,화물,남,61세,상해없음,승용,남,43세,중상
2018050100100169,2018년 5월 1일 10시,화요일,충청북도 옥천군 옥천읍,중상사고,0,1,0,0,차대차 - 측면충돌,안전운전불이행,건조,맑음,교차로 - 교차로안,화물,남,76세,상해없음,이륜,여,75세,중상
2018050100100215,2018년 5월 1일 12시,화요일,충청북도 음성군 금왕읍,경상사고,0,0,1,0,차대차 - 후진중충돌,안전운전불이행,건조,맑음,주차장 - 주차장,승용,남,35세,상해없음,승합,여,32세,경상
2018050100100247,2018년 5월 1일 13시,화요일,충청북도 충주시 연수동,경상사고,0,0,1,0,차대사람 - 기타,안전운전불이행,건조,맑음,교차로 - 교차로안,승용,남,65세,상해없음,보행자,여,73세,경상
2018050100100248,2018년 5월 1일 13시,화요일,충청북도 제천시 모산동,경상사고,0,0,1,0,차대차 - 측면충돌,안전운전불이행,건조,맑음,단일로 - 기타,승용,남,19세,상해없음,자전거,남,22세,경상
2018050100100249,2018년 5월 1일 13시,화요일,충청북도 음성군 음성읍,중상사고,0,1,0,0,차대차 - 정면충돌,안전운전불이행,건조,맑음,단일로 - 기타,승용,남,64세,상해없음,이륜,남,17세,중상
2018050100100278,2018년 5월 1일 14시,화요일,충청북도 청주시 청원구 오창읍,경상사고,0,0,2,0,차대차 - 기타,안전거리미확보,건조,맑음,단일로 - 기타,화물,남,59세,상해없음,승용,남,51세,경상
2018050100100279,2018년 5월 1일 14시,화요일,충청북도 청주시 흥덕구 복대동,경상사고,0,0,1,0,차대차 - 측면충돌,안전운전불이행,건조,맑음,교차로 - 교차로부근,승용,남,57세,상해없음,승합,남,41세,경상
2018050100100315,2018년 5월 1일 15시,화요일,충청북도 제천시 중앙로1가,경상사고,0,0,1,0,차대사람 - 횡단중,보행자보호의무위반,건조,맑음,교차로 - 교차로횡단보도내,승용,여,47세,상해없음,보행자,여,27세,경상
2018050100100377,2018년 5월 1일 17시,화요일,충청북도 충주시 노은면,경상사고,0,0,5,1,차대차 - 기타,안전거리미확보,건조,맑음,단일로 - 기타,승용,남,58세,경상,화물,남,61세,경상
2018050100100401,2018년 5월 1일 18시,화요일,충청북도 청주시 흥덕구 봉명동,경상사고,0,0,1,0,차대차 - 측면충돌,안전운전불이행,건조,맑음,교차로 - 교차로안,화물,남,31세,상해없음,승용,여,60세,경상
2018050100100459,2018년 5월 1일 20시,화요일,충청북도 청주시 서원구 수곡동,경상사고,0,0,2,1,차대차 - 정면충돌,신호위반,건조,맑음,교차로 - 교차로안,승용,남,48세,부상신고,승용,남,29세,경상
2018050100100484,2018년 5월 1일 21시,화요일,충청북도 청주시 서원구 사창동,중상사고,0,1,0,0,차대차 - 기타,신호위반,건조,맑음,교차로 - 교차로부근,이륜,남,38세,중상,승용,남,42세,상해없음
2018050100100485,2018년 5월 1일 21시,화요일,충청북도 충주시 지현동,중상사고,0,1,1,0,차대차 - 기타,기타,건조,맑음,단일로 - 기타,승용,남,26세,경상,승용,남,35세,중상
2018050100100486,2018년 5월 1일 21시,화요일,충청북도 충주시 신니면,사망사고,1,0,0,0,차량단독 - 전도전복 - 전도,안전운전불이행,건조,맑음,교차로 - 교차로부근,이륜,남,54세,사망,미분류,미분류,미분류,미분류
2018050100100487,2018년 5월 1일 21시,화요일,충청북도 보은군 보은읍,부상신고사고,0,0,0,1,차량단독 - 도로외이탈 - 기타,안전운전불이행,건조,맑음,단일로 - 지하차도(도로)내,화물,남,63세,부상신고,,,,
2018050100100488,2018년 5월 1일 21시,화요일,충청북도 옥천군 옥천읍,경상사고,0,0,4,0,차대차 - 측면충돌,교차로운행방법위반,젖음/습기,비,교차로 - 교차로안,승용,여,62세,경상,승용,남,60세,상해없음
2018050100100510,2018년 5월 1일 22시,화요일,충청북도 청주시 청원구 외하동,경상사고,0,0,2,0,차대차 - 측면충돌,안전거리미확보,건조,맑음,단일로 - 기타,승용,남,20세,상해없음,승용,남,58세,상해없음
2018050200100004,2018년 5월 2일 00시,수요일,충청북도 제천시 화산동,부상신고사고,0,0,0,1,차대차 - 측면충돌,신호위반,건조,맑음,교차로 - 교차로안,승용,남,50세,상해없음,승용,남,61세,부상신고
2018050200100022,2018년 5월 2일 01시,수요일,충청북도 청주시 흥덕구 강서동,경상사고,0,0,1,0,차대차 - 측면충돌,신호위반,젖음/습기,비,교차로 - 교차로안,승용,여,49세,기타불명,승용,남,59세,경상
2018050200100052,2018년 5월 2일 05시,수요일,충청북도 청주시 흥덕구 송정동,중상사고,0,1,0,0,차대차 - 측면충돌,신호위반,젖음/습기,비,교차로 - 교차로안,승용,남,51세,상해없음,승합,남,57세,중상
2018050200100092,2018년 5월 2일 07시,수요일,충청북도 영동군 영동읍,중상사고,0,2,0,0,차대차 - 측면충돌,안전운전불이행,젖음/습기,비,교차로 - 교차로안,승용,남,65세,상해없음,이륜,남,80세,중상
2018050200100129,2018년 5월 2일 08시,수요일,충청북도 음성군 대소면,경상사고,0,0,1,0,차대차 - 정면충돌,교차로운행방법위반,건조,맑음,교차로 - 교차로안,이륜,남,55세,경상,승용,여,64세,상해없음
2018050200100210,2018년 5월 2일 10시,수요일,충청북도 음성군 금왕읍,중상사고,0,1,0,0,차대차 - 측면충돌,교차로운행방법위반,건조,맑음,교차로 - 교차로안,승용,남,59세,상해없음,승합,남,50세,상해없음
2018050200100271,2018년 5월 2일 12시,수요일,충청북도 영동군 영동읍,부상신고사고,0,0,0,1,차대차 - 측면충돌,안전운전불이행,건조,맑음,단일로 - 기타,승용,남,47세,상해없음,승용,여,48세,부상신고
2018050200100300,2018년 5월 2일 13시,수요일,충청북도 충주시 봉방동,경상사고,0,0,1,0,차량단독 - 도로외이탈 - 기타,안전운전불이행,젖음/습기,비,단일로 - 기타,승용,남,28세,상해없음,,,,
2018050200100301,2018년 5월 2일 13시,수요일,충청북도 충주시 용산동,경상사고,0,0,1,0,차대차 - 기타,안전운전불이행,건조,맑음,교차로 - 교차로부근,승용,남,68세,상해없음,승용,남,43세,경상
2018050200100333,2018년 5월 2일 14시,수요일,충청북도 충주시 대소원면,중상사고,0,1,1,1,차량단독 - 전도전복 - 전도,안전운전불이행,건조,맑음,단일로 - 기타,승용,남,64세,부상신고,미분류,미분류,미분류,미분류
2018050200100334,2018년 5월 2일 14시,수요일,충청북도 충주시 호암동,경상사고,0,0,1,0,차대사람 - 횡단중,안전운전불이행,건조,맑음,교차로 - 교차로안,승용,남,64세,상해없음,보행자,남,19세,경상
2018050200100367,2018년 5월 2일 15시,수요일,충청북도 청주시 상당구 북문로2가동,경상사고,0,0,1,0,차대차 - 측면충돌,안전운전불이행,건조,맑음,교차로 - 교차로부근,승용,남,34세,상해없음,승용,여,24세,경상
2018050200100404,2018년 5월 2일 16시,수요일,충청북도 충주시 주덕읍,경상사고,0,0,1,0,차대차 - 측면충돌,안전운전불이행,건조,맑음,교차로 - 교차로안,특수,남,51세,상해없음,화물,남,26세,경상
2018050200100405,2018년 5월 2일 16시,수요일,충청북도 청주시 서원구 현도면,부상신고사고,0,0,0,1,차대차 - 기타,안전운전불이행,젖음/습기,비,단일로 - 기타,이륜,남,71세,부상신고,승용,남,58세,상해없음
2018050200100406,2018년 5월 2일 16시,수요일,충청북도 청주시 상당구 북문로2가동,경상사고,0,0,1,0,차대차 - 기타,기타,건조,맑음,교차로 - 교차로부근,승용,남,62세,상해없음,승합,남,55세,상해없음
2018050200100439,2018년 5월 2일 17시,수요일,충청북도 단양군 단양읍,경상사고,0,0,1,0,차대사람 - 횡단중,안전운전불이행,젖음/습기,비,교차로 - 교차로안,화물,남,57세,상해없음,보행자,여,53세,경상
2018050200100470,2018년 5월 2일 18시,수요일,충청북도 청주시 상당구 석교동,경상사고,0,0,1,0,차대사람 - 횡단중,안전운전불이행,건조,맑음,단일로 - 지하차도(도로)내,승용,여,53세,상해없음,보행자,여,61세,경상
2018050200100504,2018년 5월 2일 19시,수요일,충청북도 청주시 청원구 오창읍,경상사고,0,0,1,0,차대차 - 기타,안전운전불이행,건조,맑음,단일로 - 기타,승용,남,72세,상해없음,승용,여,36세,경상
2018050200100505,2018년 5월 2일 19시,수요일,충청북도 보은군 탄부면,중상사고,0,1,0,0,차대사람 - 횡단중,교차로운행방법위반,건조,맑음,교차로 - 교차로안,화물,여,60세,상해없음,보행자,여,60세,중상
2018050200100538,2018년 5월 2일 20시,수요일,충청북도 청주시 서원구 사직동,경상사고,0,0,1,0,차대사람 - 기타,보행자보호의무위반,건조,맑음,교차로 - 교차로안,승용,남,45세,상해없음,보행자,여,23세,경상
2018050200100539,2018년 5월 2일 20시,수요일,충청북도 충주시 성서동,경상사고,0,0,3,0,차대차 - 기타,안전운전불이행,젖음/습기,비,단일로 - 기타,승용,남,55세,상해없음,승용,여,30세,경상
2018050200100540,2018년 5월 2일 20시,수요일,충청북도 충주시 대소원면,사망사고,1,0,1,0,차대차 - 기타,신호위반,젖음/습기,비,교차로 - 교차로안,이륜,남,44세,사망,승용,남,24세,경상
2018050200100541,2018년 5월 2일 20시,수요일,충청북도 청주시 상당구 영동,경상사고,0,0,2,0,차대차 - 측면충돌,차로위반,건조,맑음,단일로 - 지하차도(도로)내,승용,여,65세,상해없음,승용,남,23세,경상
2018050200100572,2018년 5월 2일 21시,수요일,충청북도 제천시 왕암동,중상사고,0,1,0,0,차량단독 - 공작물충돌,안전운전불이행,젖음/습기,흐림,교차로 - 교차로안,승용,남,54세,상해없음,,,,
2018050300100032,2018년 5월 3일 01시,목요일,충청북도 청주시 청원구 내덕동,중상사고,0,1,0,0,차대차 - 기타,교차로운행방법위반,건조,맑음,교차로 - 교차로안,이륜,남,20세,중상,승용,남,22세,상해없음
2018050300100073,2018년 5월 3일 06시,목요일,충청북도 청주시 서원구 사창동,경상사고,0,0,4,0,차대차 - 정면충돌,신호위반,건조,맑음,교차로 - 교차로안,화물,남,50세,경상,승용,남,60세,경상
2018050300100074,2018년 5월 3일 06시,목요일,충청북도 청주시 흥덕구 옥산면,중상사고,0,1,0,0,차대사람 - 보도통행중,안전운전불이행,건조,맑음,교차로 - 교차로횡단보도내,승용,남,24세,상해없음,보행자,여,61세,중상
2018050300100075,2018년 5월 3일 06시,목요일,충청북도 청주시 서원구 수곡동,중상사고,0,1,0,0,차대사람 - 기타,보행자보호의무위반,건조,맑음,교차로 - 교차로횡단보도내,승용,남,56세,상해없음,보행자,남,70세,중상
2018050300100095,2018년 5월 3일 07시,목요일,충청북도 음성군 금왕읍,경상사고,0,0,2,0,차대차 - 측면충돌,신호위반,건조,맑음,교차로 - 교차로안,승용,남,60세,상해없음,승용,여,42세,경상
2018050300100132,2018년 5월 3일 08시,목요일,충청북도 청주시 청원구 오창읍,중상사고,0,2,0,0,차대차 - 기타,안전운전불이행,건조,맑음,단일로 - 기타,승용,여,58세,상해없음,승용,남,41세,중상
2018050300100133,2018년 5월 3일 08시,목요일,충청북도 청주시 청원구 율량동,중상사고,0,1,2,0,차대차 - 추돌,안전운전불이행,건조,맑음,단일로 - 기타,승용,남,57세,상해없음,승합,여,37세,경상
2018050300100134,2018년 5월 3일 08시,목요일,충청북도 충주시 금릉동,경상사고,0,0,2,0,차대차 - 추돌,안전거리미확보,건조,맑음,단일로 - 기타,화물,남,62세,상해없음,승용,남,50세,경상
2018050300100135,2018년 5월 3일 08시,목요일,충청북도 음성군 감곡면,경상사고,0,0,1,0,차대사람 - 기타,안전운전불이행,건조,맑음,단일로 - 기타,승합,남,59세,상해없음,보행자,남,13세,경상
2018050300100136,2018년 5월 3일 08시,목요일,충청북도 청주시 서원구 미평동,경상사고,0,0,2,0,차대차 - 추돌,안전운전불이행,건조,맑음,단일로 - 지하차도(도로)내,승용,남,36세,상해없음,승용,남,29세,경상
2018050300100169,2018년 5월 3일 09시,목요일,충청북도 청주시 청원구 사천동,중상사고,0,1,0,0,차대차 - 측면충돌,안전운전불이행,건조,맑음,교차로 - 교차로안,승용,남,22세,상해없음,이륜,남,19세,중상
2018050300100170,2018년 5월 3일 09시,목요일,충청북도 청주시 청원구 오창읍,경상사고,0,0,3,0,차대차 - 기타,안전운전불이행,건조,맑음,교차로 - 교차로부근,승용,남,39세,경상,승용,남,47세,경상
2018050300100229,2018년 5월 3일 11시,목요일,충청북도 청주시 서원구 미평동,경상사고,0,0,1,0,차대차 - 추돌,안전운전불이행,건조,맑음,교차로 - 교차로부근,화물,남,60세,상해없음,승용,남,64세,경상
2018050300100258,2018년 5월 3일 12시,목요일,충청북도 제천시 서부동,중상사고,0,1,1,0,차대차 - 추돌,직진우회전진행방해,건조,맑음,교차로 - 교차로안,승용,여,65세,경상,승용,남,71세,중상
2018050300100291,2018년 5월 3일 13시,목요일,충청북도 청주시 서원구 모충동,경상사고,0,0,1,0,차대차 - 기타,교차로운행방법위반,건조,맑음,교차로 - 교차로안,승용,남,30세,상해없음,원동기,남,27세,경상
2018050300100322,2018년 5월 3일 14시,목요일,충청북도 충주시 호암동,경상사고,0,0,4,0,차대차 - 기타,직진우회전진행방해,건조,맑음,교차로 - 교차로안,승용,남,64세,상해없음,승용,남,66세,경상
2018050300100359,2018년 5월 3일 15시,목요일,충청북도 진천군 이월면,사망사고,1,0,0,0,차대차 - 기타,직진우회전진행방해,건조,맑음,교차로 - 교차로안,승용,남,62세,상해없음,이륜,남,75세,사망
2018050300100406,2018년 5월 3일 16시,목요일,충청북도 충주시 성서동,경상사고,0,0,1,0,차대사람 - 기타,안전운전불이행,건조,맑음,단일로 - 기타,승용,남,50세,상해없음,보행자,여,42세,경상
2018050300100407,2018년 5월 3일 16시,목요일,충청북도 제천시 남천동,경상사고,0,0,3,0,차대차 - 측면충돌,직진우회전진행방해,젖음/습기,비,교차로 - 교차로안,승용,여,60세,상해없음,화물,남,33세,경상
2018050300100408,2018년 5월 3일 16시,목요일,충청북도 음성군 대소면,중상사고,0,1,0,0,차대사람 - 횡단중,안전운전불이행,건조,맑음,교차로 - 교차로안,화물,남,38세,상해없음,보행자,여,8세,중상
2018050300100447,2018년 5월 3일 17시,목요일,충청북도 청주시 흥덕구 송절동,경상사고,0,0,1,0,차대차 - 기타,교차로운행방법위반,건조,맑음,교차로 - 교차로안,승용,남,50세,상해없음,승용,남,57세,경상
2018050300100448,2018년 5월 3일 17시,목요일,충청북도 청주시 상당구 용정동,경상사고,0,0,3,0,차대차 - 측면충돌,신호위반,건조,맑음,교차로 - 교차로안,승용,여,35세,경상,승용,남,54세,경상
2018050300100449,2018년 5월 3일 17시,목요일,충청북도 청주시 상당구 용암동,경상사고,0,0,1,0,차대차 - 측면충돌,안전운전불이행,건조,맑음,단일로 - 지하차도(도로)내,승용,여,38세,상해없음,승용,여,53세,경상
2018050300100492,2018년 5월 3일 18시,목요일,충청북도 청주시 흥덕구 복대동,경상사고,0,0,1,0,차대차 - 기타,안전운전불이행,건조,맑음,교차로 - 교차로부근,승용,여,23세,상해없음,이륜,남,46세,경상
2018050300100493,2018년 5월 3일 18시,목요일,충청북도 청주시 상당구 남문로1가동,경상사고,0,0,1,0,차대사람 - 기타,안전운전불이행,건조,맑음,단일로 - 기타,승용,여,61세,상해없음,보행자,남,54세,경상
2018050300100561,2018년 5월 3일 20시,목요일,충청북도 청주시 흥덕구 비하동,중상사고,0,1,0,0,차대차 - 측면충돌,교차로운행방법위반,건조,맑음,교차로 - 교차로안,승용,남,49세,상해없음,이륜,남,26세,중상
2018050300100562,2018년 5월 3일 20시,목요일,충청북도 괴산군 장연면,경상사고,0,0,1,0,차대차 - 측면충돌,안전거리미확보,건조,맑음,단일로 - 기타,승용,남,61세,상해없음,승용,남,28세,경상
2018050300100599,2018년 5월 3일 21시,목요일,충청북도 증평군 증평읍,중상사고,0,1,0,0,차대사람 - 횡단중,안전운전불이행,건조,맑음,교차로 - 교차로부근,승용,남,40세,상해없음,보행자,남,72세,중상
2018050300100624,2018년 5월 3일 22시,목요일,충청북도 청주시 상당구 수동,중상사고,0,2,1,0,차대차 - 기타,중앙선침범,건조,맑음,교차로 - 교차로안,승용,남,35세,경상,이륜,남,18세,중상
2018050300100625,2018년 5월 3일 22시,목요일,충청북도 청주시 흥덕구 가경동,경상사고,0,0,2,0,차대차 - 측면충돌,교차로운행방법위반,건조,맑음,교차로 - 교차로안,승용,남,54세,상해없음,승용,남,26세,경상
2018050300100626,2018년 5월 3일 22시,목요일,충청북도 청주시 상당구 탑동,경상사고,0,0,1,0,차대차 - 측면충돌,안전운전불이행,건조,맑음,교차로 - 교차로안,승용,남,44세,상해없음,승용,남,33세,경상
2018050400100010,2018년 5월 4일 00시,금요일,충청북도 청주시 흥덕구 석소동,경상사고,0,0,1,0,차대차 - 측면충돌,안전거리미확보,건조,맑음,단일로 - 기타,승용,남,53세,상해없음,승용,여,50세,경상
2018050400100117,2018년 5월 4일 08시,금요일,충청북도 제천시 강제동,경상사고,0,0,2,0,차대차 - 측면충돌,신호위반,건조,맑음,교차로 - 교차로안,승용,여,35세,경상,승합,남,49세,경상
2018050400100149,2018년 5월 4일 09시,금요일,충청북도 진천군 문백면,경상사고,0,0,1,0,차대차 - 기타,안전거리미확보,건조,맑음,교차로 - 교차로안,승용,남,34세,상해없음,승용,남,49세,경상
2018050400100191,2018년 5월 4일 10시,금요일,충청북도 청주시 흥덕구 비하동,중상사고,0,2,1,0,차대차 - 측면충돌,신호위반,건조,맑음,교차로 - 교차로안,승용,남,55세,상해없음,승용,남,53세,경상
2018050400100218,2018년 5월 4일 11시,금요일,충청북도 청주시 서원구 사창동,경상사고,0,0,1,0,차대차 - 기타,교차로운행방법위반,건조,맑음,교차로 - 교차로안,승용,남,41세,상해없음,승용,남,58세,상해없음
2018050400100219,2018년 5월 4일 11시,금요일,충청북도 괴산군 괴산읍,경상사고,0,0,1,0,차대차 - 정면충돌,직진우회전진행방해,건조,맑음,교차로 - 교차로안,승합,남,39세,상해없음,화물,남,29세,경상
2018050400100220,2018년 5월 4일 11시,금요일,충청북도 청주시 서원구 모충동,중상사고,0,1,0,0,차대차 - 기타,안전운전불이행,건조,맑음,교차로 - 교차로안,승용,남,26세,상해없음,원동기,여,60세,중상
2018050400100239,2018년 5월 4일 12시,금요일,충청북도 청주시 청원구 사천동,경상사고,0,0,4,0,차대차 - 측면충돌,신호위반,건조,맑음,교차로 - 교차로안,승용,남,27세,상해없음,화물,남,58세,경상
2018050400100267,2018년 5월 4일 13시,금요일,충청북도 제천시 화산동,경상사고,0,0,1,0,차대차 - 추돌,안전거리미확보,건조,맑음,교차로 - 교차로안,화물,남,56세,상해없음,승용,여,55세,경상
2018050400100322,2018년 5월 4일 14시,금요일,충청북도 제천시 천남동,경상사고,0,0,2,0,차대차 - 측면충돌,안전운전불이행,건조,맑음,교차로 - 교차로안,승용,남,54세,상해없음,승합,남,39세,경상
2018050400100323,2018년 5월 4일 14시,금요일,충청북도 청주시 상당구 방서동,중상사고,0,1,0,0,차대차 - 측면충돌,신호위반,건조,맑음,교차로 - 교차로안,승용,남,56세,상해없음,승용,여,49세,중상
2018050400100363,2018년 5월 4일 15시,금요일,충청북도 제천시 서부동,경상사고,0,0,1,0,차량단독 - 공작물충돌,안전운전불이행,건조,맑음,단일로 - 기타,승용,남,27세,경상,,,,
2018050400100364,2018년 5월 4일 15시,금요일,충청북도 괴산군 문광면,중상사고,0,1,1,0,차대차 - 측면충돌,안전운전불이행,건조,맑음,교차로 - 교차로안,이륜,남,75세,중상,승용,여,53세,경상
2018050400100365,2018년 5월 4일 15시,금요일,충청북도 청주시 서원구 현도면,경상사고,0,0,1,0,차대차 - 기타,안전운전불이행,건조,맑음,단일로 - 기타,건설기계,남,63세,상해없음,승용,여,60세,경상
2018050400100404,2018년 5월 4일 16시,금요일,충청북도 청주시 청원구 내덕동,경상사고,0,0,2,0,차대차 - 추돌,안전운전불이행,건조,맑음,단일로 - 기타,화물,남,56세,상해없음,화물,남,29세,기타불명
2018050400100405,2018년 5월 4일 16시,금요일,충청북도 괴산군 칠성면,부상신고사고,0,0,0,1,차대차 - 기타,안전운전불이행,건조,맑음,단일로 - 기타,이륜,남,80세,부상신고,승용,남,73세,상해없음
2018050400100406,2018년 5월 4일 16시,금요일,충청북도 음성군 금왕읍,경상사고,0,0,1,0,차대사람 - 횡단중,안전운전불이행,건조,맑음,교차로 - 교차로안,승합,남,28세,상해없음,보행자,여,59세,경상
2018050400100407,2018년 5월 4일 16시,금요일,충청북도 단양군 단양읍,경상사고,0,0,1,0,차대차 - 측면충돌,직진우회전진행방해,건조,맑음,교차로 - 교차로안,승용,남,25세,상해없음,승용,여,29세,경상
2018050400100462,2018년 5월 4일 17시,금요일,충청북도 청주시 청원구 우암동,경상사고,0,0,2,0,차대차 - 기타,신호위반,건조,맑음,교차로 - 교차로안,승용,남,35세,상해없음,화물,남,59세,경상
2018050400100463,2018년 5월 4일 17시,금요일,충청북도 영동군 양산면,중상사고,0,1,1,0,차대차 - 정면충돌,중앙선침범,건조,맑음,단일로 - 기타,화물,남,47세,상해없음,승용,여,58세,중상
2018050400100464,2018년 5월 4일 17시,금요일,충청북도 청주시 서원구 수곡동,경상사고,0,0,1,0,차대차 - 측면충돌,안전운전불이행,건조,맑음,단일로 - 지하차도(도로)내,승용,여,28세,상해없음,자전거,남,64세,경상
2018050400100508,2018년 5월 4일 18시,금요일,충청북도 충주시 달천동,경상사고,0,0,2,0,차대차 - 추돌,안전운전불이행,건조,맑음,단일로 - 고가도로위,화물,남,58세,상해없음,승용,남,26세,경상
2018050400100509,2018년 5월 4일 18시,금요일,충청북도 옥천군 옥천읍,경상사고,0,0,1,0,차대사람 - 길가장자리구역통행중,교차로운행방법위반,건조,맑음,교차로 - 교차로안,승용,여,43세,상해없음,보행자,남,56세,경상
2018050400100510,2018년 5월 4일 18시,금요일,충청북도 청주시 흥덕구 운천동,경상사고,0,0,3,0,차대차 - 기타,교차로운행방법위반,건조,맑음,교차로 - 교차로안,승용,남,51세,상해없음,승용,여,57세,경상
2018050400100551,2018년 5월 4일 19시,금요일,충청북도 청주시 청원구 율량동,경상사고,0,0,1,0,차대차 - 기타,중앙선침범,건조,맑음,단일로 - 기타,승용,남,61세,상해없음,이륜,남,25세,경상
2018050400100552,2018년 5월 4일 19시,금요일,충청북도 청주시 흥덕구 강내면,중상사고,0,3,1,0,차대차 - 추돌,안전운전불이행,건조,맑음,단일로 - 기타,승용,남,20세,상해없음,승용,남,36세,상해없음
2018050400100600,2018년 5월 4일 20시,금요일,충청북도 청주시 서원구 사직동,중상사고,0,1,0,0,차대사람 - 기타,안전운전불이행,건조,맑음,단일로 - 기타,승용,여,53세,상해없음,보행자,남,72세,중상
2018050400100601,2018년 5월 4일 20시,금요일,충청북도 충주시 연수동,부상신고사고,0,0,0,1,차대차 - 기타,안전거리미확보,건조,맑음,교차로 - 교차로부근,승용,여,43세,상해없음,이륜,남,22세,부상신고
2018050400100602,2018년 5월 4일 20시,금요일,충청북도 청주시 상당구 용암동,중상사고,0,1,0,0,차대차 - 정면충돌,교차로운행방법위반,건조,맑음,교차로 - 교차로안,승용,여,47세,상해없음,이륜,남,29세,중상
2018050400100632,2018년 5월 4일 21시,금요일,충청북도 청주시 흥덕구 봉명동,경상사고,0,0,1,0,차대사람 - 차도통행중,안전운전불이행,건조,맑음,단일로 - 기타,승용,남,54세,상해없음,보행자,남,43세,경상
2018050400100699,2018년 5월 4일 23시,금요일,충청북도 진천군 진천읍,경상사고,0,0,1,0,차량단독 - 전도전복 - 전도,안전운전불이행,건조,맑음,교차로 - 교차로안,이륜,남,46세,경상,미분류,미분류,미분류,미분류
2018050500100013,2018년 5월 5일 00시,토요일,충청북도 청주시 서원구 수곡동,경상사고,0,0,2,0,차대차 - 추돌,안전운전불이행,건조,맑음,교차로 - 교차로부근,승용,남,28세,상해없음,승용,남,55세,경상
2018050500100114,2018년 5월 5일 06시,토요일,충청북도 청주시 서원구 미평동,중상사고,0,5,3,0,차대차 - 측면충돌,신호위반,건조,맑음,교차로 - 교차로안,승합,남,65세,중상,승용,남,59세,중상
2018050500100149,2018년 5월 5일 08시,토요일,충청북도 충주시 연수동,경상사고,0,0,2,0,차대차 - 기타,신호위반,건조,맑음,교차로 - 교차로안,승용,남,59세,상해없음,승용,남,58세,경상
2018050500100150,2018년 5월 5일 08시,토요일,충청북도 음성군 맹동면,경상사고,0,0,2,0,차대차 - 측면충돌,신호위반,건조,맑음,교차로 - 교차로안,승용,여,47세,상해없음,승용,남,32세,경상
2018050500100183,2018년 5월 5일 09시,토요일,충청북도 청주시 청원구 우암동,경상사고,0,0,1,0,차대차 - 측면충돌,직진우회전진행방해,건조,맑음,교차로 - 교차로안,승용,남,27세,상해없음,승용,남,30세,경상
2018050500100184,2018년 5월 5일 09시,토요일,충청북도 충주시 칠금동,경상사고,0,0,1,0,차대차 - 기타,안전운전불이행,건조,맑음,단일로 - 기타,승용,여,26세,상해없음,자전거,남,82세,경상
2018050500100185,2018년 5월 5일 09시,토요일,충청북도 청주시 흥덕구 복대동,중상사고,0,1,1,0,차대차 - 추돌,안전거리미확보,건조,맑음,교차로 - 교차로부근,승합,남,58세,상해없음,승용,여,33세,중상
2018050500100208,2018년 5월 5일 10시,토요일,충청북도 제천시 화산동,경상사고,0,0,4,0,차대차 - 측면충돌,기타,건조,맑음,교차로 - 교차로안,승용,남,20세,경상,승용,남,74세,경상
2018050500100227,2018년 5월 5일 11시,토요일,충청북도 충주시 봉방동,경상사고,0,0,1,0,차대차 - 기타,안전운전불이행,건조,맑음,단일로 - 기타,승용,남,63세,상해없음,승용,남,62세,상해없음
2018050500100228,2018년 5월 5일 11시,토요일,충청북도 제천시 청전동,경상사고,0,0,1,0,차대사람 - 횡단중,보행자보호의무위반,건조,맑음,단일로 - 기타,승용,남,54세,상해없음,보행자,여,19세,경상