사고번호,사고일시,요일,시군구,사고내용,사망자수,중상자수,경상자수,부상신고자수,사고유형,법규위반,노면상태,기상상태,도로형태,가해운전자 차종,가해운전자 성별,가해운전자 연령,가해운전자 상해정도,피해운전자 차종,피해운전자 성별,피해운전자 연령,피해운전자 상해정도
2018050500100293,2018년 5월 5일 13시,토요일,충청북도 청주시 서원구 분평동,경상사고,0,0,2,0,차대차 - 측면충돌,안전운전불이행,건조,맑음,단일로 - 지하차도(도로)내,건설기계,남,57세,상해없음,승용,여,27세,경상
2018050500100325,2018년 5월 5일 14시,토요일,충청북도 청주시 서원구 사창동,중상사고,0,1,0,0,차대사람 - 기타,직진우회전진행방해,건조,맑음,교차로 - 교차로안,승용,여,36세,상해없음,보행자,여,76세,중상
2018050500100326,2018년 5월 5일 14시,토요일,충청북도 청주시 흥덕구 신촌동,경상사고,0,0,5,0,차대차 - 추돌,안전운전불이행,건조,맑음,단일로 - 교량,화물,남,81세,상해없음,승용,남,42세,경상
2018050500100327,2018년 5월 5일 14시,토요일,충청북도 청주시 상당구 미원면,중상사고,0,3,0,0,차대차 - 추돌,안전운전불이행,건조,맑음,단일로 - 지하차도(도로)내,승용,남,58세,상해없음,승용,남,39세,중상
2018050500100364,2018년 5월 5일 15시,토요일,충청북도 청주시 청원구 사천동,경상사고,0,0,2,0,차대차 - 기타,교차로운행방법위반,건조,맑음,교차로 - 교차로안,승용,여,43세,상해없음,승용,남,22세,경상
2018050500100405,2018년 5월 5일 16시,토요일,충청북도 단양군 대강면,경상사고,0,0,1,0,차대차 - 측면충돌,안전운전불이행,건조,맑음,단일로 - 기타,승용,남,46세,상해없음,승용,남,37세,경상
2018050500100406,2018년 5월 5일 16시,토요일,충청북도 청주시 서원구 개신동,경상사고,0,0,1,0,차대차 - 기타,중앙선침범,건조,맑음,교차로 - 교차로부근,승용,여,52세,상해없음,이륜,남,37세,경상
2018050500100450,2018년 5월 5일 17시,토요일,충청북도 충주시 칠금동,경상사고,0,0,3,0,차대차 - 기타,기타,건조,맑음,교차로 - 교차로안,승용,남,45세,경상,승용,남,45세,경상
2018050500100451,2018년 5월 5일 17시,토요일,충청북도 증평군 증평읍,중상사고,0,1,1,0,차대차 - 기타,차로위반,건조,맑음,교차로 - 교차로부근,승용,남,45세,상해없음,승용,여,60세,경상
2018050500100452,2018년 5월 5일 17시,토요일,충청북도 옥천군 옥천읍,경상사고,0,0,2,0,차대차 - 추돌,안전운전불이행,건조,맑음,교차로 - 교차로부근,화물,남,47세,상해없음,승용,남,39세,상해없음
2018050500100453,2018년 5월 5일 17시,토요일,충청북도 청주시 흥덕구 복대동,중상사고,0,1,0,0,차대차 - 기타,교차로운행방법위반,건조,맑음,교차로 - 교차로안,이륜,남,17세,중상,승용,남,32세,상해없음
2018050500100454,2018년 5월 5일 17시,토요일,충청북도 청주시 서원구 모충동,경상사고,0,0,2,0,차대차 - 측면충돌,중앙선침범,건조,맑음,단일로 - 지하차도(도로)내,승용,남,62세,상해없음,승용,남,25세,경상
2018050500100491,2018년 5월 5일 18시,토요일,충청북도 청주시 서원구 사창동,경상사고,0,0,1,0,차대차 - 추돌,안전운전불이행,건조,맑음,단일로 - 기타,화물,남,58세,상해없음,승용,여,53세,경상
2018050500100492,2018년 5월 5일 18시,토요일,충청북도 제천시 모산동,경상사고,0,0,3,0,차대차 - 추돌,안전운전불이행,건조,맑음,교차로 - 교차로안,승용,남,33세,상해없음,승용,남,28세,경상
2018050500100522,2018년 5월 5일 19시,토요일,충청북도 청주시 청원구 내덕동,중상사고,0,1,0,0,차대차 - 기타,차로위반,건조,맑음,단일로 - 기타,승용,남,88세,상해없음,승용,남,55세,상해없음
2018050500100523,2018년 5월 5일 19시,토요일,충청북도 제천시 강제동,경상사고,0,0,1,0,차대차 - 기타,안전운전불이행,건조,맑음,교차로 - 교차로부근,승용,남,31세,상해없음,이륜,남,18세,경상
2018050500100524,2018년 5월 5일 19시,토요일,충청북도 청주시 상당구 방서동,경상사고,0,0,1,0,차대사람 - 횡단중,안전운전불이행,건조,맑음,교차로 - 교차로안,승용,남,61세,상해없음,보행자,남,45세,경상
2018050500100553,2018년 5월 5일 20시,토요일,충청북도 청주시 상당구 용암동,경상사고,0,0,2,0,차대차 - 추돌,안전운전불이행,건조,맑음,교차로 - 교차로부근,승용,여,19세,상해없음,승용,남,40세,경상
2018050500100610,2018년 5월 5일 22시,토요일,충청북도 충주시 금릉동,경상사고,0,0,1,0,차대사람 - 기타,안전운전불이행,건조,맑음,교차로 - 교차로안,승용,여,41세,상해없음,보행자,여,22세,경상
2018050500100611,2018년 5월 5일 22시,토요일,충청북도 청주시 흥덕구 복대동,경상사고,0,0,1,0,차대차 - 측면충돌,교차로운행방법위반,젖음/습기,비,교차로 - 교차로안,특수,남,22세,상해없음,자전거,남,41세,경상
2018050500100638,2018년 5월 5일 23시,토요일,충청북도 제천시 명동,중상사고,0,1,1,0,차대차 - 측면충돌,신호위반,건조,흐림,교차로 - 교차로안,승용,남,42세,상해없음,승용,남,34세,경상
2018050500100639,2018년 5월 5일 23시,토요일,충청북도 제천시 하소동,중상사고,0,3,4,0,차대차 - 정면충돌,중앙선침범,건조,맑음,교차로 - 교차로안,승용,남,48세,중상,승용,남,60세,중상
2018050600100016,2018년 5월 6일 00시,일요일,충청북도 청주시 청원구 우암동,경상사고,0,0,1,0,차대사람 - 기타,안전운전불이행,건조,맑음,단일로 - 기타,승용,여,49세,상해없음,보행자,남,33세,경상
2018050600100070,2018년 5월 6일 03시,일요일,충청북도 청주시 흥덕구 비하동,경상사고,0,0,1,0,차대사람 - 횡단중,중앙선침범,젖음/습기,비,단일로 - 기타,승용,남,25세,상해없음,보행자,남,51세,경상
2018050600100099,2018년 5월 6일 06시,일요일,충청북도 청주시 흥덕구 옥산면,경상사고,0,0,1,0,차대차 - 추돌,안전운전불이행,젖음/습기,비,교차로 - 교차로부근,승용,남,21세,상해없음,승용,남,69세,경상
2018050600100100,2018년 5월 6일 06시,일요일,충청북도 청주시 상당구 금천동,중상사고,0,1,1,0,차대차 - 측면충돌,신호위반,젖음/습기,비,교차로 - 교차로부근,승용,남,24세,상해없음,승용,여,51세,경상
2018050600100110,2018년 5월 6일 07시,일요일,충청북도 청주시 상당구 남일면,중상사고,0,1,1,0,차대차 - 측면충돌,안전운전불이행,젖음/습기,비,단일로 - 지하차도(도로)내,화물,남,68세,중상,승용,남,60세,경상
2018050600100122,2018년 5월 6일 08시,일요일,충청북도 청주시 상당구 용담동,경상사고,0,0,3,2,차대차 - 측면충돌,교차로운행방법위반,젖음/습기,비,교차로 - 교차로안,승용,남,47세,경상,승용,남,71세,경상
2018050600100133,2018년 5월 6일 09시,일요일,충청북도 청주시 흥덕구 오송읍,경상사고,0,0,1,0,차대차 - 측면충돌,안전운전불이행,젖음/습기,비,단일로 - 기타,승용,남,41세,상해없음,승용,남,40세,경상
2018050600100147,2018년 5월 6일 10시,일요일,충청북도 영동군 영동읍,경상사고,0,0,1,2,차대차 - 추돌,안전운전불이행,건조,맑음,단일로 - 기타,승용,여,61세,상해없음,승용,남,52세,부상신고
2018050600100148,2018년 5월 6일 10시,일요일,충청북도 음성군 음성읍,중상사고,0,1,1,0,차대차 - 측면충돌,교차로운행방법위반,젖음/습기,비,교차로 - 교차로안,화물,남,55세,상해없음,승용,남,33세,중상
2018050600100159,2018년 5월 6일 11시,일요일,충청북도 청주시 서원구 남이면,중상사고,0,2,0,0,차대차 - 정면충돌,신호위반,젖음/습기,비,교차로 - 교차로안,승합,여,65세,중상,승용,여,62세,중상
2018050600100160,2018년 5월 6일 11시,일요일,충청북도 청주시 서원구 사직동,경상사고,0,0,2,0,차대차 - 측면충돌,안전운전불이행,젖음/습기,비,교차로 - 교차로횡단보도내,승용,남,40세,경상,승용,여,48세,경상
2018050600100180,2018년 5월 6일 12시,일요일,충청북도 충주시 금릉동,경상사고,0,0,5,0,차대차 - 기타,안전운전불이행,건조,맑음,기타 - 기타,승용,여,29세,경상,화물,여,24세,경상
2018050600100181,2018년 5월 6일 12시,일요일,충청북도 청주시 상당구 남일면,중상사고,0,1,3,0,차대차 - 측면충돌,중앙선침범,젖음/습기,비,단일로 - 지하차도(도로)내,승용,남,62세,상해없음,승용,남,59세,경상
2018050600100217,2018년 5월 6일 13시,일요일,충청북도 청주시 흥덕구 비하동,중상사고,0,1,0,0,차대차 - 측면충돌,안전운전불이행,젖음/습기,비,단일로 - 기타,승용,남,32세,상해없음,승용,여,64세,중상
2018050600100247,2018년 5월 6일 14시,일요일,충청북도 청주시 서원구 죽림동,경상사고,0,0,1,0,차대차 - 기타,기타,건조,맑음,교차로 - 교차로부근,승용,남,37세,상해없음,이륜,남,49세,경상
2018050600100266,2018년 5월 6일 15시,일요일,충청북도 청주시 흥덕구 지동동,경상사고,0,0,3,0,차대차 - 기타,신호위반,건조,흐림,교차로 - 교차로안,승용,여,58세,상해없음,승용,남,33세,경상
2018050600100267,2018년 5월 6일 15시,일요일,충청북도 청주시 상당구 금천동,중상사고,0,1,0,0,차대사람 - 횡단중,안전운전불이행,건조,맑음,단일로 - 지하차도(도로)내,승용,남,53세,상해없음,보행자,여,63세,중상
2018050600100299,2018년 5월 6일 17시,일요일,충청북도 청주시 서원구 현도면,경상사고,0,0,1,0,차대차 - 추돌,안전운전불이행,건조,맑음,교차로 - 교차로안,승용,여,41세,상해없음,승합,남,52세,경상
2018050600100327,2018년 5월 6일 18시,일요일,충청북도 청주시 서원구 산남동,경상사고,0,0,1,0,차대차 - 측면충돌,안전운전불이행,건조,맑음,교차로 - 교차로부근,승용,남,55세,상해없음,승용,여,36세,경상
2018050600100348,2018년 5월 6일 19시,일요일,충청북도 충주시 충인동,경상사고,0,0,1,1,차대차 - 추돌,안전운전불이행,건조,맑음,단일로 - 기타,원동기,남,19세,부상신고,승용,남,63세,경상
2018050600100369,2018년 5월 6일 20시,일요일,충청북도 청주시 흥덕구 봉명동,경상사고,0,0,1,0,차대차 - 측면충돌,교차로운행방법위반,건조,맑음,교차로 - 교차로안,승용,여,36세,기타불명,승용,남,28세,경상
2018050600100420,2018년 5월 6일 22시,일요일,충청북도 충주시 교현동,중상사고,0,1,1,0,차대차 - 기타,신호위반,건조,맑음,교차로 - 교차로안,이륜,남,20세,중상,승용,남,31세,경상
2018050700100028,2018년 5월 7일 01시,월요일,충청북도 청주시 청원구 오창읍,중상사고,0,1,2,0,차대차 - 측면충돌,과속,건조,맑음,교차로 - 교차로안,승용,남,26세,경상,승용,남,63세,중상
2018050700100066,2018년 5월 7일 05시,월요일,충청북도 청주시 상당구 문의면,경상사고,0,0,1,0,차대차 - 측면충돌,중앙선침범,건조,맑음,단일로 - 지하차도(도로)내,승합,남,60세,상해없음,화물,남,58세,경상
2018050700100078,2018년 5월 7일 06시,월요일,충청북도 제천시 동현동,경상사고,0,0,1,2,차대차 - 추돌,안전운전불이행,건조,맑음,기타 - 기타,건설기계,남,70세,상해없음,승용,남,52세,경상
2018050700100117,2018년 5월 7일 09시,월요일,충청북도 청주시 청원구 오창읍,경상사고,0,0,1,0,차대차 - 기타,안전운전불이행,건조,맑음,교차로 - 교차로부근,승용,여,38세,상해없음,승용,남,46세,경상
2018050700100118,2018년 5월 7일 09시,월요일,충청북도 충주시 소태면,중상사고,0,1,0,0,차량단독 - 기타,안전운전불이행,건조,맑음,기타 - 기타,건설기계,남,44세,중상,,,,
2018050700100142,2018년 5월 7일 10시,월요일,충청북도 단양군 가곡면,경상사고,0,0,5,0,차대차 - 정면충돌,안전운전불이행,젖음/습기,맑음,단일로 - 기타,화물,남,61세,상해없음,승용,남,46세,경상
2018050700100193,2018년 5월 7일 12시,월요일,충청북도 제천시 금성면,경상사고,0,0,1,1,차대차 - 추돌,안전거리미확보,건조,맑음,기타 - 기타,승용,남,27세,상해없음,승용,여,43세,경상
2018050700100194,2018년 5월 7일 12시,월요일,충청북도 충주시 목행동,경상사고,0,0,1,0,차대차 - 기타,안전운전불이행,건조,맑음,교차로 - 교차로안,승용,여,59세,상해없음,원동기,남,88세,경상
2018050700100195,2018년 5월 7일 12시,월요일,충청북도 음성군 감곡면,경상사고,0,0,4,0,차대차 - 측면충돌,교차로운행방법위반,건조,맑음,교차로 - 교차로부근,승용,남,54세,경상,화물,남,73세,상해없음
2018050700100260,2018년 5월 7일 14시,월요일,충청북도 충주시 교현동,부상신고사고,0,0,0,1,차대차 - 정면충돌,안전운전불이행,건조,맑음,기타 - 기타,자전거,남,44세,부상신고,자전거,남,10세,상해없음
2018050700100261,2018년 5월 7일 14시,월요일,충청북도 음성군 맹동면,경상사고,0,0,3,0,차대차 - 측면충돌,교차로운행방법위반,건조,맑음,교차로 - 교차로안,승용,여,47세,상해없음,승용,여,36세,경상
2018050700100287,2018년 5월 7일 15시,월요일,충청북도 청주시 흥덕구 비하동,경상사고,0,0,2,0,차대차 - 측면충돌,교차로운행방법위반,건조,맑음,교차로 - 교차로안,승용,여,28세,상해없음,승용,여,38세,경상
2018050700100320,2018년 5월 7일 16시,월요일,충청북도 음성군 삼성면,경상사고,0,0,2,0,차대차 - 추돌,안전운전불이행,건조,맑음,교차로 - 교차로부근,승용,남,20세,상해없음,승용,여,62세,경상
2018050700100362,2018년 5월 7일 17시,월요일,충청북도 청주시 상당구 영운동,경상사고,0,0,1,0,차대차 - 측면충돌,안전운전불이행,건조,맑음,교차로 - 교차로안,승용,여,45세,상해없음,원동기,남,45세,경상
2018050700100363,2018년 5월 7일 17시,월요일,충청북도 청주시 상당구 용암동,경상사고,0,0,6,0,차대차 - 측면충돌,안전거리미확보,건조,맑음,교차로 - 교차로부근,승용,여,68세,기타불명,승용,여,39세,경상
2018050700100398,2018년 5월 7일 18시,월요일,충청북도 청주시 청원구 오창읍,경상사고,0,0,1,0,차대차 - 기타,신호위반,건조,맑음,교차로 - 교차로안,승용,여,38세,상해없음,승용,남,43세,경상
2018050700100399,2018년 5월 7일 18시,월요일,충청북도 청주시 흥덕구 복대동,중상사고,0,1,0,0,차대사람 - 기타,안전운전불이행,건조,맑음,단일로 - 기타,승용,남,30세,상해없음,보행자,남,16세,중상
2018050700100425,2018년 5월 7일 19시,월요일,충청북도 청주시 흥덕구 신봉동,경상사고,0,0,4,0,차대차 - 추돌,안전운전불이행,건조,맑음,교차로 - 교차로안,승용,남,53세,상해없음,승용,남,45세,경상
2018050700100463,2018년 5월 7일 20시,월요일,충청북도 청주시 상당구 금천동,중상사고,0,1,0,0,차대사람 - 횡단중,안전운전불이행,건조,맑음,단일로 - 지하차도(도로)내,승용,남,46세,상해없음,보행자,여,6세,중상
2018050700100494,2018년 5월 7일 21시,월요일,충청북도 충주시 연수동,경상사고,0,0,1,0,차대차 - 측면충돌,안전운전불이행,건조,맑음,단일로 - 기타,화물,남,60세,상해없음,승용,남,30세,경상
2018050700100495,2018년 5월 7일 21시,월요일,충청북도 청주시 흥덕구 봉명동,경상사고,0,0,1,0,차대차 - 측면충돌,불법유턴,건조,맑음,교차로 - 교차로부근,승용,남,30세,상해없음,자전거,남,16세,경상
2018050700100528,2018년 5월 7일 22시,월요일,충청북도 청주시 서원구 미평동,중상사고,0,1,0,0,차대차 - 기타,신호위반,건조,맑음,교차로 - 교차로안,이륜,남,15세,중상,승용,남,50세,상해없음
2018050800100033,2018년 5월 8일 02시,화요일,충청북도 괴산군 장연면,중상사고,0,1,0,0,차대차 - 추돌,안전운전불이행,건조,맑음,단일로 - 기타,승용,남,29세,중상,특수,남,49세,상해없음
2018050800100076,2018년 5월 8일 07시,화요일,충청북도 청주시 상당구 용암동,사망사고,1,0,0,0,차대사람 - 기타,보행자보호의무위반,건조,맑음,교차로 - 교차로횡단보도내,화물,남,51세,상해없음,보행자,여,81세,사망
2018050800100101,2018년 5월 8일 08시,화요일,충청북도 청주시 흥덕구 송절동,중상사고,0,1,0,0,차대차 - 기타,안전거리미확보,건조,맑음,교차로 - 교차로부근,화물,남,40세,상해없음,화물,남,62세,상해없음
2018050800100102,2018년 5월 8일 08시,화요일,충청북도 청주시 청원구 오창읍,경상사고,0,0,1,0,차대차 - 기타,직진우회전진행방해,건조,맑음,교차로 - 교차로안,화물,남,55세,상해없음,승용,남,40세,경상
2018050800100142,2018년 5월 8일 09시,화요일,충청북도 청주시 흥덕구 석곡동,경상사고,0,0,1,0,차대차 - 기타,안전운전불이행,건조,맑음,단일로 - 기타,화물,남,51세,상해없음,승용,남,41세,경상
2018050800100178,2018년 5월 8일 10시,화요일,충청북도 충주시 금가면,경상사고,0,0,1,0,차대차 - 측면충돌,안전운전불이행,건조,맑음,기타 - 기타,승용,남,62세,상해없음,농기계,남,69세,경상
2018050800100179,2018년 5월 8일 10시,화요일,충청북도 청주시 서원구 분평동,경상사고,0,0,1,0,차대차 - 측면충돌,신호위반,건조,맑음,단일로 - 지하차도(도로)내,자전거,남,89세,경상,화물,남,62세,상해없음
2018050800100232,2018년 5월 8일 12시,화요일,충청북도 청주시 상당구 명암동,경상사고,0,0,1,0,차대차 - 정면충돌,차로위반,건조,맑음,단일로 - 기타,승용,남,21세,상해없음,승용,여,30세,경상
2018050800100259,2018년 5월 8일 13시,화요일,충청북도 청주시 청원구 율량동,중상사고,0,1,1,0,차대사람 - 횡단중,안전운전불이행,건조,맑음,교차로 - 교차로부근,승용,남,34세,상해없음,보행자,여,63세,경상
2018050800100260,2018년 5월 8일 13시,화요일,충청북도 청주시 흥덕구 강내면,사망사고,1,0,0,0,차대사람 - 횡단중,안전운전불이행,건조,맑음,단일로 - 기타,화물,남,53세,상해없음,보행자,남,82세,사망
2018050800100328,2018년 5월 8일 15시,화요일,충청북도 청주시 상당구 영동,경상사고,0,0,1,0,차대사람 - 횡단중,보행자보호의무위반,건조,맑음,교차로 - 교차로횡단보도내,승용,남,61세,상해없음,보행자,여,19세,경상
2018050800100329,2018년 5월 8일 15시,화요일,충청북도 청주시 서원구 성화동,경상사고,0,0,1,0,차대차 - 추돌,안전운전불이행,건조,맑음,교차로 - 교차로부근,승용,여,50세,상해없음,승용,남,38세,경상
2018050800100368,2018년 5월 8일 16시,화요일,충청북도 제천시 의림동,경상사고,0,0,1,0,차대차 - 후진중충돌,안전운전불이행,건조,맑음,주차장 - 주차장,승용,여,54세,상해없음,승용,남,31세,경상
2018050800100369,2018년 5월 8일 16시,화요일,충청북도 옥천군 군북면,경상사고,0,0,1,0,차대차 - 측면충돌,안전운전불이행,건조,맑음,단일로 - 기타,건설기계,남,60세,상해없음,승용,남,67세,경상
2018050800100416,2018년 5월 8일 17시,화요일,충청북도 청주시 청원구 내수읍,경상사고,0,0,2,0,차대차 - 측면충돌,교차로운행방법위반,건조,맑음,교차로 - 교차로안,승용,여,57세,경상,승용,남,37세,경상
2018050800100417,2018년 5월 8일 17시,화요일,충청북도 청주시 흥덕구 봉명동,중상사고,0,1,0,0,차대사람 - 횡단중,신호위반,건조,맑음,교차로 - 교차로횡단보도내,화물,남,60세,상해없음,보행자,여,32세,중상
2018050800100418,2018년 5월 8일 17시,화요일,충청북도 청주시 서원구 분평동,중상사고,0,1,0,0,차대사람 - 차도통행중,안전운전불이행,건조,맑음,교차로 - 교차로안,승용,여,44세,상해없음,보행자,남,56세,중상
2018050800100473,2018년 5월 8일 18시,화요일,충청북도 증평군 증평읍,경상사고,0,0,1,0,차대차 - 기타,직진우회전진행방해,건조,맑음,교차로 - 교차로안,화물,남,61세,상해없음,이륜,남,71세,상해없음
2018050800100508,2018년 5월 8일 19시,화요일,충청북도 청주시 청원구 오창읍,경상사고,0,0,1,0,차대차 - 정면충돌,신호위반,건조,맑음,교차로 - 교차로안,승용,남,64세,상해없음,승용,여,46세,경상
2018050800100509,2018년 5월 8일 19시,화요일,충청북도 청주시 상당구 금천동,경상사고,0,0,1,0,차대차 - 기타,교차로운행방법위반,건조,맑음,교차로 - 교차로안,기타불명,기타불명,미분류,기타불명,승합,남,62세,상해없음
2018050800100564,2018년 5월 8일 21시,화요일,충청북도 청주시 흥덕구 봉명동,경상사고,0,0,1,0,차대차 - 기타,안전운전불이행,건조,맑음,교차로 - 교차로부근,승용,남,55세,상해없음,승용,여,37세,상해없음
2018050900100110,2018년 5월 9일 08시,수요일,충청북도 청주시 서원구 사창동,경상사고,0,0,1,0,차대차 - 측면충돌,직진우회전진행방해,건조,맑음,교차로 - 교차로안,개인형이동수단(PM),여,32세,경상,승용,여,50세,상해없음
2018050900100111,2018년 5월 9일 08시,수요일,충청북도 청주시 청원구 북이면,경상사고,0,0,2,0,차대차 - 추돌,안전운전불이행,건조,맑음,단일로 - 기타,승용,남,26세,상해없음,승용,남,60세,경상
2018050900100112,2018년 5월 9일 08시,수요일,충청북도 청주시 흥덕구 신봉동,중상사고,0,1,1,0,차대차 - 측면충돌,교차로운행방법위반,건조,맑음,교차로 - 교차로안,승용,여,39세,경상,승용,여,51세,중상
2018050900100157,2018년 5월 9일 09시,수요일,충청북도 청주시 서원구 남이면,중상사고,0,1,1,0,차대차 - 측면충돌,안전거리미확보,건조,맑음,단일로 - 고가도로위,화물,남,58세,상해없음,승용,여,33세,중상
2018050900100207,2018년 5월 9일 11시,수요일,충청북도 진천군 덕산면,경상사고,0,0,1,0,차대차 - 측면충돌,안전운전불이행,건조,맑음,교차로 - 교차로부근,승용,남,23세,상해없음,승용,남,38세,경상
2018050900100241,2018년 5월 9일 12시,수요일,충청북도 영동군 용산면,중상사고,0,1,0,0,차대차 - 측면충돌,안전운전불이행,건조,맑음,교차로 - 교차로부근,화물,여,53세,상해없음,이륜,남,79세,중상
2018050900100275,2018년 5월 9일 13시,수요일,충청북도 음성군 금왕읍,경상사고,0,0,1,0,차대차 - 정면충돌,교차로운행방법위반,건조,맑음,교차로 - 교차로안,승용,남,48세,경상,농기계,남,52세,상해없음
2018050900100310,2018년 5월 9일 14시,수요일,충청북도 청주시 서원구 사창동,경상사고,0,0,5,0,차대차 - 기타,차로위반,건조,맑음,단일로 - 기타,승용,남,49세,상해없음,화물,남,47세,경상
2018050900100311,2018년 5월 9일 14시,수요일,충청북도 영동군 추풍령면,중상사고,0,1,0,0,차대사람 - 길가장자리구역통행중,안전운전불이행,건조,맑음,단일로 - 기타,화물,남,67세,상해없음,보행자,여,76세,중상
2018050900100350,2018년 5월 9일 15시,수요일,충청북도 영동군 추풍령면,경상사고,0,0,1,0,차대차 - 후진중충돌,안전운전불이행,건조,맑음,단일로 - 기타,화물,남,48세,상해없음,이륜,남,67세,경상
2018050900100351,2018년 5월 9일 15시,수요일,충청북도 청주시 서원구 분평동,경상사고,0,0,1,0,차대차 - 측면충돌,안전거리미확보,건조,맑음,단일로 - 기타,건설기계,남,46세,상해없음,승용,남,56세,경상
2018050900100381,2018년 5월 9일 16시,수요일,충청북도 청주시 청원구 율량동,중상사고,0,1,0,0,차대차 - 측면충돌,직진우회전진행방해,건조,맑음,교차로 - 교차로부근,승용,남,49세,상해없음,자전거,남,15세,중상
2018050900100382,2018년 5월 9일 16시,수요일,충청북도 충주시 칠금동,경상사고,0,0,2,0,차대차 - 기타,교차로운행방법위반,건조,맑음,교차로 - 교차로안,승용,여,61세,상해없음,승용,남,51세,경상
2018050900100383,2018년 5월 9일 16시,수요일,충청북도 충주시 연수동,경상사고,0,0,1,0,차대차 - 기타,안전운전불이행,건조,맑음,단일로 - 기타,승용,여,32세,상해없음,화물,남,57세,경상
2018050900100384,2018년 5월 9일 16시,수요일,충청북도 제천시 영천동,중상사고,0,1,0,0,차대차 - 정면충돌,안전운전불이행,건조,맑음,단일로 - 기타,승용,여,41세,상해없음,승용,여,45세,중상
2018050900100434,2018년 5월 9일 17시,수요일,충청북도 청주시 흥덕구 강내면,중상사고,0,1,0,0,차대차 - 측면충돌,교차로운행방법위반,건조,맑음,교차로 - 교차로안,승용,남,60세,상해없음,이륜,남,55세,중상
2018050900100435,2018년 5월 9일 17시,수요일,충청북도 청주시 흥덕구 향정동,경상사고,0,0,4,0,차대차 - 측면충돌,안전운전불이행,건조,맑음,단일로 - 기타,승용,남,25세,경상,승용,남,58세,경상
2018050900100484,2018년 5월 9일 18시,수요일,충청북도 충주시 대소원면,중상사고,0,1,0,0,차대차 - 추돌,안전운전불이행,건조,맑음,단일로 - 기타,승용,남,58세,상해없음,승용,남,60세,중상
2018050900100485,2018년 5월 9일 18시,수요일,충청북도 제천시 중앙로2가,경상사고,0,0,1,0,차대사람 - 횡단중,보행자보호의무위반,건조,맑음,교차로 - 교차로안,이륜,남,18세,상해없음,보행자,남,79세,경상
2018050900100486,2018년 5월 9일 18시,수요일,충청북도 음성군 삼성면,경상사고,0,0,1,0,차대차 - 측면충돌,교차로운행방법위반,건조,맑음,교차로 - 교차로안,승용,남,67세,상해없음,승합,여,61세,경상
2018050900100487,2018년 5월 9일 18시,수요일,충청북도 청주시 흥덕구 봉명동,경상사고,0,0,3,0,차대차 - 측면충돌,안전운전불이행,건조,맑음,교차로 - 교차로안,승용,남,25세,경상,승용,남,35세,경상
2018050900100488,2018년 5월 9일 18시,수요일,충청북도 청주시 흥덕구 가경동,경상사고,0,0,1,0,차대차 - 기타,안전거리미확보,건조,맑음,단일로 - 기타,승용,여,52세,상해없음,승용,남,55세,경상
2018050900100545,2018년 5월 9일 20시,수요일,충청북도 음성군 감곡면,중상사고,0,1,0,0,차대차 - 정면충돌,중앙선침범,건조,맑음,교차로 - 교차로부근,자전거,남,65세,중상,승합,남,47세,상해없음
2018050900100575,2018년 5월 9일 21시,수요일,충청북도 충주시 문화동,중상사고,0,1,2,0,차대차 - 측면충돌,신호위반,건조,맑음,교차로 - 교차로안,승용,여,36세,상해없음,승용,남,32세,경상
2018050900100576,2018년 5월 9일 21시,수요일,충청북도 청주시 흥덕구 봉명동,경상사고,0,0,1,0,차대차 - 측면충돌,안전거리미확보,건조,맑음,단일로 - 기타,승용,남,60세,상해없음,승용,여,46세,경상
2018050900100605,2018년 5월 9일 22시,수요일,충청북도 청주시 상당구 용정동,경상사고,0,0,2,0,차대차 - 추돌,안전운전불이행,건조,맑음,교차로 - 교차로부근,승용,남,33세,상해없음,승용,남,57세,경상
2018051000100015,2018년 5월 10일 00시,목요일,충청북도 충주시 금릉동,부상신고사고,0,0,0,1,차대차 - 측면충돌,중앙선침범,건조,맑음,단일로 - 기타,이륜,남,28세,부상신고,승용,남,54세,상해없음
2018051000100047,2018년 5월 10일 05시,목요일,충청북도 청주시 흥덕구 외북동,경상사고,0,0,6,0,차대차 - 측면충돌,안전운전불이행,건조,맑음,교차로 - 교차로부근,승용,남,49세,경상,승용,남,55세,경상
2018051000100062,2018년 5월 10일 06시,목요일,충청북도 청주시 흥덕구 옥산면,경상사고,0,0,2,0,차대차 - 측면충돌,중앙선침범,건조,맑음,단일로 - 기타,승용,여,58세,상해없음,승용,남,29세,경상
2018051000100084,2018년 5월 10일 07시,목요일,충청북도 충주시 용산동,경상사고,0,0,3,0,차대차 - 기타,기타,건조,맑음,교차로 - 교차로안,승용,여,28세,상해없음,승용,여,43세,경상
2018051000100085,2018년 5월 10일 07시,목요일,충청북도 충주시 연수동,경상사고,0,0,1,0,차대사람 - 기타,안전운전불이행,건조,맑음,단일로 - 기타,승용,여,50세,상해없음,보행자,여,54세,경상
2018051000100127,2018년 5월 10일 08시,목요일,충청북도 청주시 흥덕구 봉명동,중상사고,0,1,0,0,차대차 - 기타,교차로운행방법위반,건조,맑음,교차로 - 교차로안,승용,남,57세,상해없음,승용,남,39세,중상
2018051000100128,2018년 5월 10일 08시,목요일,충청북도 증평군 증평읍,중상사고,0,1,0,0,차대차 - 측면충돌,신호위반,건조,흐림,교차로 - 교차로안,이륜,남,78세,중상,화물,남,49세,상해없음