사고번호,사고일시,요일,시군구,사고내용,사망자수,중상자수,경상자수,부상신고자수,사고유형,법규위반,노면상태,기상상태,도로형태,가해운전자 차종,가해운전자 성별,가해운전자 연령,가해운전자 상해정도,피해운전자 차종,피해운전자 성별,피해운전자 연령,피해운전자 상해정도
2018051500100111,2018년 5월 15일 08시,화요일,충청북도 청주시 서원구 분평동,경상사고,0,0,1,0,차대사람 - 횡단중,보행자보호의무위반,건조,맑음,교차로 - 교차로횡단보도내,화물,남,77세,상해없음,보행자,남,18세,경상
2018051500100176,2018년 5월 15일 10시,화요일,충청북도 충주시 교현동,경상사고,0,0,1,0,차대차 - 기타,직진우회전진행방해,건조,맑음,교차로 - 교차로안,승용,여,58세,상해없음,승용,여,23세,경상
2018051500100177,2018년 5월 15일 10시,화요일,충청북도 괴산군 괴산읍,경상사고,0,0,1,0,차대차 - 기타,직진우회전진행방해,건조,맑음,교차로 - 교차로안,승용,여,57세,상해없음,화물,남,45세,경상
2018051500100178,2018년 5월 15일 10시,화요일,충청북도 청주시 서원구 개신동,경상사고,0,0,1,0,차대차 - 추돌,안전운전불이행,건조,맑음,단일로 - 기타,승용,남,31세,상해없음,승용,남,68세,상해없음
2018051500100209,2018년 5월 15일 11시,화요일,충청북도 충주시 성남동,경상사고,0,0,1,0,차대차 - 기타,교차로운행방법위반,건조,맑음,교차로 - 교차로안,승용,여,60세,상해없음,승용,남,42세,경상
2018051500100229,2018년 5월 15일 12시,화요일,충청북도 충주시 교현동,경상사고,0,0,2,0,차대차 - 기타,안전운전불이행,건조,맑음,단일로 - 기타,승용,남,68세,상해없음,승용,남,18세,경상
2018051500100244,2018년 5월 15일 13시,화요일,충청북도 청주시 상당구 석교동,경상사고,0,0,1,0,차대차 - 추돌,안전운전불이행,건조,맑음,단일로 - 지하차도(도로)내,승용,남,61세,상해없음,승용,남,54세,경상
2018051500100279,2018년 5월 15일 14시,화요일,충청북도 충주시 교현동,경상사고,0,0,1,0,차대사람 - 차도통행중,안전운전불이행,건조,맑음,단일로 - 기타,승용,남,76세,상해없음,보행자,여,14세,경상
2018051500100280,2018년 5월 15일 14시,화요일,충청북도 청주시 흥덕구 신봉동,경상사고,0,0,1,0,차대차 - 기타,안전운전불이행,건조,맑음,교차로 - 교차로부근,승용,남,49세,상해없음,승용,여,46세,경상
2018051500100320,2018년 5월 15일 15시,화요일,충청북도 청주시 서원구 사창동,중상사고,0,1,2,0,차대차 - 추돌,안전운전불이행,건조,맑음,교차로 - 교차로부근,승용,남,66세,상해없음,승용,남,47세,경상
2018051500100321,2018년 5월 15일 15시,화요일,충청북도 진천군 진천읍,중상사고,0,1,0,0,차대사람 - 길가장자리구역통행중,안전운전불이행,건조,맑음,단일로 - 기타,승용,남,63세,상해없음,보행자,여,84세,중상
2018051500100365,2018년 5월 15일 16시,화요일,충청북도 단양군 대강면,경상사고,0,0,1,0,차대차 - 측면충돌,안전운전불이행,건조,맑음,교차로 - 교차로안,승용,여,59세,상해없음,승용,여,56세,경상
2018051500100431,2018년 5월 15일 18시,화요일,충청북도 충주시 문화동,경상사고,0,0,1,0,차대차 - 기타,안전운전불이행,건조,맑음,기타 - 기타,승용,여,36세,상해없음,승합,남,46세,경상
2018051500100432,2018년 5월 15일 18시,화요일,충청북도 제천시 청전동,경상사고,0,0,2,0,차대차 - 측면충돌,기타,건조,맑음,교차로 - 교차로안,승용,남,36세,경상,승용,여,30세,경상
2018051500100433,2018년 5월 15일 18시,화요일,충청북도 괴산군 괴산읍,경상사고,0,0,1,0,차대사람 - 길가장자리구역통행중,안전운전불이행,건조,맑음,단일로 - 기타,승용,남,59세,상해없음,보행자,여,20세,경상
2018051500100434,2018년 5월 15일 18시,화요일,충청북도 청주시 흥덕구 현암동,경상사고,0,0,1,0,차대차 - 측면충돌,차로위반,건조,맑음,교차로 - 교차로부근,승용,남,62세,상해없음,승용,남,27세,경상
2018051500100435,2018년 5월 15일 18시,화요일,충청북도 청주시 흥덕구 향정동,경상사고,0,0,1,0,차대차 - 측면충돌,교차로운행방법위반,건조,맑음,교차로 - 교차로안,승용,남,26세,상해없음,승용,남,45세,경상
2018051500100436,2018년 5월 15일 18시,화요일,충청북도 청주시 상당구 탑동,경상사고,0,0,1,0,차대차 - 추돌,교차로운행방법위반,건조,맑음,교차로 - 교차로안,승용,남,49세,상해없음,승용,여,25세,경상
2018051500100470,2018년 5월 15일 19시,화요일,충청북도 충주시 칠금동,경상사고,0,0,1,0,차대차 - 측면충돌,안전운전불이행,건조,맑음,미분류 - 미분류,승용,남,26세,상해없음,자전거,남,81세,경상
2018051500100471,2018년 5월 15일 19시,화요일,충청북도 청주시 흥덕구 오송읍,중상사고,0,2,1,0,차대차 - 측면충돌,신호위반,건조,맑음,교차로 - 교차로안,화물,남,62세,경상,승용,남,26세,중상
2018051500100472,2018년 5월 15일 19시,화요일,충청북도 청주시 상당구 석교동,경상사고,0,0,2,0,차대차 - 측면충돌,안전운전불이행,건조,맑음,교차로 - 교차로안,승용,남,69세,경상,승용,여,49세,경상
2018051500100523,2018년 5월 15일 21시,화요일,충청북도 음성군 생극면,경상사고,0,0,1,0,차대차 - 측면충돌,신호위반,건조,맑음,교차로 - 교차로안,자전거,남,56세,경상,승용,여,62세,상해없음
2018051500100524,2018년 5월 15일 21시,화요일,충청북도 청주시 상당구 용암동,중상사고,0,1,0,0,차대사람 - 차도통행중,안전운전불이행,건조,맑음,교차로 - 교차로안,승용,여,40세,상해없음,보행자,여,48세,중상
2018051500100555,2018년 5월 15일 22시,화요일,충청북도 청주시 상당구 북문로2가동,경상사고,0,0,1,0,차대사람 - 길가장자리구역통행중,안전운전불이행,건조,맑음,단일로 - 기타,승용,여,45세,상해없음,보행자,여,24세,경상
2018051600100015,2018년 5월 16일 01시,수요일,충청북도 제천시 신백동,중상사고,0,1,1,0,차대차 - 측면충돌,신호위반,건조,맑음,교차로 - 교차로안,이륜,남,21세,중상,승용,여,27세,경상
2018051600100021,2018년 5월 16일 02시,수요일,충청북도 제천시 고암동,경상사고,0,0,1,1,차대차 - 측면충돌,안전운전불이행,건조,맑음,기타 - 기타,이륜,남,19세,경상,이륜,남,18세,부상신고
2018051600100118,2018년 5월 16일 09시,수요일,충청북도 보은군 보은읍,경상사고,0,0,1,0,차대사람 - 기타,안전운전불이행,건조,맑음,주차장 - 주차장,승용,남,72세,상해없음,보행자,남,51세,경상
2018051600100119,2018년 5월 16일 09시,수요일,충청북도 청주시 서원구 사직동,경상사고,0,0,1,0,차대차 - 기타,안전운전불이행,건조,맑음,단일로 - 기타,승용,여,38세,상해없음,승용,남,37세,경상
2018051600100146,2018년 5월 16일 10시,수요일,충청북도 음성군 대소면,경상사고,0,0,3,0,차대차 - 추돌,차로위반,건조,맑음,교차로 - 교차로부근,승용,남,54세,경상,화물,남,38세,경상
2018051600100147,2018년 5월 16일 10시,수요일,충청북도 음성군 대소면,경상사고,0,0,2,0,차대차 - 측면충돌,교차로운행방법위반,건조,맑음,교차로 - 교차로안,화물,남,40세,경상,화물,남,33세,경상
2018051600100194,2018년 5월 16일 12시,수요일,충청북도 청주시 서원구 사창동,중상사고,0,1,2,0,차대차 - 측면충돌,신호위반,건조,맑음,교차로 - 교차로안,승용,여,63세,경상,승용,남,66세,경상
2018051600100195,2018년 5월 16일 12시,수요일,충청북도 청주시 흥덕구 복대동,경상사고,0,0,3,0,차대차 - 측면충돌,안전거리미확보,건조,맑음,단일로 - 기타,승용,남,27세,상해없음,승용,남,58세,경상
2018051600100253,2018년 5월 16일 14시,수요일,충청북도 청주시 서원구 사창동,경상사고,0,0,1,0,차대사람 - 기타,안전운전불이행,건조,맑음,단일로 - 기타,승용,여,67세,상해없음,보행자,여,65세,경상
2018051600100254,2018년 5월 16일 14시,수요일,충청북도 청주시 청원구 오창읍,경상사고,0,0,3,0,차대차 - 기타,교차로운행방법위반,건조,맑음,교차로 - 교차로안,승용,남,32세,경상,승용,여,38세,경상
2018051600100334,2018년 5월 16일 17시,수요일,충청북도 제천시 봉양읍,중상사고,0,1,2,0,차대차 - 기타,중앙선침범,젖음/습기,비,단일로 - 기타,화물,남,57세,경상,화물,남,54세,중상
2018051600100376,2018년 5월 16일 18시,수요일,충청북도 충주시 주덕읍,경상사고,0,0,1,0,차대차 - 기타,안전거리미확보,젖음/습기,비,단일로 - 기타,승용,여,51세,상해없음,승용,남,51세,경상
2018051600100377,2018년 5월 16일 18시,수요일,충청북도 음성군 금왕읍,경상사고,0,0,1,0,차대차 - 측면충돌,신호위반,건조,흐림,교차로 - 교차로안,승용,남,69세,상해없음,승용,남,44세,경상
2018051600100404,2018년 5월 16일 19시,수요일,충청북도 음성군 음성읍,경상사고,0,0,1,0,차대차 - 측면충돌,교차로운행방법위반,건조,맑음,교차로 - 교차로안,승용,남,32세,상해없음,승용,여,64세,경상
2018051600100432,2018년 5월 16일 20시,수요일,충청북도 청주시 청원구 내수읍,중상사고,0,3,1,0,차대차 - 기타,안전운전불이행,건조,맑음,단일로 - 기타,승용,남,53세,상해없음,승용,남,57세,중상
2018051600100465,2018년 5월 16일 21시,수요일,충청북도 청주시 흥덕구 봉명동,부상신고사고,0,0,0,1,차대차 - 기타,교차로운행방법위반,건조,맑음,교차로 - 교차로안,이륜,남,26세,부상신고,승용,남,44세,상해없음
2018051600100515,2018년 5월 16일 23시,수요일,충청북도 청주시 서원구 성화동,경상사고,0,0,1,0,차량단독 - 공작물충돌,안전운전불이행,건조,맑음,단일로 - 기타,승용,남,45세,경상,,,,
2018051700100028,2018년 5월 17일 01시,목요일,충청북도 청주시 흥덕구 봉명동,경상사고,0,0,3,0,차대차 - 기타,안전운전불이행,건조,맑음,단일로 - 기타,승용,남,49세,상해없음,승용,남,43세,경상
2018051700100107,2018년 5월 17일 08시,목요일,충청북도 청주시 청원구 오창읍,중상사고,0,3,2,0,차대차 - 측면충돌,안전운전불이행,건조,맑음,교차로 - 교차로부근,승용,여,49세,경상,승용,여,32세,상해없음
2018051700100108,2018년 5월 17일 08시,목요일,충청북도 청주시 청원구 오창읍,경상사고,0,0,1,0,차대차 - 기타,안전운전불이행,건조,맑음,교차로 - 교차로부근,화물,남,45세,상해없음,승용,여,22세,경상
2018051700100109,2018년 5월 17일 08시,목요일,충청북도 충주시 용산동,경상사고,0,0,1,0,차대사람 - 기타,안전운전불이행,건조,흐림,교차로 - 교차로부근,기타불명,기타불명,미분류,기타불명,보행자,여,17세,경상
2018051700100217,2018년 5월 17일 11시,목요일,충청북도 충주시 봉방동,경상사고,0,0,2,0,차대차 - 기타,안전운전불이행,건조,맑음,기타 - 기타,승용,남,31세,상해없음,승용,여,32세,경상
2018051700100292,2018년 5월 17일 14시,목요일,충청북도 청주시 청원구 율량동,경상사고,0,0,1,0,차대차 - 기타,안전운전불이행,건조,맑음,교차로 - 교차로안,화물,남,49세,상해없음,승용,여,39세,경상
2018051700100293,2018년 5월 17일 14시,목요일,충청북도 음성군 감곡면,경상사고,0,0,2,0,차대차 - 정면충돌,중앙선침범,건조,맑음,단일로 - 기타,승용,여,56세,경상,건설기계,남,61세,경상
2018051700100294,2018년 5월 17일 14시,목요일,충청북도 청주시 흥덕구 복대동,경상사고,0,0,1,0,차대사람 - 횡단중,보행자보호의무위반,건조,맑음,교차로 - 교차로횡단보도내,승용,남,57세,상해없음,보행자,여,35세,경상
2018051700100330,2018년 5월 17일 15시,목요일,충청북도 청주시 서원구 남이면,중상사고,0,1,2,0,차대차 - 추돌,안전운전불이행,건조,맑음,단일로 - 기타,승합,남,57세,경상,건설기계,남,61세,경상
2018051700100333,2018년 5월 17일 15시,목요일,충청북도 영동군 황간면,사망사고,1,0,0,0,차대차 - 추돌,안전운전불이행,건조,흐림,기타 - 기타,화물,남,42세,사망,건설기계,남,46세,상해없음
2018051700100356,2018년 5월 17일 16시,목요일,충청북도 음성군 금왕읍,경상사고,0,0,1,0,차대차 - 측면충돌,안전운전불이행,젖음/습기,비,교차로 - 교차로부근,이륜,남,54세,경상,승합,남,50세,상해없음
2018051700100389,2018년 5월 17일 17시,목요일,충청북도 충주시 대소원면,경상사고,0,0,1,0,차대차 - 추돌,안전운전불이행,건조,맑음,단일로 - 기타,화물,남,59세,상해없음,승용,남,61세,경상
2018051700100390,2018년 5월 17일 17시,목요일,충청북도 청주시 서원구 남이면,경상사고,0,0,1,0,차대차 - 기타,안전운전불이행,젖음/습기,흐림,단일로 - 기타,화물,남,59세,상해없음,승용,남,51세,상해없음
2018051700100426,2018년 5월 17일 18시,목요일,충청북도 청주시 상당구 용암동,경상사고,0,0,1,0,차대차 - 추돌,안전운전불이행,건조,맑음,교차로 - 교차로안,승용,남,64세,상해없음,이륜,남,28세,경상
2018051700100460,2018년 5월 17일 19시,목요일,충청북도 청주시 청원구 우암동,경상사고,0,0,1,0,차대차 - 측면충돌,차로위반,건조,맑음,단일로 - 기타,승용,여,49세,상해없음,이륜,남,26세,경상
2018051700100461,2018년 5월 17일 19시,목요일,충청북도 괴산군 괴산읍,부상신고사고,0,0,0,1,차대차 - 기타,신호위반,건조,맑음,교차로 - 교차로안,승용,남,57세,부상신고,승용,남,38세,상해없음
2018051700100462,2018년 5월 17일 19시,목요일,충청북도 보은군 보은읍,사망사고,1,0,0,0,차량단독 - 도로외이탈 - 추락,안전운전불이행,젖음/습기,흐림,단일로 - 지하차도(도로)내,이륜,남,52세,사망,,,,
2018051700100552,2018년 5월 17일 21시,목요일,충청북도 청주시 청원구 주성동,경상사고,0,0,2,0,차대차 - 기타,안전운전불이행,건조,맑음,교차로 - 교차로부근,승용,남,19세,상해없음,승용,남,66세,경상
2018051700100595,2018년 5월 17일 22시,목요일,충청북도 제천시 영천동,경상사고,0,0,2,0,차대차 - 추돌,안전운전불이행,젖음/습기,흐림,교차로 - 교차로안,승용,남,44세,상해없음,승용,여,45세,경상
2018051700100596,2018년 5월 17일 22시,목요일,충청북도 청주시 흥덕구 복대동,중상사고,0,1,2,0,차대차 - 추돌,안전운전불이행,건조,맑음,교차로 - 교차로부근,승용,여,39세,상해없음,승용,남,53세,경상
2018051700100633,2018년 5월 17일 23시,목요일,충청북도 청주시 흥덕구 봉명동,경상사고,0,0,1,0,차대사람 - 횡단중,안전운전불이행,건조,맑음,교차로 - 교차로부근,승용,남,57세,상해없음,보행자,남,50세,경상
2018051800100030,2018년 5월 18일 01시,금요일,충청북도 청주시 서원구 사창동,경상사고,0,0,1,0,차대차 - 후진중충돌,안전운전불이행,젖음/습기,비,교차로 - 교차로안,승용,여,30세,상해없음,승용,남,39세,경상
2018051800100113,2018년 5월 18일 07시,금요일,충청북도 청주시 청원구 북이면,경상사고,0,0,1,0,차대차 - 추돌,안전운전불이행,건조,맑음,단일로 - 기타,승용,남,78세,상해없음,승용,여,25세,경상
2018051800100114,2018년 5월 18일 07시,금요일,충청북도 음성군 생극면,경상사고,0,0,1,0,차량단독 - 공작물충돌,안전운전불이행,젖음/습기,비,교차로 - 교차로부근,승용,여,46세,경상,,,,
2018051800100115,2018년 5월 18일 07시,금요일,충청북도 음성군 생극면,경상사고,0,0,1,0,차대사람 - 횡단중,안전운전불이행,젖음/습기,흐림,교차로 - 교차로부근,화물,남,69세,상해없음,보행자,여,15세,경상
2018051800100139,2018년 5월 18일 08시,금요일,충청북도 음성군 대소면,경상사고,0,0,2,0,차대차 - 측면충돌,교차로운행방법위반,젖음/습기,비,교차로 - 교차로안,승용,여,57세,경상,이륜,남,55세,경상
2018051800100140,2018년 5월 18일 08시,금요일,충청북도 청주시 흥덕구 비하동,경상사고,0,0,1,0,차대차 - 측면충돌,교차로운행방법위반,건조,맑음,교차로 - 교차로안,승용,여,35세,상해없음,승용,여,28세,경상
2018051800100177,2018년 5월 18일 09시,금요일,충청북도 제천시 청전동,중상사고,0,1,0,1,차대차 - 정면충돌,신호위반,건조,맑음,교차로 - 교차로안,승용,남,82세,부상신고,승용,여,53세,중상
2018051800100178,2018년 5월 18일 09시,금요일,충청북도 영동군 영동읍,중상사고,0,1,0,0,차대차 - 측면충돌,안전운전불이행,건조,맑음,교차로 - 교차로안,이륜,남,76세,중상,승용,남,56세,상해없음
2018051800100179,2018년 5월 18일 09시,금요일,충청북도 옥천군 옥천읍,경상사고,0,0,1,0,차대차 - 측면충돌,신호위반,젖음/습기,비,교차로 - 교차로안,건설기계,남,61세,상해없음,승용,남,43세,경상
2018051800100180,2018년 5월 18일 09시,금요일,충청북도 음성군 맹동면,경상사고,0,0,2,0,차대차 - 기타,직진우회전진행방해,건조,맑음,교차로 - 교차로안,승합,남,76세,상해없음,승용,남,32세,상해없음
2018051800100237,2018년 5월 18일 11시,금요일,충청북도 청주시 청원구 오창읍,중상사고,0,2,1,0,차대차 - 측면충돌,신호위반,건조,맑음,교차로 - 교차로안,이륜,남,81세,중상,승용,남,71세,경상
2018051800100238,2018년 5월 18일 11시,금요일,충청북도 진천군 진천읍,중상사고,0,1,0,0,차대사람 - 기타,안전운전불이행,건조,맑음,주차장 - 주차장,승용,여,58세,상해없음,보행자,남,56세,중상
2018051800100239,2018년 5월 18일 11시,금요일,충청북도 청주시 흥덕구 강서동,경상사고,0,0,1,0,차대차 - 측면충돌,중앙선침범,건조,맑음,교차로 - 교차로부근,승용,여,37세,상해없음,승용,남,62세,상해없음
2018051800100273,2018년 5월 18일 12시,금요일,충청북도 괴산군 괴산읍,경상사고,0,0,1,0,차대차 - 기타,안전운전불이행,건조,맑음,단일로 - 기타,화물,남,35세,상해없음,승용,남,79세,경상
2018051800100274,2018년 5월 18일 12시,금요일,충청북도 청주시 흥덕구 송절동,경상사고,0,0,1,0,차대차 - 추돌,안전운전불이행,건조,맑음,교차로 - 교차로부근,화물,남,36세,상해없음,승용,남,28세,경상
2018051800100298,2018년 5월 18일 13시,금요일,충청북도 청주시 상당구 탑동,중상사고,0,1,0,0,차대사람 - 횡단중,중앙선침범,건조,맑음,단일로 - 기타,승용,여,29세,상해없음,보행자,여,70세,중상
2018051800100326,2018년 5월 18일 14시,금요일,충청북도 청주시 청원구 오동동,경상사고,0,0,1,0,차대차 - 기타,안전운전불이행,건조,맑음,단일로 - 기타,승용,남,42세,상해없음,승용,여,52세,경상
2018051800100327,2018년 5월 18일 14시,금요일,충청북도 청주시 청원구 내덕동,중상사고,0,1,0,0,차대사람 - 기타,안전운전불이행,건조,맑음,교차로 - 교차로안,승용,남,68세,상해없음,보행자,여,71세,중상
2018051800100361,2018년 5월 18일 15시,금요일,충청북도 증평군 증평읍,중상사고,0,2,2,0,차대차 - 추돌,안전운전불이행,건조,맑음,교차로 - 교차로안,화물,남,45세,상해없음,승용,남,73세,중상
2018051800100399,2018년 5월 18일 16시,금요일,충청북도 청주시 청원구 내덕동,중상사고,0,1,0,0,차대차 - 기타,안전운전불이행,젖음/습기,비,교차로 - 교차로부근,승용,남,52세,상해없음,자전거,남,73세,중상
2018051800100400,2018년 5월 18일 16시,금요일,충청북도 충주시 수안보면,경상사고,0,0,2,0,차대차 - 기타,안전운전불이행,건조,맑음,교차로 - 교차로안,승용,여,43세,상해없음,승용,남,59세,경상
2018051800100401,2018년 5월 18일 16시,금요일,충청북도 충주시 연수동,경상사고,0,0,1,0,차대사람 - 횡단중,보행자보호의무위반,젖음/습기,비,단일로 - 기타,승합,남,51세,상해없음,보행자,남,9세,경상
2018051800100402,2018년 5월 18일 16시,금요일,충청북도 증평군 증평읍,경상사고,0,0,2,0,차대차 - 측면충돌,교차로운행방법위반,젖음/습기,흐림,교차로 - 교차로안,승용,남,45세,상해없음,승용,여,34세,경상
2018051800100403,2018년 5월 18일 16시,금요일,충청북도 청주시 상당구 문의면,경상사고,0,0,1,0,차대차 - 측면충돌,교차로운행방법위반,젖음/습기,비,교차로 - 교차로안,승용,남,78세,상해없음,자전거,남,53세,경상
2018051800100473,2018년 5월 18일 18시,금요일,충청북도 청주시 서원구 사직동,경상사고,0,0,1,0,차대사람 - 차도통행중,안전운전불이행,건조,맑음,단일로 - 기타,승용,남,37세,상해없음,보행자,남,21세,경상
2018051800100514,2018년 5월 18일 19시,금요일,충청북도 청주시 서원구 성화동,경상사고,0,0,1,0,차대사람 - 차도통행중,안전운전불이행,건조,맑음,교차로 - 교차로안,화물,남,62세,상해없음,보행자,남,47세,경상
2018051800100515,2018년 5월 18일 19시,금요일,충청북도 청주시 상당구 금천동,경상사고,0,0,1,1,차대차 - 측면충돌,안전거리미확보,젖음/습기,흐림,교차로 - 교차로횡단보도내,승용,남,62세,부상신고,승용,남,41세,경상
2018051800100561,2018년 5월 18일 20시,금요일,충청북도 청주시 흥덕구 가경동,경상사고,0,0,1,0,차대차 - 측면충돌,차로위반,건조,맑음,교차로 - 교차로부근,기타불명,기타불명,미분류,기타불명,승용,남,36세,상해없음
2018051800100604,2018년 5월 18일 21시,금요일,충청북도 단양군 영춘면,사망사고,1,0,0,0,차량단독 - 기타,안전운전불이행,건조,맑음,단일로 - 기타,이륜,여,71세,사망,,,,
2018051800100605,2018년 5월 18일 21시,금요일,충청북도 청주시 상당구 용암동,경상사고,0,0,3,0,차대차 - 측면충돌,안전운전불이행,건조,맑음,교차로 - 교차로부근,승용,여,50세,경상,승용,여,40세,경상
2018051800100637,2018년 5월 18일 22시,금요일,충청북도 진천군 진천읍,경상사고,0,0,1,0,차대사람 - 기타,안전운전불이행,건조,맑음,단일로 - 기타,승용,남,22세,상해없음,보행자,남,22세,경상
2018051800100638,2018년 5월 18일 22시,금요일,충청북도 청주시 흥덕구 강내면,경상사고,0,0,1,0,차대차 - 추돌,안전운전불이행,건조,맑음,교차로 - 교차로부근,승용,남,59세,상해없음,승용,여,25세,경상
2018051800100674,2018년 5월 18일 23시,금요일,충청북도 청주시 흥덕구 가경동,중상사고,0,2,2,0,차대차 - 측면충돌,신호위반,건조,맑음,교차로 - 교차로안,승용,여,36세,상해없음,승용,남,48세,중상
2018051800100675,2018년 5월 18일 23시,금요일,충청북도 청주시 상당구 용담동,중상사고,0,1,0,0,차대사람 - 횡단중,보행자보호의무위반,건조,맑음,단일로 - 기타,승용,남,54세,상해없음,보행자,남,57세,중상
2018051900100015,2018년 5월 19일 00시,토요일,충청북도 청주시 흥덕구 강내면,경상사고,0,0,4,0,차대차 - 측면충돌,안전운전불이행,건조,맑음,교차로 - 교차로부근,승용,남,51세,상해없음,승용,남,34세,경상
2018051900100041,2018년 5월 19일 01시,토요일,충청북도 음성군 삼성면,경상사고,0,0,1,0,차대차 - 측면충돌,안전운전불이행,건조,맑음,교차로 - 교차로부근,이륜,남,40세,상해없음,승용,남,36세,경상
2018051900100210,2018년 5월 19일 10시,토요일,충청북도 제천시 중앙로1가,경상사고,0,0,2,0,차대차 - 기타,신호위반,건조,맑음,교차로 - 교차로안,승용,남,46세,상해없음,승용,남,45세,경상
2018051900100211,2018년 5월 19일 10시,토요일,충청북도 괴산군 괴산읍,경상사고,0,0,1,0,차대차 - 측면충돌,직진우회전진행방해,건조,맑음,교차로 - 교차로안,승용,남,66세,상해없음,승용,남,71세,경상
2018051900100260,2018년 5월 19일 11시,토요일,충청북도 청주시 흥덕구 문암동,중상사고,0,1,0,0,차대차 - 기타,교차로운행방법위반,건조,맑음,교차로 - 교차로부근,승용,여,43세,중상,건설기계,남,69세,상해없음
2018051900100261,2018년 5월 19일 11시,토요일,충청북도 청주시 상당구 용암동,부상신고사고,0,0,0,1,차대차 - 측면충돌,중앙선침범,건조,맑음,단일로 - 기타,자전거,남,10세,부상신고,승용,남,32세,상해없음
2018051900100291,2018년 5월 19일 12시,토요일,충청북도 청주시 상당구 북문로2가동,경상사고,0,0,1,0,차대차 - 추돌,안전운전불이행,건조,맑음,단일로 - 기타,승용,여,28세,상해없음,승용,여,43세,경상
2018051900100292,2018년 5월 19일 12시,토요일,충청북도 제천시 중앙로2가,경상사고,0,0,1,0,차대사람 - 기타,안전운전불이행,건조,맑음,교차로 - 교차로안,승용,여,32세,상해없음,보행자,여,71세,경상
2018051900100293,2018년 5월 19일 12시,토요일,충청북도 청주시 흥덕구 복대동,경상사고,0,0,1,0,차대차 - 측면충돌,안전운전불이행,건조,맑음,단일로 - 기타,승용,남,62세,상해없음,자전거,남,15세,경상
2018051900100294,2018년 5월 19일 12시,토요일,충청북도 청주시 서원구 산남동,중상사고,0,1,1,0,차대차 - 측면충돌,안전운전불이행,건조,맑음,단일로 - 지하차도(도로)내,승용,남,20세,상해없음,승용,남,64세,경상
2018051900100342,2018년 5월 19일 13시,토요일,충청북도 제천시 신월동,경상사고,0,0,1,0,차대차 - 측면충돌,교차로운행방법위반,건조,맑음,교차로 - 교차로안,건설기계,남,56세,상해없음,승용,남,32세,경상
2018051900100343,2018년 5월 19일 13시,토요일,충청북도 진천군 광혜원면,경상사고,0,0,1,0,차대차 - 기타,직진우회전진행방해,건조,맑음,교차로 - 교차로안,화물,남,60세,상해없음,승용,여,34세,경상
2018051900100395,2018년 5월 19일 14시,토요일,충청북도 제천시 서부동,경상사고,0,0,1,0,차대사람 - 기타,안전운전불이행,건조,맑음,단일로 - 기타,승용,남,58세,상해없음,보행자,여,16세,경상
2018051900100396,2018년 5월 19일 14시,토요일,충청북도 청주시 상당구 영운동,경상사고,0,0,1,0,차대차 - 기타,중앙선침범,건조,맑음,교차로 - 교차로안,화물,남,56세,상해없음,이륜,남,47세,경상
2018051900100438,2018년 5월 19일 15시,토요일,충청북도 진천군 진천읍,중상사고,0,1,0,0,차대차 - 추돌,안전운전불이행,건조,맑음,단일로 - 기타,이륜,남,70세,중상,화물,남,64세,상해없음
2018051900100439,2018년 5월 19일 15시,토요일,충청북도 청주시 서원구 분평동,중상사고,0,1,3,0,차대차 - 측면충돌,신호위반,건조,맑음,교차로 - 교차로안,승용,남,28세,상해없음,승용,남,52세,경상
2018051900100474,2018년 5월 19일 16시,토요일,충청북도 청주시 서원구 산남동,경상사고,0,0,2,0,차대차 - 측면충돌,안전운전불이행,건조,맑음,교차로 - 교차로안,승용,남,37세,상해없음,승용,남,48세,경상
2018051900100515,2018년 5월 19일 17시,토요일,충청북도 충주시 교현동,경상사고,0,0,1,0,차대차 - 기타,안전운전불이행,건조,맑음,기타 - 기타,승용,여,56세,상해없음,이륜,남,16세,경상
2018051900100516,2018년 5월 19일 17시,토요일,충청북도 단양군 가곡면,경상사고,0,0,4,0,차대차 - 기타,안전운전불이행,건조,맑음,단일로 - 기타,승용,여,21세,상해없음,승용,남,65세,경상
2018051900100517,2018년 5월 19일 17시,토요일,충청북도 청주시 서원구 현도면,사망사고,1,0,0,0,차량단독 - 기타,안전운전불이행,건조,맑음,단일로 - 기타,농기계,남,82세,사망,,,,
2018051900100518,2018년 5월 19일 17시,토요일,충청북도 청주시 상당구 문화동,경상사고,0,0,1,0,차대차 - 추돌,안전운전불이행,건조,맑음,단일로 - 기타,승용,남,63세,기타불명,승용,남,55세,경상
2018051900100562,2018년 5월 19일 18시,토요일,충청북도 청주시 흥덕구 복대동,경상사고,0,0,3,0,차대차 - 기타,교차로운행방법위반,건조,맑음,교차로 - 교차로안,원동기,남,18세,경상,승용,남,32세,경상
2018051900100563,2018년 5월 19일 18시,토요일,충청북도 청주시 서원구 산남동,경상사고,0,0,1,0,차대차 - 측면충돌,안전운전불이행,건조,맑음,단일로 - 지하차도(도로)내,원동기,남,50세,상해없음,승용,남,30세,상해없음
2018051900100668,2018년 5월 19일 21시,토요일,충청북도 제천시 하소동,중상사고,0,1,3,0,차대차 - 정면충돌,신호위반,건조,맑음,교차로 - 교차로안,승용,여,52세,중상,승용,남,62세,경상