사고번호,사고일시,요일,시군구,사고내용,사망자수,중상자수,경상자수,부상신고자수,사고유형,법규위반,노면상태,기상상태,도로형태,가해운전자 차종,가해운전자 성별,가해운전자 연령,가해운전자 상해정도,피해운전자 차종,피해운전자 성별,피해운전자 연령,피해운전자 상해정도
2018052800100514,2018년 5월 28일 19시,월요일,충청북도 영동군 영동읍,중상사고,0,1,0,0,차량단독 - 전도전복 - 전도,안전운전불이행,건조,맑음,주차장 - 주차장,자전거,남,78세,중상,미분류,미분류,미분류,미분류
2018052800100550,2018년 5월 28일 20시,월요일,충청북도 영동군 용산면,중상사고,0,2,0,0,차대차 - 측면충돌,안전운전불이행,건조,맑음,단일로 - 기타,승용,남,25세,상해없음,건설기계,남,52세,기타불명
2018052800100602,2018년 5월 28일 22시,월요일,충청북도 청주시 흥덕구 오송읍,중상사고,0,1,0,0,차대사람 - 기타,안전운전불이행,건조,맑음,단일로 - 기타,화물,남,45세,상해없음,보행자,남,38세,중상
2018052800100603,2018년 5월 28일 22시,월요일,충청북도 청주시 서원구 분평동,중상사고,0,1,0,0,차대차 - 측면충돌,안전운전불이행,건조,맑음,교차로 - 교차로부근,원동기,남,17세,중상,승용,남,37세,상해없음
2018052900100025,2018년 5월 29일 02시,화요일,충청북도 충주시 연수동,경상사고,0,0,2,0,차대차 - 기타,안전운전불이행,건조,맑음,단일로 - 기타,승용,여,36세,상해없음,승용,남,67세,경상
2018052900100030,2018년 5월 29일 04시,화요일,충청북도 충주시 단월동,경상사고,0,0,1,0,차대차 - 기타,안전거리미확보,건조,맑음,단일로 - 기타,승용,남,22세,상해없음,승용,남,24세,경상
2018052900100100,2018년 5월 29일 08시,화요일,충청북도 청주시 흥덕구 봉명동,경상사고,0,0,1,0,차대차 - 추돌,안전운전불이행,건조,맑음,단일로 - 기타,승용,남,69세,상해없음,승용,여,43세,경상
2018052900100166,2018년 5월 29일 10시,화요일,충청북도 영동군 영동읍,중상사고,0,1,0,0,차대사람 - 차도통행중,안전운전불이행,건조,맑음,교차로 - 교차로안,화물,남,28세,상해없음,보행자,여,80세,중상
2018052900100222,2018년 5월 29일 12시,화요일,충청북도 청주시 흥덕구 복대동,경상사고,0,0,1,0,차대차 - 측면충돌,차로위반,건조,맑음,단일로 - 기타,승용,남,75세,상해없음,승용,여,56세,경상
2018052900100254,2018년 5월 29일 13시,화요일,충청북도 음성군 대소면,중상사고,0,1,0,0,차대차 - 측면충돌,차로위반,건조,맑음,교차로 - 교차로부근,개인형이동수단(PM),남,70세,중상,승용,남,70세,상해없음
2018052900100255,2018년 5월 29일 13시,화요일,충청북도 청주시 흥덕구 복대동,경상사고,0,0,2,0,차대차 - 기타,안전거리미확보,건조,맑음,단일로 - 기타,승용,남,26세,상해없음,승용,남,57세,경상
2018052900100290,2018년 5월 29일 14시,화요일,충청북도 충주시 칠금동,중상사고,0,1,0,0,차대차 - 추돌,신호위반,건조,맑음,단일로 - 기타,이륜,남,53세,중상,승용,남,51세,상해없음
2018052900100316,2018년 5월 29일 15시,화요일,충청북도 제천시 백운면,경상사고,0,0,1,0,차대차 - 측면충돌,안전운전불이행,건조,맑음,교차로 - 교차로안,이륜,남,83세,경상,승용,남,68세,상해없음
2018052900100317,2018년 5월 29일 15시,화요일,충청북도 단양군 매포읍,경상사고,0,0,1,0,차대차 - 기타,신호위반,건조,맑음,단일로 - 기타,승용,남,86세,상해없음,자전거,남,70세,경상
2018052900100409,2018년 5월 29일 17시,화요일,충청북도 청주시 상당구 문의면,경상사고,0,0,2,0,차대차 - 측면충돌,교차로운행방법위반,건조,맑음,교차로 - 교차로안,승용,남,83세,상해없음,화물,남,69세,경상
2018052900100451,2018년 5월 29일 18시,화요일,충청북도 충주시 연수동,경상사고,0,0,1,0,차대차 - 기타,안전운전불이행,건조,맑음,교차로 - 교차로부근,승용,여,48세,상해없음,자전거,남,15세,경상
2018052900100452,2018년 5월 29일 18시,화요일,충청북도 제천시 청전동,경상사고,0,0,1,0,차대차 - 기타,안전운전불이행,건조,맑음,교차로 - 교차로횡단보도내,승용,여,62세,상해없음,이륜,남,20세,경상
2018052900100487,2018년 5월 29일 19시,화요일,충청북도 청주시 청원구 내덕동,경상사고,0,0,1,0,차대차 - 측면충돌,불법유턴,건조,맑음,교차로 - 교차로안,승용,여,49세,상해없음,이륜,남,27세,경상
2018052900100488,2018년 5월 29일 19시,화요일,충청북도 청주시 흥덕구 복대동,경상사고,0,0,1,0,차대차 - 기타,신호위반,건조,맑음,교차로 - 교차로횡단보도내,승용,남,25세,상해없음,자전거,남,8세,경상
2018052900100559,2018년 5월 29일 21시,화요일,충청북도 청주시 청원구 내덕동,중상사고,0,1,0,0,차대차 - 측면충돌,안전운전불이행,건조,맑음,교차로 - 교차로안,승용,남,70세,상해없음,자전거,남,28세,중상
2018052900100560,2018년 5월 29일 21시,화요일,충청북도 청주시 상당구 용암동,중상사고,0,1,0,0,차대차 - 측면충돌,교차로운행방법위반,건조,맑음,교차로 - 교차로안,자전거,남,50세,중상,승용,여,48세,상해없음
2018053000100012,2018년 5월 30일 00시,수요일,충청북도 청주시 흥덕구 신봉동,사망사고,1,0,0,0,차대사람 - 차도통행중,과속,건조,맑음,단일로 - 기타,승용,남,45세,상해없음,보행자,여,39세,사망
2018053000100040,2018년 5월 30일 04시,수요일,충청북도 청주시 흥덕구 송절동,경상사고,0,0,1,0,차대차 - 기타,신호위반,건조,맑음,교차로 - 교차로안,승용,여,35세,상해없음,승용,남,40세,경상
2018053000100066,2018년 5월 30일 06시,수요일,충청북도 청주시 청원구 주중동,경상사고,0,0,1,0,차대차 - 기타,안전운전불이행,건조,맑음,교차로 - 교차로부근,승용,남,50세,상해없음,자전거,남,55세,경상
2018053000100067,2018년 5월 30일 06시,수요일,충청북도 청주시 흥덕구 봉명동,중상사고,0,1,0,1,차대차 - 측면충돌,신호위반,건조,맑음,교차로 - 교차로안,승용,여,47세,부상신고,화물,남,60세,중상
2018053000100091,2018년 5월 30일 07시,수요일,충청북도 청주시 서원구 분평동,경상사고,0,0,2,0,차대차 - 정면충돌,안전운전불이행,건조,맑음,단일로 - 기타,승용,남,65세,상해없음,승용,남,54세,경상
2018053000100189,2018년 5월 30일 10시,수요일,충청북도 제천시 중앙로1가,경상사고,0,0,1,0,차량단독 - 기타,안전운전불이행,건조,맑음,단일로 - 기타,승합,남,48세,상해없음,,,,
2018053000100271,2018년 5월 30일 13시,수요일,충청북도 음성군 대소면,경상사고,0,0,2,0,차대차 - 측면충돌,교차로운행방법위반,건조,맑음,교차로 - 교차로안,승용,남,58세,경상,승용,여,48세,경상
2018053000100272,2018년 5월 30일 13시,수요일,충청북도 청주시 흥덕구 운천동,경상사고,0,0,3,0,차대차 - 기타,교차로운행방법위반,건조,맑음,교차로 - 교차로부근,화물,남,26세,상해없음,승용,남,80세,경상
2018053000100305,2018년 5월 30일 14시,수요일,충청북도 청주시 서원구 남이면,중상사고,0,3,4,0,차대차 - 측면충돌,안전운전불이행,건조,맑음,단일로 - 기타,승용,남,57세,경상,승용,남,37세,경상
2018053000100306,2018년 5월 30일 14시,수요일,충청북도 청주시 흥덕구 가경동,중상사고,0,1,0,0,차대차 - 측면충돌,기타,건조,맑음,단일로 - 기타,승용,남,37세,상해없음,이륜,남,24세,중상
2018053000100363,2018년 5월 30일 15시,수요일,충청북도 청주시 상당구 영운동,경상사고,0,0,4,0,차대차 - 측면충돌,안전운전불이행,건조,맑음,단일로 - 지하차도(도로)내,승용,여,26세,상해없음,승용,남,37세,경상
2018053000100408,2018년 5월 30일 16시,수요일,충청북도 진천군 진천읍,경상사고,0,0,1,0,차량단독 - 전도전복 - 전도,안전운전불이행,건조,맑음,단일로 - 기타,이륜,남,77세,경상,미분류,미분류,미분류,미분류
2018053000100495,2018년 5월 30일 18시,수요일,충청북도 청주시 상당구 용암동,중상사고,0,1,0,0,차대사람 - 횡단중,기타,건조,맑음,단일로 - 기타,승합,남,57세,상해없음,보행자,여,14세,중상
2018053000100531,2018년 5월 30일 19시,수요일,충청북도 청주시 서원구 개신동,경상사고,0,0,1,0,차대차 - 기타,안전운전불이행,건조,맑음,단일로 - 기타,승용,남,59세,상해없음,승용,남,36세,경상
2018053000100559,2018년 5월 30일 20시,수요일,충청북도 충주시 앙성면,경상사고,0,0,4,0,차대차 - 기타,직진우회전진행방해,건조,맑음,교차로 - 교차로안,승용,남,56세,경상,승용,남,69세,경상
2018053000100560,2018년 5월 30일 20시,수요일,충청북도 청주시 서원구 죽림동,중상사고,0,1,0,0,차대사람 - 차도통행중,안전운전불이행,건조,맑음,교차로 - 교차로부근,승용,남,59세,상해없음,보행자,남,50세,중상
2018053000100586,2018년 5월 30일 21시,수요일,충청북도 청주시 서원구 개신동,경상사고,0,0,1,0,차대차 - 기타,교차로운행방법위반,건조,맑음,교차로 - 교차로안,화물,남,64세,상해없음,승합,남,50세,상해없음
2018053000100610,2018년 5월 30일 22시,수요일,충청북도 음성군 맹동면,중상사고,0,1,0,0,차대차 - 기타,안전운전불이행,건조,맑음,교차로 - 교차로부근,승용,남,52세,상해없음,이륜,남,19세,중상
2018053100100052,2018년 5월 31일 05시,목요일,충청북도 청주시 청원구 오창읍,경상사고,0,0,1,0,차대차 - 측면충돌,안전거리미확보,건조,맑음,단일로 - 기타,화물,남,48세,상해없음,이륜,남,42세,경상
2018053100100053,2018년 5월 31일 05시,목요일,충청북도 청주시 서원구 분평동,중상사고,0,1,0,0,차대사람 - 횡단중,신호위반,건조,맑음,교차로 - 교차로횡단보도내,승용,남,23세,상해없음,보행자,남,11세,중상
2018053100100054,2018년 5월 31일 05시,목요일,충청북도 청주시 상당구 낭성면,경상사고,0,0,2,0,차대차 - 정면충돌,중앙선침범,건조,맑음,단일로 - 기타,승용,여,55세,상해없음,화물,남,62세,상해없음
2018053100100084,2018년 5월 31일 07시,목요일,충청북도 청주시 흥덕구 지동동,경상사고,0,0,1,0,차대차 - 기타,신호위반,건조,맑음,교차로 - 교차로안,승용,남,23세,상해없음,승용,여,55세,경상
2018053100100085,2018년 5월 31일 07시,목요일,충청북도 청주시 상당구 석교동,중상사고,0,1,2,0,차대차 - 측면충돌,신호위반,건조,맑음,교차로 - 교차로안,승합,남,34세,중상,승용,남,59세,경상
2018053100100139,2018년 5월 31일 08시,목요일,충청북도 청주시 서원구 남이면,중상사고,0,1,0,0,차대차 - 기타,신호위반,건조,맑음,교차로 - 교차로부근,승용,여,49세,상해없음,승용,여,49세,중상
2018053100100140,2018년 5월 31일 08시,목요일,충청북도 청주시 상당구 방서동,경상사고,0,0,1,0,차대사람 - 기타,안전운전불이행,건조,맑음,단일로 - 기타,승합,남,50세,상해없음,보행자,여,54세,경상
2018053100100203,2018년 5월 31일 09시,목요일,충청북도 청주시 상당구 가덕면,경상사고,0,0,2,0,차대차 - 측면충돌,안전운전불이행,건조,맑음,교차로 - 교차로안,승용,여,48세,경상,승용,여,61세,경상
2018053100100230,2018년 5월 31일 10시,목요일,충청북도 청주시 상당구 북문로1가동,경상사고,0,0,1,0,차대사람 - 기타,안전운전불이행,건조,맑음,주차장 - 주차장,승용,남,51세,상해없음,보행자,남,47세,경상
2018053100100231,2018년 5월 31일 10시,목요일,충청북도 증평군 증평읍,경상사고,0,0,1,0,차대차 - 측면충돌,과속,건조,맑음,교차로 - 교차로안,승용,남,50세,상해없음,승용,남,33세,경상
2018053100100261,2018년 5월 31일 11시,목요일,충청북도 청주시 청원구 율량동,경상사고,0,0,1,0,차대차 - 기타,안전운전불이행,건조,맑음,교차로 - 교차로안,원동기,남,33세,경상,승용,남,79세,상해없음
2018053100100262,2018년 5월 31일 11시,목요일,충청북도 제천시 흑석동,경상사고,0,0,2,0,차대차 - 추돌,안전거리미확보,건조,맑음,단일로 - 지하차도(도로)내,승용,남,62세,경상,화물,남,72세,상해없음
2018053100100323,2018년 5월 31일 13시,목요일,충청북도 진천군 광혜원면,경상사고,0,0,1,0,차대차 - 측면충돌,차로위반,건조,맑음,단일로 - 기타,화물,남,60세,상해없음,승용,남,64세,경상
2018053100100324,2018년 5월 31일 13시,목요일,충청북도 청주시 흥덕구 복대동,경상사고,0,0,1,0,차대차 - 기타,교차로운행방법위반,건조,맑음,교차로 - 교차로안,승용,남,77세,상해없음,승용,남,28세,경상
2018053100100325,2018년 5월 31일 13시,목요일,충청북도 청주시 상당구 용담동,중상사고,0,1,0,0,차대차 - 측면충돌,안전운전불이행,건조,맑음,단일로 - 지하차도(도로)내,승용,남,55세,상해없음,자전거,여,57세,중상
2018053100100353,2018년 5월 31일 14시,목요일,충청북도 청주시 서원구 수곡동,경상사고,0,0,2,0,차대차 - 측면충돌,안전운전불이행,건조,맑음,교차로 - 교차로안,승합,남,66세,상해없음,승용,남,25세,경상
2018053100100397,2018년 5월 31일 15시,목요일,충청북도 충주시 교현동,경상사고,0,0,1,0,차대차 - 추돌,안전운전불이행,건조,맑음,단일로 - 기타,승용,남,46세,상해없음,승용,남,33세,경상
2018053100100398,2018년 5월 31일 15시,목요일,충청북도 충주시 연수동,중상사고,0,1,0,0,차대사람 - 횡단중,보행자보호의무위반,건조,맑음,교차로 - 교차로횡단보도내,승용,여,58세,상해없음,보행자,여,64세,중상
2018053100100440,2018년 5월 31일 16시,목요일,충청북도 충주시 금릉동,경상사고,0,0,1,0,차대차 - 측면충돌,안전운전불이행,건조,맑음,교차로 - 교차로안,화물,남,55세,상해없음,승용,남,71세,경상
2018053100100441,2018년 5월 31일 16시,목요일,충청북도 제천시 청전동,경상사고,0,0,3,0,차대차 - 기타,중앙선침범,건조,맑음,교차로 - 교차로부근,승용,남,28세,상해없음,승용,남,63세,경상
2018053100100487,2018년 5월 31일 17시,목요일,충청북도 충주시 용산동,경상사고,0,0,2,0,차대차 - 측면충돌,안전운전불이행,건조,맑음,기타 - 기타,승용,남,43세,경상,승용,여,53세,경상
2018053100100488,2018년 5월 31일 17시,목요일,충청북도 청주시 상당구 용암동,중상사고,0,1,0,0,차대사람 - 기타,안전운전불이행,건조,맑음,교차로 - 교차로횡단보도내,화물,남,34세,상해없음,보행자,여,72세,중상
2018053100100533,2018년 5월 31일 18시,목요일,충청북도 청주시 청원구 북이면,경상사고,0,0,1,0,차대차 - 기타,안전운전불이행,건조,맑음,교차로 - 교차로안,기타불명,기타불명,미분류,기타불명,승용,남,44세,상해없음
2018053100100534,2018년 5월 31일 18시,목요일,충청북도 충주시 교현동,경상사고,0,0,1,0,차대차 - 기타,안전운전불이행,건조,맑음,교차로 - 교차로안,승용,여,61세,상해없음,자전거,남,22세,경상
2018053100100535,2018년 5월 31일 18시,목요일,충청북도 충주시 교현동,경상사고,0,0,2,1,차대차 - 추돌,안전운전불이행,건조,맑음,교차로 - 교차로안,이륜,남,17세,부상신고,이륜,남,18세,경상
2018053100100639,2018년 5월 31일 21시,목요일,충청북도 청주시 청원구 사천동,경상사고,0,0,1,0,차대차 - 기타,안전운전불이행,건조,맑음,단일로 - 기타,승용,남,57세,상해없음,승용,여,48세,경상
2018053100100640,2018년 5월 31일 21시,목요일,충청북도 청주시 청원구 오창읍,경상사고,0,0,1,0,차대사람 - 기타,보행자보호의무위반,건조,맑음,교차로 - 교차로안,승용,남,66세,상해없음,보행자,여,14세,경상
2018053100100641,2018년 5월 31일 21시,목요일,충청북도 괴산군 괴산읍,경상사고,0,0,1,0,차대사람 - 기타,안전운전불이행,건조,맑음,단일로 - 기타,화물,남,53세,상해없음,보행자,여,52세,경상
2018053100100642,2018년 5월 31일 21시,목요일,충청북도 청주시 흥덕구 가경동,경상사고,0,0,4,0,차대차 - 측면충돌,신호위반,건조,맑음,교차로 - 교차로부근,승용,여,52세,상해없음,승용,남,72세,경상
2018053100100695,2018년 5월 31일 23시,목요일,충청북도 청주시 서원구 사창동,경상사고,0,0,1,0,차대차 - 기타,안전거리미확보,건조,맑음,단일로 - 기타,승용,남,23세,상해없음,승합,남,37세,상해없음
2018053100100696,2018년 5월 31일 23시,목요일,충청북도 음성군 삼성면,경상사고,0,0,1,0,차량단독 - 공작물충돌,안전운전불이행,건조,맑음,교차로 - 교차로부근,승용,남,35세,경상,,,,
2018053100100697,2018년 5월 31일 23시,목요일,충청북도 청주시 서원구 수곡동,중상사고,0,1,0,0,차대차 - 측면충돌,안전운전불이행,건조,맑음,단일로 - 지하차도(도로)내,자전거,남,47세,중상,승용,남,39세,기타불명
2018060100100040,2018년 6월 1일 02시,금요일,충청북도 충주시 문화동,경상사고,0,0,1,0,차대차 - 정면충돌,중앙선침범,건조,맑음,단일로 - 기타,승용,남,30세,상해없음,승용,남,58세,경상
2018060100100060,2018년 6월 1일 04시,금요일,충청북도 충주시 단월동,경상사고,0,0,2,0,차대사람 - 기타,안전운전불이행,건조,맑음,단일로 - 기타,승용,남,22세,상해없음,보행자,남,25세,경상
2018060100100124,2018년 6월 1일 08시,금요일,충청북도 청주시 흥덕구 봉명동,부상신고사고,0,0,0,1,차대차 - 기타,안전운전불이행,건조,맑음,교차로 - 교차로안,자전거,남,19세,부상신고,승용,남,48세,상해없음
2018060100100125,2018년 6월 1일 08시,금요일,충청북도 청주시 상당구 석교동,경상사고,0,0,1,0,차대차 - 측면충돌,신호위반,건조,맑음,교차로 - 교차로횡단보도내,자전거,여,65세,경상,승용,여,25세,상해없음
2018060100100126,2018년 6월 1일 08시,금요일,충청북도 청주시 서원구 분평동,경상사고,0,0,2,0,차대차 - 측면충돌,신호위반,건조,맑음,교차로 - 교차로안,승용,여,52세,경상,승용,여,33세,경상
2018060100100177,2018년 6월 1일 09시,금요일,충청북도 음성군 맹동면,경상사고,0,0,1,0,차대차 - 측면충돌,안전운전불이행,건조,맑음,교차로 - 교차로안,승용,남,57세,경상,승용,남,45세,상해없음
2018060100100178,2018년 6월 1일 09시,금요일,충청북도 청주시 서원구 수곡동,경상사고,0,0,1,0,차대차 - 기타,안전운전불이행,건조,맑음,교차로 - 교차로부근,승용,여,30세,상해없음,승합,남,61세,상해없음
2018060100100241,2018년 6월 1일 11시,금요일,충청북도 보은군 보은읍,중상사고,0,2,2,0,차대차 - 추돌,안전운전불이행,건조,맑음,단일로 - 지하차도(도로)내,승합,남,50세,상해없음,승용,남,75세,중상
2018060100100242,2018년 6월 1일 11시,금요일,충청북도 음성군 음성읍,중상사고,0,3,1,0,차대차 - 정면충돌,중앙선침범,건조,맑음,교차로 - 교차로부근,승용,남,78세,경상,승용,남,65세,중상
2018060100100338,2018년 6월 1일 14시,금요일,충청북도 충주시 대소원면,중상사고,0,1,0,0,차대차 - 정면충돌,신호위반,건조,맑음,단일로 - 기타,특수,남,51세,상해없음,승용,여,49세,중상
2018060100100426,2018년 6월 1일 16시,금요일,충청북도 청주시 서원구 개신동,중상사고,0,1,0,0,차대사람 - 횡단중,안전운전불이행,건조,맑음,단일로 - 기타,승용,남,63세,기타불명,보행자,여,48세,중상
2018060100100522,2018년 6월 1일 18시,금요일,충청북도 괴산군 괴산읍,경상사고,0,0,1,0,차대차 - 측면충돌,안전운전불이행,건조,맑음,교차로 - 교차로안,승용,여,48세,경상,승용,남,47세,상해없음
2018060100100610,2018년 6월 1일 20시,금요일,충청북도 청주시 흥덕구 복대동,중상사고,0,1,2,0,차대차 - 측면충돌,안전운전불이행,건조,맑음,교차로 - 교차로안,이륜,남,52세,중상,승용,남,21세,경상
2018060100100636,2018년 6월 1일 21시,금요일,충청북도 청주시 청원구 율량동,경상사고,0,0,3,0,차대차 - 기타,신호위반,건조,맑음,교차로 - 교차로안,승용,여,44세,경상,승합,남,63세,경상
2018060100100637,2018년 6월 1일 21시,금요일,충청북도 충주시 성남동,경상사고,0,0,2,0,차대차 - 기타,안전운전불이행,건조,맑음,교차로 - 교차로안,승용,남,49세,상해없음,승용,여,43세,경상
2018060100100638,2018년 6월 1일 21시,금요일,충청북도 음성군 음성읍,중상사고,0,1,1,0,차대차 - 추돌,안전거리미확보,건조,맑음,교차로 - 교차로부근,승용,남,53세,상해없음,승용,여,55세,경상
2018060100100674,2018년 6월 1일 22시,금요일,충청북도 청주시 청원구 오창읍,중상사고,0,2,1,0,차대차 - 기타,신호위반,건조,맑음,교차로 - 교차로안,승용,남,36세,상해없음,승용,남,27세,중상
2018060100100675,2018년 6월 1일 22시,금요일,충청북도 진천군 진천읍,경상사고,0,0,3,0,차대차 - 기타,안전거리미확보,건조,기타,교차로 - 교차로부근,승용,여,57세,상해없음,승용,남,27세,경상
2018060100100676,2018년 6월 1일 22시,금요일,충청북도 청주시 흥덕구 가경동,경상사고,0,0,2,0,차대차 - 측면충돌,신호위반,건조,맑음,교차로 - 교차로안,이륜,남,32세,경상,이륜,남,51세,경상
2018060100100677,2018년 6월 1일 22시,금요일,충청북도 청주시 서원구 분평동,경상사고,0,0,1,0,차대사람 - 기타,안전운전불이행,기타,맑음,미분류 - 미분류,자전거,남,8세,상해없음,보행자,여,7세,경상
2018060100100715,2018년 6월 1일 23시,금요일,충청북도 청주시 흥덕구 봉명동,경상사고,0,0,1,0,차대사람 - 기타,안전운전불이행,건조,맑음,단일로 - 기타,승용,남,29세,상해없음,보행자,남,47세,경상
2018060200100028,2018년 6월 2일 01시,토요일,충청북도 청주시 청원구 오창읍,중상사고,0,2,5,0,차대차 - 기타,신호위반,건조,맑음,교차로 - 교차로안,승용,남,33세,경상,승용,남,34세,중상
2018060200100029,2018년 6월 2일 01시,토요일,충청북도 충주시 노은면,경상사고,0,0,1,0,차대차 - 추돌,안전운전불이행,건조,맑음,단일로 - 기타,승용,여,36세,경상,승용,여,52세,상해없음
2018060200100090,2018년 6월 2일 06시,토요일,충청북도 진천군 이월면,경상사고,0,0,2,0,차대차 - 측면충돌,과속,건조,맑음,단일로 - 기타,승용,남,27세,경상,승용,남,29세,경상
2018060200100091,2018년 6월 2일 06시,토요일,충청북도 청주시 흥덕구 외북동,중상사고,0,1,0,0,차대차 - 측면충돌,안전운전불이행,건조,맑음,교차로 - 교차로부근,이륜,남,28세,중상,승용,여,43세,상해없음
2018060200100104,2018년 6월 2일 07시,토요일,충청북도 보은군 보은읍,중상사고,0,1,0,0,차대차 - 추돌,교차로운행방법위반,건조,맑음,교차로 - 교차로부근,승용,여,58세,상해없음,이륜,여,50세,중상
2018060200100181,2018년 6월 2일 10시,토요일,충청북도 충주시 연수동,중상사고,0,1,1,0,차대차 - 기타,기타,건조,맑음,단일로 - 기타,승용,남,29세,상해없음,화물,남,54세,상해없음
2018060200100269,2018년 6월 2일 12시,토요일,충청북도 청주시 청원구 오창읍,경상사고,0,0,4,0,차대차 - 측면충돌,직진우회전진행방해,건조,맑음,교차로 - 교차로안,승용,남,37세,경상,화물,남,23세,경상
2018060200100270,2018년 6월 2일 12시,토요일,충청북도 괴산군 소수면,중상사고,0,1,0,0,차량단독 - 공작물충돌,안전운전불이행,건조,맑음,단일로 - 기타,이륜,남,52세,중상,,,,
2018060200100271,2018년 6월 2일 12시,토요일,충청북도 음성군 대소면,경상사고,0,0,1,0,차대차 - 측면충돌,안전운전불이행,건조,맑음,교차로 - 교차로부근,화물,남,61세,상해없음,이륜,남,44세,경상
2018060200100272,2018년 6월 2일 12시,토요일,충청북도 옥천군 옥천읍,중상사고,0,1,0,0,차대차 - 정면충돌,신호위반,건조,맑음,교차로 - 교차로안,승합,여,46세,상해없음,화물,남,68세,중상
2018060200100273,2018년 6월 2일 12시,토요일,충청북도 청주시 흥덕구 봉명동,경상사고,0,0,1,0,차대차 - 정면충돌,중앙선침범,건조,맑음,교차로 - 교차로안,승용,남,63세,상해없음,승용,남,55세,경상
2018060200100274,2018년 6월 2일 12시,토요일,충청북도 청주시 흥덕구 석소동,중상사고,0,2,0,0,차대차 - 측면충돌,안전운전불이행,건조,맑음,단일로 - 기타,화물,남,49세,상해없음,승용,남,47세,중상
2018060200100311,2018년 6월 2일 13시,토요일,충청북도 충주시 목행동,경상사고,0,0,3,0,차대차 - 기타,안전거리미확보,건조,맑음,단일로 - 기타,승용,남,54세,경상,승용,남,47세,경상
2018060200100312,2018년 6월 2일 13시,토요일,충청북도 음성군 맹동면,중상사고,0,1,0,0,차대차 - 측면충돌,안전운전불이행,건조,맑음,교차로 - 교차로부근,이륜,여,57세,중상,승합,남,55세,상해없음
2018060200100313,2018년 6월 2일 13시,토요일,충청북도 청주시 흥덕구 가경동,경상사고,0,0,5,0,차대차 - 측면충돌,안전운전불이행,건조,맑음,단일로 - 기타,승용,남,56세,상해없음,승용,여,33세,경상
2018060200100356,2018년 6월 2일 14시,토요일,충청북도 옥천군 옥천읍,경상사고,0,0,1,0,차대차 - 후진중충돌,안전운전불이행,건조,맑음,단일로 - 기타,화물,남,66세,상해없음,승용,여,55세,경상
2018060200100400,2018년 6월 2일 15시,토요일,충청북도 제천시 봉양읍,경상사고,0,0,2,2,차대차 - 측면충돌,안전운전불이행,건조,맑음,단일로 - 기타,승용,남,72세,상해없음,화물,남,27세,상해없음
2018060200100401,2018년 6월 2일 15시,토요일,충청북도 제천시 청풍면,경상사고,0,0,1,0,차대사람 - 횡단중,안전운전불이행,건조,맑음,기타 - 기타,승용,남,40세,상해없음,보행자,여,65세,경상
2018060200100444,2018년 6월 2일 16시,토요일,충청북도 충주시 금가면,경상사고,0,0,3,0,차대차 - 기타,안전거리미확보,건조,맑음,단일로 - 기타,화물,남,47세,상해없음,승용,여,65세,경상
2018060200100445,2018년 6월 2일 16시,토요일,충청북도 제천시 명동,경상사고,0,0,1,0,차대차 - 측면충돌,안전운전불이행,건조,맑음,단일로 - 기타,승용,남,67세,상해없음,승용,여,27세,경상
2018060200100446,2018년 6월 2일 16시,토요일,충청북도 청주시 서원구 사창동,경상사고,0,0,1,0,차대차 - 기타,안전운전불이행,건조,맑음,단일로 - 기타,승용,남,56세,상해없음,이륜,남,42세,경상
2018060200100505,2018년 6월 2일 17시,토요일,충청북도 청주시 청원구 내수읍,중상사고,0,1,2,0,차대차 - 측면충돌,신호위반,건조,맑음,교차로 - 교차로부근,승용,남,67세,경상,승용,남,48세,중상
2018060200100506,2018년 6월 2일 17시,토요일,충청북도 청주시 흥덕구 운천동,경상사고,0,0,2,0,차대차 - 기타,안전운전불이행,건조,맑음,단일로 - 기타,승용,남,51세,상해없음,승용,남,19세,경상
2018060200100507,2018년 6월 2일 17시,토요일,충청북도 청주시 서원구 미평동,경상사고,0,0,2,0,차대차 - 측면충돌,안전운전불이행,건조,맑음,교차로 - 교차로부근,건설기계,남,66세,상해없음,승용,남,55세,경상
2018060200100558,2018년 6월 2일 18시,토요일,충청북도 제천시 화산동,중상사고,0,1,1,0,차대차 - 측면충돌,안전운전불이행,건조,맑음,단일로 - 기타,승용,남,52세,경상,승용,남,81세,중상
2018060200100559,2018년 6월 2일 18시,토요일,충청북도 보은군 회인면,중상사고,0,1,0,0,차대사람 - 길가장자리구역통행중,교차로운행방법위반,건조,맑음,교차로 - 교차로안,화물,남,62세,상해없음,보행자,여,85세,중상
2018060200100560,2018년 6월 2일 18시,토요일,충청북도 청주시 흥덕구 가경동,중상사고,0,1,0,0,차대차 - 측면충돌,신호위반,건조,맑음,교차로 - 교차로안,승용,여,45세,상해없음,이륜,남,53세,중상
2018060200100646,2018년 6월 2일 21시,토요일,충청북도 제천시 동현동,경상사고,0,0,2,0,차대차 - 추돌,안전운전불이행,건조,맑음,교차로 - 교차로부근,승용,남,53세,상해없음,승용,남,42세,경상
2018060200100647,2018년 6월 2일 21시,토요일,충청북도 보은군 내북면,사망사고,1,0,0,0,차대사람 - 길가장자리구역통행중,안전운전불이행,건조,맑음,단일로 - 지하차도(도로)내,화물,남,60세,상해없음,보행자,여,76세,사망