사고번호,사고일시,요일,시군구,사고내용,사망자수,중상자수,경상자수,부상신고자수,사고유형,법규위반,노면상태,기상상태,도로형태,가해운전자 차종,가해운전자 성별,가해운전자 연령,가해운전자 상해정도,피해운전자 차종,피해운전자 성별,피해운전자 연령,피해운전자 상해정도
2018060200100648,2018년 6월 2일 21시,토요일,충청북도 청주시 상당구 용암동,경상사고,0,0,1,0,차대차 - 정면충돌,안전운전불이행,건조,맑음,단일로 - 지하차도(도로)내,승용,여,39세,상해없음,이륜,남,19세,경상
2018060200100677,2018년 6월 2일 22시,토요일,충청북도 청주시 흥덕구 복대동,경상사고,0,0,2,0,차대차 - 측면충돌,안전운전불이행,건조,맑음,단일로 - 기타,승용,남,40세,상해없음,승용,남,22세,경상
2018060200100678,2018년 6월 2일 22시,토요일,충청북도 청주시 상당구 용정동,경상사고,0,0,2,0,차대차 - 정면충돌,안전운전불이행,건조,맑음,교차로 - 교차로안,승용,남,48세,상해없음,승용,여,48세,경상
2018060300100020,2018년 6월 3일 01시,일요일,충청북도 청주시 서원구 개신동,경상사고,0,0,1,0,차대사람 - 횡단중,신호위반,건조,맑음,교차로 - 교차로횡단보도내,승용,남,56세,상해없음,보행자,남,52세,경상
2018060300100065,2018년 6월 3일 05시,일요일,충청북도 음성군 삼성면,경상사고,0,0,1,0,차대차 - 정면충돌,중앙선침범,건조,맑음,교차로 - 교차로부근,승용,남,40세,상해없음,승용,여,50세,경상
2018060300100139,2018년 6월 3일 10시,일요일,충청북도 제천시 덕산면,중상사고,0,1,2,0,차대차 - 측면충돌,안전운전불이행,건조,맑음,기타 - 기타,이륜,남,37세,경상,이륜,남,42세,중상
2018060300100162,2018년 6월 3일 11시,일요일,충청북도 충주시 문화동,경상사고,0,0,4,0,차대차 - 측면충돌,신호위반,건조,맑음,교차로 - 교차로부근,승용,여,46세,경상,승용,남,36세,경상
2018060300100163,2018년 6월 3일 11시,일요일,충청북도 청주시 흥덕구 송정동,중상사고,0,2,1,0,차대차 - 측면충돌,안전운전불이행,건조,맑음,단일로 - 기타,승용,남,66세,중상,화물,남,49세,경상
2018060300100184,2018년 6월 3일 12시,일요일,충청북도 괴산군 괴산읍,중상사고,0,1,1,0,차대차 - 측면충돌,안전운전불이행,건조,맑음,단일로 - 기타,승용,남,73세,상해없음,승용,여,72세,중상
2018060300100185,2018년 6월 3일 12시,일요일,충청북도 단양군 영춘면,부상신고사고,0,0,0,1,차량단독 - 도로외이탈 - 기타,안전운전불이행,건조,맑음,단일로 - 기타,화물,남,58세,부상신고,,,,
2018060300100278,2018년 6월 3일 15시,일요일,충청북도 청주시 흥덕구 옥산면,중상사고,0,1,0,0,차량단독 - 공작물충돌,안전운전불이행,건조,맑음,단일로 - 기타,승용,남,73세,중상,,,,
2018060300100279,2018년 6월 3일 15시,일요일,충청북도 청주시 상당구 서운동,경상사고,0,0,4,0,차대차 - 기타,신호위반,건조,맑음,교차로 - 교차로안,승용,남,47세,상해없음,승용,남,35세,경상
2018060300100302,2018년 6월 3일 16시,일요일,충청북도 음성군 삼성면,경상사고,0,0,1,0,차대차 - 추돌,안전운전불이행,건조,맑음,교차로 - 교차로안,화물,남,57세,상해없음,승용,여,53세,경상
2018060300100303,2018년 6월 3일 16시,일요일,충청북도 청주시 흥덕구 복대동,경상사고,0,0,1,0,차대차 - 기타,교차로운행방법위반,건조,맑음,교차로 - 교차로안,승용,여,50세,상해없음,이륜,남,18세,경상
2018060300100304,2018년 6월 3일 16시,일요일,충청북도 청주시 서원구 남이면,경상사고,0,0,1,0,차대차 - 측면충돌,안전운전불이행,건조,맑음,교차로 - 교차로부근,승용,남,53세,상해없음,승용,남,54세,경상
2018060300100305,2018년 6월 3일 16시,일요일,충청북도 청주시 서원구 산남동,경상사고,0,0,1,0,차대차 - 기타,교차로운행방법위반,건조,맑음,교차로 - 교차로안,이륜,남,16세,경상,승용,남,45세,상해없음
2018060300100340,2018년 6월 3일 17시,일요일,충청북도 청주시 서원구 사창동,경상사고,0,0,1,0,차대차 - 추돌,안전운전불이행,건조,맑음,교차로 - 교차로안,승용,여,34세,상해없음,승용,여,73세,경상
2018060300100374,2018년 6월 3일 18시,일요일,충청북도 충주시 문화동,부상신고사고,0,0,0,1,차대차 - 기타,안전운전불이행,건조,맑음,단일로 - 기타,원동기,남,19세,부상신고,승용,남,66세,상해없음
2018060300100375,2018년 6월 3일 18시,일요일,충청북도 증평군 증평읍,중상사고,0,1,0,0,차대차 - 기타,안전운전불이행,건조,맑음,단일로 - 기타,화물,남,49세,상해없음,이륜,남,73세,중상
2018060300100376,2018년 6월 3일 18시,일요일,충청북도 청주시 상당구 석교동,중상사고,0,1,0,0,차대차 - 측면충돌,신호위반,건조,맑음,교차로 - 교차로안,화물,남,65세,상해없음,이륜,남,20세,중상
2018060300100406,2018년 6월 3일 19시,일요일,충청북도 제천시 금성면,중상사고,0,1,2,0,차량단독 - 공작물충돌,안전운전불이행,건조,맑음,단일로 - 기타,승용,남,55세,경상,,,,
2018060300100407,2018년 6월 3일 19시,일요일,충청북도 단양군 매포읍,경상사고,0,0,1,0,차대차 - 측면충돌,안전운전불이행,건조,맑음,단일로 - 기타,승용,남,60세,상해없음,화물,남,22세,경상
2018060300100463,2018년 6월 3일 21시,일요일,충청북도 진천군 광혜원면,중상사고,0,1,0,0,차대차 - 정면충돌,안전운전불이행,건조,맑음,교차로 - 교차로안,승용,남,21세,상해없음,화물,남,47세,중상
2018060300100465,2018년 6월 3일 21시,일요일,충청북도 청주시 서원구 수곡동,경상사고,0,0,3,0,차대차 - 측면충돌,교차로운행방법위반,건조,맑음,교차로 - 교차로안,이륜,남,25세,경상,승용,남,56세,경상
2018060300100490,2018년 6월 3일 22시,일요일,충청북도 청주시 상당구 용암동,중상사고,0,2,1,0,차대차 - 측면충돌,중앙선침범,건조,맑음,단일로 - 지하차도(도로)내,승용,남,23세,상해없음,승용,남,51세,경상
2018060300100491,2018년 6월 3일 22시,일요일,충청북도 청주시 상당구 용담동,경상사고,0,0,1,0,차대사람 - 횡단중,보행자보호의무위반,건조,맑음,교차로 - 교차로횡단보도내,승용,남,59세,상해없음,보행자,남,43세,경상
2018060300100506,2018년 6월 3일 23시,일요일,충청북도 청주시 흥덕구 복대동,경상사고,0,0,1,0,차대차 - 기타,안전운전불이행,건조,맑음,단일로 - 기타,승용,여,35세,상해없음,승용,남,45세,경상
2018060400100018,2018년 6월 4일 03시,월요일,충청북도 진천군 진천읍,사망사고,1,0,0,0,차량단독 - 도로외이탈 - 추락,안전운전불이행,건조,맑음,단일로 - 기타,특수,남,28세,사망,,,,
2018060400100024,2018년 6월 4일 04시,월요일,충청북도 청주시 흥덕구 옥산면,사망사고,1,2,0,1,차대차 - 측면충돌,신호위반,건조,맑음,교차로 - 교차로안,승용,여,57세,부상신고,화물,남,52세,중상
2018060400100036,2018년 6월 4일 05시,월요일,충청북도 청주시 흥덕구 강서동,경상사고,0,0,1,0,차대차 - 측면충돌,신호위반,건조,맑음,교차로 - 교차로안,승용,남,49세,상해없음,승용,남,28세,경상
2018060400100048,2018년 6월 4일 06시,월요일,충청북도 충주시 엄정면,중상사고,0,2,0,0,차대차 - 기타,중앙선침범,건조,맑음,단일로 - 기타,승용,남,33세,상해없음,승용,남,50세,중상
2018060400100077,2018년 6월 4일 07시,월요일,충청북도 청주시 흥덕구 복대동,중상사고,0,1,0,0,차대사람 - 기타,보행자보호의무위반,건조,맑음,교차로 - 교차로횡단보도내,승용,남,35세,상해없음,보행자,여,62세,중상
2018060400100132,2018년 6월 4일 08시,월요일,충청북도 청주시 청원구 주중동,경상사고,0,0,2,0,차대차 - 기타,안전운전불이행,건조,맑음,교차로 - 교차로안,승용,여,63세,경상,승용,남,30세,경상
2018060400100133,2018년 6월 4일 08시,월요일,충청북도 청주시 상당구 문의면,경상사고,0,0,1,0,차대차 - 정면충돌,안전운전불이행,건조,맑음,교차로 - 교차로부근,건설기계,남,55세,상해없음,화물,남,69세,상해없음
2018060400100175,2018년 6월 4일 09시,월요일,충청북도 진천군 진천읍,경상사고,0,0,1,0,차대차 - 추돌,안전거리미확보,건조,맑음,교차로 - 교차로부근,화물,남,57세,상해없음,승용,남,41세,경상
2018060400100176,2018년 6월 4일 09시,월요일,충청북도 청주시 흥덕구 오송읍,중상사고,0,1,0,0,차대차 - 기타,교차로운행방법위반,건조,맑음,교차로 - 교차로안,승용,여,72세,상해없음,이륜,남,59세,중상
2018060400100209,2018년 6월 4일 10시,월요일,충청북도 제천시 영천동,중상사고,0,1,0,0,차대차 - 측면충돌,안전운전불이행,건조,맑음,교차로 - 교차로부근,승용,남,59세,상해없음,자전거,남,71세,중상
2018060400100210,2018년 6월 4일 10시,월요일,충청북도 보은군 회인면,경상사고,0,0,2,0,차대차 - 추돌,안전운전불이행,건조,맑음,단일로 - 지하차도(도로)내,화물,남,68세,경상,승합,남,53세,상해없음
2018060400100241,2018년 6월 4일 11시,월요일,충청북도 증평군 증평읍,경상사고,0,0,1,0,차대차 - 측면충돌,안전운전불이행,건조,맑음,교차로 - 교차로안,승용,여,65세,상해없음,승용,남,47세,상해없음
2018060400100242,2018년 6월 4일 11시,월요일,충청북도 옥천군 청성면,중상사고,0,1,0,0,차대차 - 측면충돌,안전거리미확보,건조,맑음,단일로 - 기타,원동기,남,78세,중상,승용,남,68세,상해없음
2018060400100243,2018년 6월 4일 11시,월요일,충청북도 청주시 서원구 수곡동,중상사고,0,1,0,0,차대사람 - 횡단중,보행자보호의무위반,건조,맑음,교차로 - 교차로횡단보도내,승용,남,38세,상해없음,보행자,여,57세,중상
2018060400100244,2018년 6월 4일 11시,월요일,충청북도 청주시 서원구 장암동,경상사고,0,0,1,0,차대차 - 후진중충돌,안전운전불이행,건조,맑음,단일로 - 지하차도(도로)내,건설기계,남,62세,상해없음,이륜,남,81세,경상
2018060400100245,2018년 6월 4일 11시,월요일,충청북도 청주시 상당구 가덕면,중상사고,0,1,1,0,차대차 - 추돌,안전운전불이행,건조,맑음,교차로 - 교차로안,승용,여,61세,중상,승용,여,64세,경상
2018060400100273,2018년 6월 4일 12시,월요일,충청북도 음성군 감곡면,경상사고,0,0,2,0,차대차 - 후진중충돌,안전운전불이행,건조,맑음,단일로 - 기타,화물,남,46세,상해없음,승용,여,30세,경상
2018060400100310,2018년 6월 4일 13시,월요일,충청북도 단양군 단양읍,경상사고,0,0,1,0,차대사람 - 기타,안전운전불이행,건조,맑음,단일로 - 기타,승용,남,34세,상해없음,보행자,남,47세,경상
2018060400100311,2018년 6월 4일 13시,월요일,충청북도 청주시 흥덕구 가경동,경상사고,0,0,2,1,차대차 - 정면충돌,신호위반,건조,맑음,교차로 - 교차로안,승용,여,24세,부상신고,승용,남,53세,경상
2018060400100312,2018년 6월 4일 13시,월요일,충청북도 청주시 흥덕구 지동동,중상사고,0,1,0,0,차대차 - 추돌,안전거리미확보,건조,맑음,단일로 - 기타,화물,남,25세,중상,건설기계,남,53세,상해없음
2018060400100343,2018년 6월 4일 14시,월요일,충청북도 청주시 상당구 수동,경상사고,0,0,1,0,차대차 - 기타,안전운전불이행,건조,맑음,단일로 - 기타,승용,남,25세,상해없음,승용,여,25세,상해없음
2018060400100344,2018년 6월 4일 14시,월요일,충청북도 청주시 서원구 사직동,경상사고,0,0,1,0,차대차 - 측면충돌,차로위반,건조,맑음,단일로 - 기타,승용,남,57세,상해없음,승용,여,73세,경상
2018060400100345,2018년 6월 4일 14시,월요일,충청북도 충주시 용산동,경상사고,0,0,1,0,차대차 - 기타,안전운전불이행,건조,맑음,교차로 - 교차로안,승용,남,64세,상해없음,승용,여,43세,경상
2018060400100346,2018년 6월 4일 14시,월요일,충청북도 청주시 상당구 남주동,중상사고,0,2,1,0,차대차 - 추돌,신호위반,건조,맑음,교차로 - 교차로안,이륜,남,18세,중상,승용,남,55세,경상
2018060400100453,2018년 6월 4일 17시,월요일,충청북도 충주시 호암동,경상사고,0,0,1,0,차대차 - 기타,중앙선침범,건조,맑음,단일로 - 기타,화물,남,60세,상해없음,승용,남,34세,경상
2018060400100454,2018년 6월 4일 17시,월요일,충청북도 제천시 청전동,경상사고,0,0,1,0,차대차 - 기타,안전운전불이행,건조,맑음,단일로 - 기타,자전거,남,14세,경상,화물,여,46세,상해없음
2018060400100455,2018년 6월 4일 17시,월요일,충청북도 음성군 감곡면,중상사고,0,1,1,0,차대차 - 측면충돌,교차로운행방법위반,건조,맑음,교차로 - 교차로안,승합,남,59세,중상,승합,남,40세,경상
2018060400100456,2018년 6월 4일 17시,월요일,충청북도 음성군 금왕읍,경상사고,0,0,1,0,차대차 - 기타,신호위반,건조,맑음,교차로 - 교차로안,승용,남,39세,상해없음,승용,여,40세,경상
2018060400100457,2018년 6월 4일 17시,월요일,충청북도 진천군 광혜원면,경상사고,0,0,1,0,차대사람 - 기타,안전운전불이행,건조,맑음,기타 - 기타,승용,여,52세,상해없음,보행자,여,69세,경상
2018060400100503,2018년 6월 4일 18시,월요일,충청북도 충주시 달천동,사망사고,1,0,0,0,차량단독 - 기타,안전운전불이행,건조,맑음,단일로 - 기타,이륜,남,67세,사망,,,,
2018060400100504,2018년 6월 4일 18시,월요일,충청북도 충주시 지현동,경상사고,0,0,1,0,차대사람 - 기타,교차로운행방법위반,건조,맑음,교차로 - 교차로안,원동기,남,41세,상해없음,보행자,남,9세,경상
2018060400100505,2018년 6월 4일 18시,월요일,충청북도 청주시 서원구 수곡동,경상사고,0,0,1,0,차대차 - 후진중충돌,안전운전불이행,건조,맑음,단일로 - 지하차도(도로)내,승용,남,76세,상해없음,승용,남,40세,경상
2018060400100566,2018년 6월 4일 20시,월요일,충청북도 청주시 청원구 오창읍,중상사고,0,1,0,0,차대사람 - 기타,안전운전불이행,건조,맑음,교차로 - 교차로부근,승용,남,39세,상해없음,보행자,남,64세,중상
2018060400100567,2018년 6월 4일 20시,월요일,충청북도 충주시 단월동,경상사고,0,0,1,0,차대사람 - 기타,안전운전불이행,건조,맑음,단일로 - 기타,승합,남,53세,상해없음,보행자,여,19세,경상
2018060400100568,2018년 6월 4일 20시,월요일,충청북도 제천시 고암동,중상사고,0,1,0,0,차대차 - 추돌,안전거리미확보,건조,맑음,교차로 - 교차로부근,승용,남,56세,기타불명,기타불명,기타불명,미분류,기타불명
2018060400100596,2018년 6월 4일 21시,월요일,충청북도 청주시 청원구 오창읍,중상사고,0,4,1,0,차대차 - 측면충돌,신호위반,건조,흐림,교차로 - 교차로안,승용,남,26세,경상,승용,남,20세,중상
2018060400100621,2018년 6월 4일 22시,월요일,충청북도 청주시 흥덕구 가경동,중상사고,0,1,2,1,차대차 - 추돌,안전거리미확보,건조,맑음,단일로 - 기타,승용,남,32세,기타불명,승용,남,59세,경상
2018060400100645,2018년 6월 4일 23시,월요일,충청북도 청주시 청원구 오창읍,경상사고,0,0,2,0,차대차 - 측면충돌,교차로운행방법위반,건조,흐림,교차로 - 교차로안,승용,남,23세,상해없음,승용,남,26세,경상
2018060400100646,2018년 6월 4일 23시,월요일,충청북도 청주시 서원구 성화동,중상사고,0,1,0,0,차대차 - 측면충돌,중앙선침범,건조,맑음,단일로 - 기타,화물,남,56세,상해없음,이륜,남,19세,중상
2018060500100063,2018년 6월 5일 06시,화요일,충청북도 음성군 대소면,경상사고,0,0,2,0,차대차 - 측면충돌,안전운전불이행,건조,맑음,교차로 - 교차로안,승용,여,51세,경상,화물,남,68세,상해없음
2018060500100090,2018년 6월 5일 07시,화요일,충청북도 청주시 흥덕구 수의동,경상사고,0,0,2,0,차대차 - 추돌,안전운전불이행,건조,맑음,단일로 - 기타,승용,남,27세,상해없음,승용,여,38세,경상
2018060500100091,2018년 6월 5일 07시,화요일,충청북도 청주시 상당구 남일면,경상사고,0,0,1,0,차대차 - 추돌,안전운전불이행,건조,맑음,교차로 - 교차로부근,승용,남,24세,상해없음,승용,남,59세,경상
2018060500100118,2018년 6월 5일 08시,화요일,충청북도 청주시 흥덕구 비하동,경상사고,0,0,1,0,차대사람 - 기타,안전운전불이행,건조,맑음,교차로 - 교차로부근,승용,남,51세,상해없음,보행자,남,13세,경상
2018060500100165,2018년 6월 5일 09시,화요일,충청북도 충주시 용탄동,중상사고,0,1,0,0,차대차 - 기타,직진우회전진행방해,건조,맑음,단일로 - 기타,화물,남,43세,상해없음,화물,남,66세,중상
2018060500100208,2018년 6월 5일 10시,화요일,충청북도 보은군 보은읍,중상사고,0,1,0,0,차대차 - 측면충돌,교차로운행방법위반,건조,맑음,교차로 - 교차로안,승용,남,29세,상해없음,이륜,남,82세,중상
2018060500100209,2018년 6월 5일 10시,화요일,충청북도 청주시 서원구 미평동,경상사고,0,0,2,0,차대차 - 추돌,안전운전불이행,건조,맑음,교차로 - 교차로안,승용,여,36세,상해없음,승용,남,26세,경상
2018060500100210,2018년 6월 5일 10시,화요일,충청북도 청주시 상당구 낭성면,부상신고사고,0,0,0,1,차량단독 - 공작물충돌,중앙선침범,건조,맑음,단일로 - 지하차도(도로)내,화물,남,64세,부상신고,,,,
2018060500100233,2018년 6월 5일 11시,화요일,충청북도 충주시 대소원면,경상사고,0,0,2,0,차대차 - 기타,중앙선침범,건조,맑음,단일로 - 기타,승용,여,23세,상해없음,승용,남,57세,상해없음
2018060500100234,2018년 6월 5일 11시,화요일,충청북도 청주시 상당구 미원면,경상사고,0,0,2,0,차대차 - 기타,안전운전불이행,건조,맑음,교차로 - 교차로안,승용,여,47세,상해없음,화물,여,67세,경상
2018060500100257,2018년 6월 5일 12시,화요일,충청북도 청주시 서원구 남이면,부상신고사고,0,0,0,1,차대사람 - 차도통행중,안전운전불이행,건조,맑음,교차로 - 교차로부근,승용,남,33세,상해없음,보행자,남,41세,부상신고
2018060500100281,2018년 6월 5일 13시,화요일,충청북도 청주시 서원구 사직동,경상사고,0,0,1,0,차대차 - 기타,안전운전불이행,건조,맑음,단일로 - 기타,승용,남,24세,상해없음,이륜,남,34세,경상
2018060500100319,2018년 6월 5일 14시,화요일,충청북도 충주시 주덕읍,중상사고,0,1,0,0,차대차 - 기타,안전운전불이행,건조,맑음,단일로 - 기타,화물,남,27세,상해없음,화물,남,63세,중상
2018060500100320,2018년 6월 5일 14시,화요일,충청북도 음성군 음성읍,경상사고,0,0,1,0,차대차 - 후진중충돌,교차로운행방법위반,건조,맑음,교차로 - 교차로안,화물,여,69세,상해없음,승용,여,37세,경상
2018060500100321,2018년 6월 5일 14시,화요일,충청북도 청주시 흥덕구 강서동,중상사고,0,1,0,0,차대차 - 기타,중앙선침범,건조,맑음,단일로 - 기타,승용,남,58세,상해없음,승용,남,23세,중상
2018060500100447,2018년 6월 5일 17시,화요일,충청북도 충주시 엄정면,사망사고,1,0,0,0,차대차 - 정면충돌,안전운전불이행,건조,맑음,교차로 - 교차로안,원동기,여,70세,사망,화물,남,68세,상해없음
2018060500100448,2018년 6월 5일 17시,화요일,충청북도 충주시 봉방동,경상사고,0,0,1,0,차대차 - 추돌,안전거리미확보,건조,맑음,교차로 - 교차로부근,승용,남,51세,상해없음,승용,여,43세,경상
2018060500100449,2018년 6월 5일 17시,화요일,충청북도 청주시 흥덕구 비하동,경상사고,0,0,1,0,차대차 - 측면충돌,교차로운행방법위반,건조,맑음,교차로 - 교차로안,승용,여,50세,상해없음,자전거,남,10세,경상
2018060500100450,2018년 6월 5일 17시,화요일,충청북도 청주시 상당구 금천동,중상사고,0,1,0,0,차대차 - 추돌,안전운전불이행,건조,맑음,단일로 - 지하차도(도로)내,이륜,남,39세,중상,승용,남,41세,상해없음
2018060500100506,2018년 6월 5일 18시,화요일,충청북도 청주시 서원구 사창동,경상사고,0,0,1,0,차대차 - 추돌,차로위반,건조,맑음,단일로 - 기타,승용,남,50세,상해없음,화물,남,55세,경상
2018060500100507,2018년 6월 5일 18시,화요일,충청북도 충주시 지현동,경상사고,0,0,2,0,차대차 - 측면충돌,직진우회전진행방해,건조,맑음,교차로 - 교차로안,승용,남,49세,상해없음,승용,남,45세,경상
2018060500100508,2018년 6월 5일 18시,화요일,충청북도 청주시 서원구 현도면,경상사고,0,0,1,0,차대차 - 기타,안전운전불이행,건조,맑음,교차로 - 교차로안,승용,남,42세,상해없음,화물,여,62세,경상
2018060500100544,2018년 6월 5일 19시,화요일,충청북도 제천시 교동,경상사고,0,0,1,0,차대사람 - 차도통행중,안전운전불이행,건조,맑음,단일로 - 지하차도(도로)내,승용,여,68세,상해없음,보행자,남,57세,경상
2018060500100574,2018년 6월 5일 20시,화요일,충청북도 청주시 청원구 오창읍,중상사고,0,1,1,0,차대차 - 측면충돌,중앙선침범,건조,맑음,단일로 - 기타,승용,남,36세,경상,승용,남,34세,중상
2018060500100640,2018년 6월 5일 22시,화요일,충청북도 청주시 상당구 용암동,중상사고,0,1,0,0,차대사람 - 횡단중,신호위반,건조,맑음,교차로 - 교차로횡단보도내,승용,남,57세,상해없음,보행자,여,51세,중상
2018060500100671,2018년 6월 5일 23시,화요일,충청북도 청주시 서원구 모충동,중상사고,0,1,0,0,차대사람 - 횡단중,보행자보호의무위반,건조,맑음,교차로 - 교차로횡단보도내,승용,남,57세,상해없음,보행자,여,45세,중상
2018060600100016,2018년 6월 6일 00시,수요일,충청북도 청주시 청원구 내덕동,경상사고,0,0,1,0,차대차 - 추돌,안전운전불이행,건조,맑음,단일로 - 기타,승용,여,50세,경상,승용,남,58세,기타불명
2018060600100048,2018년 6월 6일 02시,수요일,충청북도 청주시 흥덕구 신봉동,중상사고,0,2,0,0,차대차 - 추돌,안전운전불이행,건조,맑음,교차로 - 교차로부근,승용,남,38세,상해없음,승용,남,25세,중상
2018060600100118,2018년 6월 6일 07시,수요일,충청북도 청주시 청원구 오창읍,사망사고,1,0,0,0,차대차 - 정면충돌,신호위반,건조,맑음,교차로 - 교차로안,화물,남,65세,상해없음,승용,남,63세,사망
2018060600100119,2018년 6월 6일 07시,수요일,충청북도 청주시 흥덕구 강내면,경상사고,0,0,2,0,차대차 - 측면충돌,신호위반,건조,맑음,교차로 - 교차로안,화물,남,72세,경상,승용,여,52세,경상
2018060600100133,2018년 6월 6일 08시,수요일,충청북도 음성군 음성읍,경상사고,0,0,1,0,차대차 - 측면충돌,안전운전불이행,건조,맑음,교차로 - 교차로횡단보도내,자전거,남,15세,경상,승용,남,31세,상해없음
2018060600100148,2018년 6월 6일 09시,수요일,충청북도 청주시 청원구 오창읍,중상사고,0,1,0,0,차대차 - 측면충돌,중앙선침범,건조,맑음,단일로 - 기타,승용,남,42세,상해없음,화물,남,52세,중상
2018060600100149,2018년 6월 6일 09시,수요일,충청북도 청주시 흥덕구 봉명동,경상사고,0,0,1,0,차대차 - 기타,안전운전불이행,건조,맑음,교차로 - 교차로안,승용,남,76세,상해없음,이륜,남,32세,경상
2018060600100166,2018년 6월 6일 10시,수요일,충청북도 진천군 문백면,중상사고,0,2,0,0,차대차 - 기타,직진우회전진행방해,건조,맑음,교차로 - 교차로안,승용,여,55세,상해없음,이륜,남,53세,중상
2018060600100168,2018년 6월 6일 10시,수요일,충청북도 청주시 상당구 금천동,경상사고,0,0,1,0,차대차 - 측면충돌,신호위반,건조,맑음,교차로 - 교차로안,이륜,여,23세,경상,승용,여,35세,상해없음
2018060600100234,2018년 6월 6일 12시,수요일,충청북도 청주시 서원구 사창동,경상사고,0,0,1,0,차대차 - 기타,직진우회전진행방해,건조,맑음,교차로 - 교차로안,원동기,남,52세,상해없음,이륜,남,52세,경상
2018060600100235,2018년 6월 6일 12시,수요일,충청북도 청주시 상당구 서문동,경상사고,0,0,2,1,차대차 - 기타,안전운전불이행,건조,맑음,교차로 - 교차로부근,화물,남,45세,부상신고,승용,남,58세,경상
2018060600100302,2018년 6월 6일 14시,수요일,충청북도 청주시 청원구 내덕동,중상사고,0,1,2,0,차대차 - 기타,신호위반,건조,맑음,교차로 - 교차로안,승용,여,26세,경상,승용,남,52세,중상
2018060600100303,2018년 6월 6일 14시,수요일,충청북도 청주시 서원구 사창동,경상사고,0,0,1,0,차대차 - 측면충돌,신호위반,건조,맑음,교차로 - 교차로안,승용,여,42세,상해없음,이륜,남,19세,경상
2018060600100304,2018년 6월 6일 14시,수요일,충청북도 충주시 칠금동,경상사고,0,0,1,0,차대차 - 기타,안전운전불이행,건조,맑음,교차로 - 교차로횡단보도내,승용,여,72세,상해없음,자전거,남,12세,경상
2018060600100305,2018년 6월 6일 14시,수요일,충청북도 제천시 한수면,경상사고,0,0,1,0,차량단독 - 도로외이탈 - 추락,안전운전불이행,건조,맑음,단일로 - 기타,건설기계,남,65세,경상,,,,
2018060600100306,2018년 6월 6일 14시,수요일,충청북도 음성군 생극면,경상사고,0,0,1,0,차대차 - 측면충돌,신호위반,건조,맑음,교차로 - 교차로안,건설기계,남,67세,상해없음,승용,남,74세,경상
2018060600100421,2018년 6월 6일 17시,수요일,충청북도 충주시 봉방동,경상사고,0,0,1,0,차대차 - 추돌,안전운전불이행,건조,맑음,단일로 - 기타,승용,여,40세,상해없음,승용,남,32세,상해없음
2018060600100451,2018년 6월 6일 18시,수요일,충청북도 제천시 강제동,중상사고,0,2,0,0,차대차 - 측면충돌,신호위반,건조,맑음,교차로 - 교차로안,승용,남,52세,상해없음,승용,남,65세,중상
2018060600100452,2018년 6월 6일 18시,수요일,충청북도 청주시 상당구 용암동,경상사고,0,0,1,0,차대차 - 측면충돌,안전운전불이행,건조,맑음,교차로 - 교차로안,승용,여,48세,상해없음,승용,여,47세,경상
2018060600100486,2018년 6월 6일 19시,수요일,충청북도 청주시 서원구 개신동,중상사고,0,1,0,0,차대차 - 기타,차로위반,건조,맑음,단일로 - 기타,승용,남,57세,상해없음,이륜,남,22세,중상
2018060600100503,2018년 6월 6일 20시,수요일,충청북도 충주시 교현동,경상사고,0,0,2,0,차대차 - 기타,안전운전불이행,건조,맑음,단일로 - 기타,이륜,남,58세,경상,이륜,남,33세,경상
2018060600100504,2018년 6월 6일 20시,수요일,충청북도 옥천군 이원면,중상사고,0,1,0,0,차대차 - 추돌,안전거리미확보,건조,맑음,단일로 - 기타,이륜,남,29세,중상,농기계,남,50세,상해없음
2018060600100576,2018년 6월 6일 23시,수요일,충청북도 청주시 청원구 오창읍,경상사고,0,0,1,0,차대차 - 측면충돌,안전운전불이행,건조,맑음,단일로 - 기타,승용,여,24세,상해없음,이륜,남,31세,경상
2018060700100038,2018년 6월 7일 05시,목요일,충청북도 청주시 흥덕구 상신동,중상사고,0,1,0,0,차대차 - 정면충돌,안전운전불이행,건조,맑음,교차로 - 교차로안,승용,여,60세,상해없음,자전거,남,78세,중상
2018060700100073,2018년 6월 7일 07시,목요일,충청북도 청주시 상당구 금천동,중상사고,0,1,0,0,차대차 - 측면충돌,신호위반,건조,맑음,단일로 - 지하차도(도로)내,승용,여,47세,상해없음,자전거,남,53세,중상
2018060700100099,2018년 6월 7일 08시,목요일,충청북도 청주시 서원구 사직동,중상사고,0,1,0,0,차대사람 - 횡단중,안전운전불이행,건조,맑음,단일로 - 기타,승용,여,54세,상해없음,보행자,남,8세,중상
2018060700100100,2018년 6월 7일 08시,목요일,충청북도 제천시 신동,경상사고,0,0,4,0,차대차 - 측면충돌,중앙선침범,건조,맑음,단일로 - 기타,화물,남,89세,경상,승용,남,54세,상해없음
2018060700100146,2018년 6월 7일 09시,목요일,충청북도 음성군 감곡면,경상사고,0,0,2,0,차대차 - 기타,중앙선침범,건조,맑음,단일로 - 기타,승용,여,71세,기타불명,승용,여,44세,경상
2018060700100147,2018년 6월 7일 09시,목요일,충청북도 진천군 광혜원면,경상사고,0,0,1,0,차대차 - 정면충돌,중앙선침범,건조,맑음,단일로 - 기타,화물,남,59세,상해없음,화물,남,56세,경상
2018060700100148,2018년 6월 7일 09시,목요일,충청북도 청주시 상당구 용담동,중상사고,0,1,0,0,차대차 - 측면충돌,교차로운행방법위반,건조,맑음,교차로 - 교차로안,승용,남,59세,상해없음,승용,여,54세,중상