사고번호,사고일시,요일,시군구,사고내용,사망자수,중상자수,경상자수,부상신고자수,사고유형,법규위반,노면상태,기상상태,도로형태,가해운전자 차종,가해운전자 성별,가해운전자 연령,가해운전자 상해정도,피해운전자 차종,피해운전자 성별,피해운전자 연령,피해운전자 상해정도
2018061600100251,2018년 6월 16일 13시,토요일,충청북도 괴산군 청천면,중상사고,0,1,0,0,차대차 - 기타,중앙선침범,건조,맑음,단일로 - 기타,화물,남,90세 이상,상해없음,사륜오토바이(ATV),여,80세,중상
2018061600100288,2018년 6월 16일 14시,토요일,충청북도 청주시 청원구 내수읍,경상사고,0,0,1,0,차대사람 - 횡단중,안전운전불이행,건조,맑음,단일로 - 기타,화물,남,69세,상해없음,보행자,남,15세,경상
2018061600100289,2018년 6월 16일 14시,토요일,충청북도 음성군 소이면,경상사고,0,0,2,0,차대차 - 측면충돌,안전운전불이행,건조,맑음,단일로 - 기타,원동기,남,80세,경상,건설기계,남,58세,경상
2018061600100290,2018년 6월 16일 14시,토요일,충청북도 음성군 금왕읍,경상사고,0,0,2,0,차대사람 - 횡단중,보행자보호의무위반,건조,맑음,교차로 - 교차로횡단보도내,승용,남,28세,경상,보행자,남,13세,경상
2018061600100291,2018년 6월 16일 14시,토요일,충청북도 청주시 상당구 용암동,경상사고,0,0,2,0,차대차 - 측면충돌,안전운전불이행,건조,맑음,단일로 - 지하차도(도로)내,승용,남,64세,경상,건설기계,남,37세,상해없음
2018061600100414,2018년 6월 16일 17시,토요일,충청북도 진천군 진천읍,중상사고,0,2,5,0,차대차 - 기타,안전거리미확보,건조,맑음,단일로 - 기타,승용,남,32세,상해없음,승용,여,31세,중상
2018061600100459,2018년 6월 16일 18시,토요일,충청북도 청주시 청원구 오창읍,경상사고,0,0,1,0,차대차 - 기타,안전운전불이행,건조,맑음,교차로 - 교차로안,승용,남,42세,상해없음,자전거,남,55세,경상
2018061600100460,2018년 6월 16일 18시,토요일,충청북도 청주시 상당구 서운동,경상사고,0,0,1,0,차대차 - 정면충돌,안전거리미확보,건조,맑음,단일로 - 기타,승용,남,50세,상해없음,승용,여,48세,경상
2018061600100461,2018년 6월 16일 18시,토요일,충청북도 청주시 상당구 탑동,중상사고,0,1,0,0,차대사람 - 횡단중,보행자보호의무위반,건조,맑음,단일로 - 기타,승합,남,19세,상해없음,보행자,여,58세,중상
2018061600100494,2018년 6월 16일 19시,토요일,충청북도 청주시 상당구 금천동,경상사고,0,0,1,0,차대사람 - 횡단중,기타,건조,맑음,단일로 - 지하차도(도로)내,개인형이동수단(PM),남,21세,상해없음,보행자,남,7세,경상
2018061600100529,2018년 6월 16일 20시,토요일,충청북도 제천시 중앙로2가,경상사고,0,0,2,0,차대차 - 기타,안전운전불이행,건조,맑음,교차로 - 교차로안,승합,남,56세,상해없음,승용,남,22세,경상
2018061600100530,2018년 6월 16일 20시,토요일,충청북도 청주시 흥덕구 가경동,중상사고,0,1,0,0,차대사람 - 기타,안전운전불이행,건조,맑음,단일로 - 기타,승용,남,45세,상해없음,보행자,남,6세,중상
2018061600100531,2018년 6월 16일 20시,토요일,충청북도 청주시 상당구 용암동,부상신고사고,0,0,0,1,차대차 - 기타,안전운전불이행,건조,맑음,단일로 - 기타,승용,여,46세,상해없음,승용,남,50세,부상신고
2018061600100561,2018년 6월 16일 21시,토요일,충청북도 청주시 서원구 사직동,경상사고,0,0,1,0,차대차 - 측면충돌,안전운전불이행,건조,맑음,단일로 - 기타,이륜,남,34세,경상,승용,남,58세,상해없음
2018061600100562,2018년 6월 16일 21시,토요일,충청북도 청주시 상당구 남주동,경상사고,0,0,2,0,차대차 - 기타,안전운전불이행,건조,맑음,단일로 - 기타,승용,남,23세,상해없음,승용,남,36세,경상
2018061600100590,2018년 6월 16일 22시,토요일,충청북도 청주시 청원구 율량동,경상사고,0,0,5,0,차대차 - 측면충돌,직진우회전진행방해,건조,맑음,교차로 - 교차로안,승용,남,32세,경상,승용,남,42세,경상
2018061600100591,2018년 6월 16일 22시,토요일,충청북도 충주시 금릉동,경상사고,0,0,2,0,차대차 - 추돌,안전운전불이행,건조,맑음,교차로 - 교차로부근,승용,여,54세,상해없음,승용,남,38세,경상
2018061700100010,2018년 6월 17일 00시,일요일,충청북도 충주시 연수동,경상사고,0,0,1,0,차대차 - 기타,직진우회전진행방해,건조,맑음,교차로 - 교차로안,승용,남,26세,상해없음,승용,남,51세,경상
2018061700100043,2018년 6월 17일 02시,일요일,충청북도 청주시 상당구 북문로2가동,경상사고,0,0,2,0,차대차 - 측면충돌,기타,건조,맑음,단일로 - 기타,승용,남,58세,경상,승용,남,52세,경상
2018061700100044,2018년 6월 17일 02시,일요일,충청북도 충주시 교현동,경상사고,0,0,2,0,차대차 - 기타,신호위반,건조,맑음,교차로 - 교차로안,승용,남,49세,상해없음,승용,남,61세,경상
2018061700100045,2018년 6월 17일 02시,일요일,충청북도 단양군 영춘면,사망사고,1,0,0,0,차대사람 - 기타,안전운전불이행,건조,맑음,단일로 - 기타,승용,남,36세,기타불명,보행자,남,50세,사망
2018061700100063,2018년 6월 17일 04시,일요일,충청북도 청주시 서원구 남이면,경상사고,0,0,1,1,차대차 - 정면충돌,중앙선침범,건조,맑음,단일로 - 기타,승용,여,44세,부상신고,승용,남,57세,경상
2018061700100087,2018년 6월 17일 06시,일요일,충청북도 청주시 흥덕구 송절동,중상사고,0,3,1,0,차대차 - 기타,신호위반,건조,맑음,교차로 - 교차로안,화물,남,63세,상해없음,승용,남,47세,중상
2018061700100121,2018년 6월 17일 09시,일요일,충청북도 청주시 흥덕구 봉명동,경상사고,0,0,1,1,차대차 - 정면충돌,안전운전불이행,건조,맑음,교차로 - 교차로부근,승용,여,58세,상해없음,승용,남,54세,경상
2018061700100135,2018년 6월 17일 10시,일요일,충청북도 청주시 청원구 내수읍,경상사고,0,0,1,0,차대차 - 기타,신호위반,건조,맑음,교차로 - 교차로안,승용,남,68세,상해없음,승용,남,47세,경상
2018061700100136,2018년 6월 17일 10시,일요일,충청북도 괴산군 문광면,경상사고,0,0,1,0,차대차 - 기타,안전거리미확보,건조,맑음,단일로 - 기타,이륜,남,48세,경상,승용,남,68세,상해없음
2018061700100156,2018년 6월 17일 11시,일요일,충청북도 청주시 흥덕구 오송읍,경상사고,0,0,1,1,차대차 - 측면충돌,중앙선침범,건조,맑음,단일로 - 기타,승용,남,60세,부상신고,특수,남,48세,경상
2018061700100180,2018년 6월 17일 12시,일요일,충청북도 충주시 금릉동,중상사고,0,1,0,0,차대차 - 기타,안전운전불이행,건조,맑음,교차로 - 교차로부근,승용,여,48세,상해없음,자전거,남,56세,중상
2018061700100181,2018년 6월 17일 12시,일요일,충청북도 괴산군 사리면,경상사고,0,0,2,0,차대차 - 측면충돌,안전운전불이행,건조,맑음,단일로 - 기타,승용,남,24세,상해없음,승용,남,50세,경상
2018061700100202,2018년 6월 17일 13시,일요일,충청북도 제천시 장락동,경상사고,0,0,3,0,차대차 - 측면충돌,직진우회전진행방해,건조,맑음,교차로 - 교차로안,승용,남,47세,경상,승용,여,61세,경상
2018061700100203,2018년 6월 17일 13시,일요일,충청북도 청주시 흥덕구 가경동,중상사고,0,1,0,0,차대사람 - 보도통행중,기타,건조,맑음,단일로 - 기타,자전거,남,32세,상해없음,보행자,여,57세,중상
2018061700100239,2018년 6월 17일 14시,일요일,충청북도 제천시 왕암동,경상사고,0,0,5,0,차대차 - 추돌,안전운전불이행,건조,맑음,교차로 - 교차로부근,승용,남,55세,경상,승용,남,35세,경상
2018061700100257,2018년 6월 17일 15시,일요일,충청북도 충주시 단월동,중상사고,0,1,0,0,차대차 - 기타,안전운전불이행,건조,맑음,단일로 - 기타,이륜,남,78세,중상,승용,여,54세,상해없음
2018061700100258,2018년 6월 17일 15시,일요일,충청북도 충주시 주덕읍,중상사고,0,1,0,0,차대차 - 기타,중앙선침범,건조,맑음,단일로 - 기타,승합,남,37세,상해없음,이륜,남,67세,중상
2018061700100313,2018년 6월 17일 17시,일요일,충청북도 청주시 흥덕구 석소동,중상사고,0,2,0,0,차대차 - 추돌,안전운전불이행,건조,맑음,단일로 - 기타,승용,남,22세,상해없음,승용,남,28세,중상
2018061700100347,2018년 6월 17일 18시,일요일,충청북도 보은군 보은읍,중상사고,0,1,1,0,차대차 - 추돌,안전운전불이행,건조,맑음,단일로 - 지하차도(도로)내,승용,남,39세,상해없음,승용,남,64세,경상
2018061700100348,2018년 6월 17일 18시,일요일,충청북도 음성군 삼성면,중상사고,0,2,0,0,차대차 - 정면충돌,중앙선침범,건조,맑음,단일로 - 기타,이륜,남,33세,중상,승용,여,37세,중상
2018061700100349,2018년 6월 17일 18시,일요일,충청북도 청주시 흥덕구 오송읍,경상사고,0,0,1,0,차대차 - 기타,차로위반,건조,맑음,단일로 - 기타,승용,남,56세,상해없음,화물,남,38세,경상
2018061700100350,2018년 6월 17일 18시,일요일,충청북도 청주시 상당구 용암동,경상사고,0,0,3,0,차대차 - 추돌,안전운전불이행,건조,맑음,교차로 - 교차로부근,승용,여,70세,상해없음,승용,남,69세,경상
2018061700100377,2018년 6월 17일 19시,일요일,충청북도 청주시 서원구 사직동,경상사고,0,0,1,0,차대차 - 측면충돌,안전운전불이행,건조,맑음,교차로 - 교차로횡단보도내,화물,남,34세,상해없음,자전거,남,61세,경상
2018061700100425,2018년 6월 17일 21시,일요일,충청북도 제천시 신백동,경상사고,0,0,2,0,차대차 - 추돌,안전운전불이행,건조,맑음,교차로 - 교차로부근,승용,남,57세,상해없음,승용,여,54세,경상
2018061700100426,2018년 6월 17일 21시,일요일,충청북도 괴산군 청천면,경상사고,0,0,3,0,차대차 - 측면충돌,안전운전불이행,건조,맑음,교차로 - 교차로안,승용,남,71세,경상,승용,남,56세,경상
2018061700100427,2018년 6월 17일 21시,일요일,충청북도 청주시 상당구 금천동,경상사고,0,0,1,0,차대차 - 측면충돌,신호위반,건조,맑음,교차로 - 교차로안,승용,남,28세,상해없음,승용,남,61세,경상
2018061700100450,2018년 6월 17일 22시,일요일,충청북도 청주시 청원구 내수읍,경상사고,0,0,1,0,차대차 - 기타,안전운전불이행,건조,맑음,교차로 - 교차로부근,승용,남,37세,상해없음,승용,여,51세,경상
2018061700100467,2018년 6월 17일 23시,일요일,충청북도 청주시 서원구 사창동,경상사고,0,0,1,0,차대차 - 측면충돌,안전거리미확보,건조,맑음,교차로 - 교차로부근,승용,남,25세,상해없음,승용,남,63세,상해없음
2018061800100007,2018년 6월 18일 00시,월요일,충청북도 청주시 흥덕구 가경동,부상신고사고,0,0,0,1,차대차 - 측면충돌,교차로운행방법위반,건조,맑음,교차로 - 교차로안,자전거,여,21세,부상신고,승용,남,45세,상해없음
2018061800100019,2018년 6월 18일 03시,월요일,충청북도 제천시 청전동,경상사고,0,0,2,0,차대차 - 측면충돌,안전운전불이행,건조,맑음,교차로 - 교차로안,승용,남,43세,상해없음,승용,남,35세,경상
2018061800100032,2018년 6월 18일 05시,월요일,충청북도 증평군 증평읍,경상사고,0,0,2,0,차대차 - 추돌,안전운전불이행,건조,흐림,교차로 - 교차로부근,승용,남,62세,상해없음,화물,남,61세,경상
2018061800100108,2018년 6월 18일 08시,월요일,충청북도 진천군 문백면,경상사고,0,0,3,0,차대차 - 추돌,안전운전불이행,건조,맑음,단일로 - 기타,승용,남,32세,상해없음,승용,남,36세,경상
2018061800100109,2018년 6월 18일 08시,월요일,충청북도 청주시 흥덕구 송정동,경상사고,0,0,3,0,차대차 - 측면충돌,교차로운행방법위반,건조,맑음,교차로 - 교차로안,승용,여,58세,경상,승용,남,23세,경상
2018061800100110,2018년 6월 18일 08시,월요일,충청북도 청주시 상당구 석교동,중상사고,0,1,0,0,차대사람 - 기타,안전운전불이행,건조,맑음,단일로 - 지하차도(도로)내,화물,남,77세,상해없음,보행자,여,83세,중상
2018061800100111,2018년 6월 18일 08시,월요일,충청북도 청주시 상당구 금천동,경상사고,0,0,3,0,차대차 - 추돌,안전운전불이행,건조,맑음,교차로 - 교차로안,화물,남,66세,상해없음,승합,남,41세,상해없음
2018061800100193,2018년 6월 18일 10시,월요일,충청북도 청주시 흥덕구 봉명동,경상사고,0,0,1,0,차대차 - 후진중충돌,안전운전불이행,건조,맑음,단일로 - 기타,승용,여,52세,상해없음,승용,남,24세,상해없음
2018061800100194,2018년 6월 18일 10시,월요일,충청북도 청주시 흥덕구 복대동,중상사고,0,1,0,0,차대차 - 측면충돌,안전운전불이행,건조,맑음,단일로 - 기타,화물,남,73세,상해없음,자전거,남,71세,중상
2018061800100226,2018년 6월 18일 11시,월요일,충청북도 청주시 청원구 사천동,경상사고,0,0,2,0,차대차 - 기타,안전거리미확보,건조,맑음,단일로 - 기타,승용,남,68세,상해없음,승용,남,24세,경상
2018061800100227,2018년 6월 18일 11시,월요일,충청북도 청주시 청원구 율량동,중상사고,0,1,2,0,차대차 - 측면충돌,교차로운행방법위반,건조,맑음,교차로 - 교차로안,승용,남,29세,중상,승용,남,46세,경상
2018061800100228,2018년 6월 18일 11시,월요일,충청북도 제천시 모산동,경상사고,0,0,1,0,차대차 - 후진중충돌,안전운전불이행,건조,맑음,주차장 - 주차장,이륜,남,27세,경상,화물,남,52세,상해없음
2018061800100229,2018년 6월 18일 11시,월요일,충청북도 제천시 하소동,경상사고,0,0,1,0,차대사람 - 횡단중,보행자보호의무위반,건조,맑음,교차로 - 교차로횡단보도내,승용,여,48세,상해없음,보행자,남,54세,경상
2018061800100259,2018년 6월 18일 12시,월요일,충청북도 청주시 서원구 분평동,경상사고,0,0,1,0,차대차 - 기타,안전운전불이행,건조,맑음,단일로 - 기타,화물,남,48세,상해없음,자전거,여,71세,경상
2018061800100263,2018년 6월 18일 12시,월요일,충청북도 청주시 서원구 현도면,중상사고,0,1,1,0,차대차 - 추돌,안전운전불이행,건조,맑음,기타 - 기타,승용,여,36세,중상,승용,여,57세,경상
2018061800100290,2018년 6월 18일 13시,월요일,충청북도 음성군 음성읍,중상사고,0,1,0,0,차대차 - 측면충돌,안전운전불이행,건조,맑음,교차로 - 교차로안,이륜,여,64세,중상,승용,남,45세,상해없음
2018061800100291,2018년 6월 18일 13시,월요일,충청북도 청주시 흥덕구 봉명동,경상사고,0,0,1,0,차대차 - 측면충돌,교차로운행방법위반,건조,맑음,교차로 - 교차로안,승용,남,52세,상해없음,승용,여,46세,경상
2018061800100322,2018년 6월 18일 14시,월요일,충청북도 충주시 교현동,경상사고,0,0,3,0,차대차 - 측면충돌,안전운전불이행,건조,맑음,교차로 - 교차로부근,승용,남,33세,상해없음,승용,여,40세,경상
2018061800100323,2018년 6월 18일 14시,월요일,충청북도 청주시 흥덕구 가경동,경상사고,0,0,2,0,차대차 - 측면충돌,신호위반,건조,맑음,교차로 - 교차로안,승용,여,55세,경상,승용,남,44세,경상
2018061800100449,2018년 6월 18일 17시,월요일,충청북도 충주시 봉방동,경상사고,0,0,1,0,차대차 - 기타,안전운전불이행,건조,맑음,기타 - 기타,건설기계,남,54세,상해없음,승용,여,48세,경상
2018061800100450,2018년 6월 18일 17시,월요일,충청북도 청주시 서원구 남이면,중상사고,0,1,1,0,차대차 - 측면충돌,안전운전불이행,건조,맑음,교차로 - 교차로부근,승용,여,28세,경상,승용,여,23세,중상
2018061800100451,2018년 6월 18일 17시,월요일,충청북도 청주시 흥덕구 복대동,경상사고,0,0,1,0,차대사람 - 횡단중,보행자보호의무위반,건조,맑음,교차로 - 교차로안,승용,남,73세,상해없음,보행자,남,9세,경상
2018061800100508,2018년 6월 18일 18시,월요일,충청북도 청주시 상당구 북문로3가동,경상사고,0,0,1,0,차대차 - 측면충돌,차로위반,건조,맑음,교차로 - 교차로부근,이륜,남,66세,경상,승용,남,49세,상해없음
2018061800100510,2018년 6월 18일 18시,월요일,충청북도 청주시 흥덕구 복대동,경상사고,0,0,2,0,차대차 - 측면충돌,교차로운행방법위반,건조,맑음,교차로 - 교차로안,승용,여,42세,상해없음,승용,남,25세,경상
2018061800100557,2018년 6월 18일 19시,월요일,충청북도 제천시 서부동,경상사고,0,0,2,0,차대차 - 측면충돌,직진우회전진행방해,건조,맑음,교차로 - 교차로안,승용,여,49세,상해없음,화물,남,72세,경상
2018061800100590,2018년 6월 18일 20시,월요일,충청북도 청주시 상당구 북문로3가동,중상사고,0,1,1,0,차대차 - 측면충돌,신호위반,건조,맑음,교차로 - 교차로부근,승합,남,50세,상해없음,승용,여,61세,경상
2018061800100591,2018년 6월 18일 20시,월요일,충청북도 청주시 청원구 오창읍,경상사고,0,0,2,0,차대차 - 측면충돌,직진우회전진행방해,건조,맑음,교차로 - 교차로안,승용,남,43세,경상,이륜,남,39세,경상
2018061800100592,2018년 6월 18일 20시,월요일,충청북도 증평군 증평읍,중상사고,0,1,1,0,차대차 - 기타,신호위반,건조,맑음,교차로 - 교차로안,승용,여,45세,중상,승용,남,29세,경상
2018061800100636,2018년 6월 18일 21시,월요일,충청북도 청주시 서원구 사창동,경상사고,0,0,1,0,차량단독 - 기타,안전운전불이행,건조,맑음,단일로 - 기타,승합,남,54세,상해없음,,,,
2018061800100637,2018년 6월 18일 21시,월요일,충청북도 충주시 노은면,중상사고,0,1,1,0,차대차 - 추돌,안전운전불이행,건조,맑음,단일로 - 기타,화물,남,52세,중상,화물,남,52세,경상
2018061800100678,2018년 6월 18일 23시,월요일,충청북도 청주시 상당구 석교동,경상사고,0,0,2,0,차대차 - 기타,안전거리미확보,건조,맑음,단일로 - 기타,승용,남,68세,상해없음,화물,여,38세,상해없음
2018061900100004,2018년 6월 19일 00시,화요일,충청북도 청주시 서원구 성화동,경상사고,0,0,1,0,차대차 - 측면충돌,안전거리미확보,건조,맑음,단일로 - 기타,승용,남,65세,상해없음,승용,남,23세,경상
2018061900100013,2018년 6월 19일 01시,화요일,충청북도 청주시 청원구 주중동,경상사고,0,0,1,0,차대차 - 기타,안전운전불이행,건조,맑음,교차로 - 교차로안,승용,남,29세,기타불명,승용,여,36세,경상
2018061900100071,2018년 6월 19일 07시,화요일,충청북도 청주시 흥덕구 송절동,경상사고,0,0,1,0,차대차 - 측면충돌,안전운전불이행,건조,맑음,교차로 - 교차로안,화물,남,67세,상해없음,승용,여,46세,경상
2018061900100104,2018년 6월 19일 08시,화요일,충청북도 청주시 흥덕구 복대동,경상사고,0,0,2,0,차대차 - 측면충돌,안전운전불이행,건조,맑음,단일로 - 기타,승용,남,52세,상해없음,승용,남,56세,경상
2018061900100182,2018년 6월 19일 10시,화요일,충청북도 영동군 영동읍,중상사고,0,1,0,0,차대차 - 측면충돌,신호위반,건조,맑음,교차로 - 교차로안,승용,남,26세,상해없음,화물,남,68세,중상
2018061900100206,2018년 6월 19일 11시,화요일,충청북도 청주시 상당구 명암동,경상사고,0,0,2,0,차대차 - 측면충돌,안전운전불이행,건조,맑음,단일로 - 지하차도(도로)내,건설기계,남,53세,상해없음,승용,남,67세,경상
2018061900100278,2018년 6월 19일 13시,화요일,충청북도 청주시 청원구 우암동,경상사고,0,0,1,0,차대사람 - 기타,안전운전불이행,건조,맑음,단일로 - 기타,승용,남,46세,상해없음,보행자,남,59세,경상
2018061900100279,2018년 6월 19일 13시,화요일,충청북도 청주시 청원구 우암동,중상사고,0,1,0,0,차대차 - 기타,안전운전불이행,건조,맑음,교차로 - 교차로안,승용,남,75세,상해없음,개인형이동수단(PM),여,78세,중상
2018061900100328,2018년 6월 19일 15시,화요일,충청북도 청주시 상당구 명암동,경상사고,0,0,3,0,차대차 - 정면충돌,신호위반,젖음/습기,비,교차로 - 교차로부근,승용,남,70세,상해없음,승용,남,38세,경상
2018061900100418,2018년 6월 19일 17시,화요일,충청북도 청주시 흥덕구 복대동,중상사고,0,1,0,0,차대차 - 측면충돌,교차로운행방법위반,건조,맑음,교차로 - 교차로안,이륜,남,39세,중상,승용,남,55세,상해없음
2018061900100455,2018년 6월 19일 18시,화요일,충청북도 제천시 청전동,경상사고,0,0,1,0,차대차 - 측면충돌,안전운전불이행,건조,맑음,교차로 - 교차로부근,승용,남,35세,상해없음,자전거,남,81세,경상
2018061900100493,2018년 6월 19일 19시,화요일,충청북도 청주시 서원구 사창동,경상사고,0,0,1,0,차대차 - 기타,안전운전불이행,젖음/습기,흐림,교차로 - 교차로부근,화물,남,43세,상해없음,승용,남,56세,경상
2018061900100494,2018년 6월 19일 19시,화요일,충청북도 충주시 칠금동,부상신고사고,0,0,0,1,차대차 - 기타,안전운전불이행,건조,맑음,단일로 - 기타,원동기,남,23세,부상신고,자전거,남,10세,상해없음
2018061900100495,2018년 6월 19일 19시,화요일,충청북도 청주시 흥덕구 복대동,경상사고,0,0,2,0,차대차 - 기타,안전운전불이행,기타,기타,교차로 - 교차로부근,승용,남,51세,상해없음,승용,남,29세,경상
2018061900100521,2018년 6월 19일 20시,화요일,충청북도 청주시 청원구 내덕동,경상사고,0,0,3,0,차대차 - 추돌,안전운전불이행,건조,맑음,교차로 - 교차로부근,화물,남,57세,상해없음,승용,남,35세,경상
2018061900100544,2018년 6월 19일 21시,화요일,충청북도 청주시 서원구 분평동,경상사고,0,0,3,0,차대차 - 측면충돌,안전운전불이행,건조,맑음,교차로 - 교차로부근,승용,여,34세,경상,승용,남,56세,경상
2018062000100020,2018년 6월 20일 01시,수요일,충청북도 청주시 흥덕구 비하동,중상사고,0,1,0,0,차대차 - 측면충돌,신호위반,건조,맑음,교차로 - 교차로안,화물,남,50세,상해없음,승용,남,26세,중상
2018062000100032,2018년 6월 20일 02시,수요일,충청북도 음성군 대소면,경상사고,0,0,2,0,차대차 - 측면충돌,신호위반,건조,맑음,교차로 - 교차로안,화물,남,73세,상해없음,승용,남,24세,경상
2018062000100101,2018년 6월 20일 08시,수요일,충청북도 청주시 서원구 분평동,경상사고,0,0,1,0,차대사람 - 횡단중,신호위반,건조,맑음,교차로 - 교차로횡단보도내,이륜,남,71세,상해없음,보행자,남,55세,경상
2018062000100130,2018년 6월 20일 09시,수요일,충청북도 괴산군 연풍면,경상사고,0,0,1,0,차대사람 - 기타,안전운전불이행,건조,흐림,단일로 - 기타,화물,남,47세,상해없음,보행자,여,81세,경상
2018062000100153,2018년 6월 20일 10시,수요일,충청북도 충주시 목행동,경상사고,0,0,1,0,차대차 - 기타,안전운전불이행,건조,맑음,교차로 - 교차로안,승용,남,43세,상해없음,자전거,남,37세,경상
2018062000100154,2018년 6월 20일 10시,수요일,충청북도 충주시 용두동,경상사고,0,0,1,0,차대차 - 추돌,안전운전불이행,건조,맑음,기타 - 기타,승용,남,61세,상해없음,승용,남,35세,경상
2018062000100186,2018년 6월 20일 11시,수요일,충청북도 청주시 청원구 사천동,경상사고,0,0,1,0,차대차 - 기타,안전운전불이행,건조,맑음,단일로 - 기타,자전거,남,63세,경상,이륜,남,24세,상해없음
2018062000100187,2018년 6월 20일 11시,수요일,충청북도 음성군 대소면,경상사고,0,0,1,0,차대차 - 측면충돌,교차로운행방법위반,건조,맑음,교차로 - 교차로안,화물,남,45세,상해없음,승용,여,53세,경상
2018062000100224,2018년 6월 20일 12시,수요일,충청북도 청주시 상당구 미원면,경상사고,0,0,3,0,차대차 - 측면충돌,중앙선침범,건조,맑음,단일로 - 지하차도(도로)내,승용,여,50세,상해없음,승용,여,58세,경상
2018062000100246,2018년 6월 20일 13시,수요일,충청북도 청주시 청원구 우암동,중상사고,0,1,0,0,차대차 - 기타,교차로운행방법위반,건조,맑음,교차로 - 교차로안,승용,여,55세,중상,건설기계,남,31세,상해없음
2018062000100247,2018년 6월 20일 13시,수요일,충청북도 제천시 하소동,중상사고,0,1,0,0,차대차 - 추돌,안전운전불이행,건조,맑음,교차로 - 교차로안,승용,남,66세,상해없음,승용,남,57세,중상
2018062000100248,2018년 6월 20일 13시,수요일,충청북도 청주시 서원구 분평동,경상사고,0,0,1,0,차대차 - 후진중충돌,안전운전불이행,건조,맑음,단일로 - 기타,승용,여,44세,상해없음,이륜,남,38세,경상
2018062000100271,2018년 6월 20일 14시,수요일,충청북도 진천군 진천읍,경상사고,0,0,1,0,차대차 - 기타,차로위반,건조,맑음,교차로 - 교차로부근,승용,남,52세,상해없음,승용,남,29세,경상
2018062000100273,2018년 6월 20일 14시,수요일,충청북도 청주시 상당구 영운동,경상사고,0,0,1,0,차대차 - 측면충돌,안전운전불이행,건조,맑음,단일로 - 지하차도(도로)내,승용,남,84세,상해없음,승용,남,36세,경상
2018062000100314,2018년 6월 20일 15시,수요일,충청북도 청주시 서원구 사직동,중상사고,0,1,0,0,차대사람 - 기타,안전운전불이행,건조,맑음,교차로 - 교차로부근,승합,남,43세,상해없음,보행자,여,57세,중상
2018062000100315,2018년 6월 20일 15시,수요일,충청북도 충주시 충인동,경상사고,0,0,1,0,차대차 - 후진중충돌,안전운전불이행,건조,맑음,단일로 - 기타,화물,남,61세,상해없음,이륜,남,24세,경상
2018062000100393,2018년 6월 20일 17시,수요일,충청북도 충주시 봉방동,중상사고,0,1,2,0,차대차 - 기타,직진우회전진행방해,건조,맑음,교차로 - 교차로안,승용,여,49세,경상,승용,남,53세,중상
2018062000100438,2018년 6월 20일 18시,수요일,충청북도 청주시 흥덕구 서촌동,경상사고,0,0,1,0,차대차 - 측면충돌,신호위반,건조,맑음,교차로 - 교차로안,승용,여,23세,상해없음,화물,남,31세,경상
2018062000100480,2018년 6월 20일 19시,수요일,충청북도 청주시 청원구 율량동,경상사고,0,0,4,0,차대차 - 측면충돌,신호위반,건조,맑음,교차로 - 교차로안,승용,남,45세,상해없음,승용,여,39세,경상
2018062000100481,2018년 6월 20일 19시,수요일,충청북도 청주시 서원구 산남동,경상사고,0,0,1,0,차량단독 - 공작물충돌,안전운전불이행,건조,맑음,주차장 - 주차장,승용,남,54세,상해없음,,,,
2018062000100507,2018년 6월 20일 20시,수요일,충청북도 제천시 흑석동,경상사고,0,0,1,0,차량단독 - 공작물충돌,안전운전불이행,건조,맑음,기타 - 기타,승용,남,63세,경상,,,,
2018062000100540,2018년 6월 20일 21시,수요일,충청북도 충주시 연수동,중상사고,0,1,1,0,차대차 - 측면충돌,안전운전불이행,건조,흐림,단일로 - 기타,승용,남,37세,상해없음,이륜,남,20세,중상
2018062000100541,2018년 6월 20일 21시,수요일,충청북도 음성군 금왕읍,경상사고,0,0,1,0,차대차 - 측면충돌,교차로운행방법위반,건조,맑음,교차로 - 교차로안,승용,남,50세,상해없음,승용,여,33세,경상
2018062000100542,2018년 6월 20일 21시,수요일,충청북도 음성군 생극면,경상사고,0,0,2,0,차대차 - 측면충돌,안전운전불이행,건조,맑음,교차로 - 교차로부근,승용,남,50세,경상,화물,남,66세,경상
2018062000100591,2018년 6월 20일 23시,수요일,충청북도 청주시 청원구 오창읍,경상사고,0,0,1,0,차대차 - 측면충돌,안전운전불이행,건조,맑음,단일로 - 기타,승용,남,34세,상해없음,이륜,남,19세,경상
2018062100100007,2018년 6월 21일 00시,목요일,충청북도 청주시 흥덕구 옥산면,중상사고,0,1,3,0,차대차 - 추돌,안전운전불이행,건조,맑음,교차로 - 교차로부근,승용,남,28세,상해없음,승용,남,43세,경상
2018062100100008,2018년 6월 21일 00시,목요일,충청북도 청주시 상당구 남문로2가동,중상사고,0,1,0,1,차대차 - 기타,신호위반,건조,맑음,교차로 - 교차로안,이륜,남,23세,부상신고,화물,남,62세,상해없음
2018062100100030,2018년 6월 21일 02시,목요일,충청북도 제천시 청전동,사망사고,1,0,0,0,차대차 - 정면충돌,중앙선침범,건조,맑음,단일로 - 기타,자전거,남,71세,사망,화물,남,46세,상해없음