사고번호,사고일시,요일,시군구,사고내용,사망자수,중상자수,경상자수,부상신고자수,사고유형,법규위반,노면상태,기상상태,도로형태,가해운전자 차종,가해운전자 성별,가해운전자 연령,가해운전자 상해정도,피해운전자 차종,피해운전자 성별,피해운전자 연령,피해운전자 상해정도
2018062100100041,2018년 6월 21일 04시,목요일,충청북도 청주시 상당구 용암동,중상사고,0,1,0,0,차대사람 - 차도통행중,안전운전불이행,건조,맑음,주차장 - 주차장,승용,여,43세,상해없음,보행자,남,45세,중상
2018062100100053,2018년 6월 21일 05시,목요일,충청북도 청주시 청원구 내덕동,중상사고,0,2,0,0,차대차 - 기타,안전운전불이행,건조,맑음,단일로 - 기타,승용,남,30세,중상,승용,남,64세,중상
2018062100100054,2018년 6월 21일 05시,목요일,충청북도 충주시 교현동,중상사고,0,1,0,1,차대차 - 기타,신호위반,건조,맑음,교차로 - 교차로안,승용,여,50세,부상신고,승용,남,67세,중상
2018062100100062,2018년 6월 21일 06시,목요일,충청북도 청주시 흥덕구 오송읍,경상사고,0,0,2,0,차대차 - 추돌,안전운전불이행,건조,맑음,교차로 - 교차로부근,화물,남,36세,상해없음,승용,남,39세,경상
2018062100100086,2018년 6월 21일 07시,목요일,충청북도 청주시 흥덕구 복대동,경상사고,0,0,1,0,차대차 - 추돌,안전운전불이행,건조,맑음,교차로 - 교차로부근,화물,남,80세,상해없음,승용,남,73세,경상
2018062100100087,2018년 6월 21일 07시,목요일,충청북도 청주시 상당구 지북동,중상사고,0,1,0,0,차대차 - 추돌,안전거리미확보,건조,맑음,교차로 - 교차로부근,승용,남,58세,상해없음,승용,남,53세,중상
2018062100100115,2018년 6월 21일 08시,목요일,충청북도 청주시 흥덕구 비하동,경상사고,0,0,1,0,차대차 - 기타,안전운전불이행,건조,맑음,교차로 - 교차로부근,화물,남,42세,상해없음,승용,남,28세,경상
2018062100100176,2018년 6월 21일 10시,목요일,충청북도 청주시 청원구 내수읍,경상사고,0,0,1,0,차대차 - 기타,안전운전불이행,건조,맑음,단일로 - 기타,건설기계,남,65세,상해없음,승용,남,50세,경상
2018062100100177,2018년 6월 21일 10시,목요일,충청북도 제천시 청전동,경상사고,0,0,2,0,차대차 - 측면충돌,기타,건조,맑음,교차로 - 교차로안,승용,여,48세,경상,승용,남,45세,경상
2018062100100178,2018년 6월 21일 10시,목요일,충청북도 제천시 장락동,경상사고,0,0,2,0,차대차 - 기타,안전운전불이행,건조,맑음,교차로 - 교차로안,화물,남,60세,경상,승용,여,49세,경상
2018062100100179,2018년 6월 21일 10시,목요일,충청북도 청주시 서원구 개신동,중상사고,0,1,0,0,차대차 - 기타,안전운전불이행,건조,맑음,교차로 - 교차로횡단보도내,승용,여,31세,상해없음,자전거,여,71세,중상
2018062100100180,2018년 6월 21일 10시,목요일,충청북도 청주시 서원구 모충동,경상사고,0,0,1,0,차대차 - 추돌,안전운전불이행,건조,맑음,단일로 - 지하차도(도로)내,승합,남,58세,상해없음,승용,남,52세,경상
2018062100100214,2018년 6월 21일 11시,목요일,충청북도 충주시 중앙탑면,중상사고,0,1,0,0,차대차 - 기타,직진우회전진행방해,건조,맑음,교차로 - 교차로안,화물,남,44세,상해없음,승용,여,63세,중상
2018062100100215,2018년 6월 21일 11시,목요일,충청북도 청주시 흥덕구 복대동,경상사고,0,0,2,0,차대차 - 추돌,안전운전불이행,건조,맑음,단일로 - 기타,승용,여,29세,상해없음,승용,남,26세,경상
2018062100100247,2018년 6월 21일 12시,목요일,충청북도 충주시 문화동,경상사고,0,0,2,0,차대차 - 기타,직진우회전진행방해,건조,맑음,교차로 - 교차로안,승용,남,58세,경상,승용,남,84세,경상
2018062100100260,2018년 6월 21일 13시,목요일,충청북도 충주시 칠금동,경상사고,0,0,1,0,차대차 - 측면충돌,신호위반,건조,맑음,교차로 - 교차로안,승용,남,51세,상해없음,승용,남,49세,경상
2018062100100261,2018년 6월 21일 13시,목요일,충청북도 청주시 흥덕구 오송읍,경상사고,0,0,1,0,차대차 - 기타,안전운전불이행,건조,맑음,교차로 - 교차로안,승용,남,61세,상해없음,자전거,남,14세,경상
2018062100100289,2018년 6월 21일 14시,목요일,충청북도 제천시 강제동,중상사고,0,1,0,0,차대차 - 측면충돌,안전운전불이행,건조,맑음,교차로 - 교차로횡단보도내,승용,여,31세,상해없음,자전거,남,73세,중상
2018062100100290,2018년 6월 21일 14시,목요일,충청북도 괴산군 괴산읍,중상사고,0,1,1,0,차대차 - 추돌,안전운전불이행,건조,맑음,단일로 - 기타,승용,남,38세,상해없음,이륜,남,27세,중상
2018062100100291,2018년 6월 21일 14시,목요일,충청북도 청주시 서원구 수곡동,경상사고,0,0,1,0,차대사람 - 횡단중,안전운전불이행,건조,맑음,교차로 - 교차로안,승용,남,44세,상해없음,보행자,여,28세,경상
2018062100100324,2018년 6월 21일 15시,목요일,충청북도 괴산군 괴산읍,경상사고,0,0,1,0,차대차 - 측면충돌,안전운전불이행,건조,맑음,교차로 - 교차로안,승용,남,29세,상해없음,승용,여,26세,경상
2018062100100325,2018년 6월 21일 15시,목요일,충청북도 음성군 삼성면,중상사고,0,1,0,0,차대차 - 측면충돌,안전운전불이행,건조,맑음,교차로 - 교차로부근,원동기,남,79세,중상,승용,남,59세,상해없음
2018062100100366,2018년 6월 21일 16시,목요일,충청북도 청주시 서원구 사창동,경상사고,0,0,1,0,차대사람 - 횡단중,안전운전불이행,건조,맑음,교차로 - 교차로안,승용,여,50세,상해없음,보행자,여,8세,경상
2018062100100367,2018년 6월 21일 16시,목요일,충청북도 음성군 맹동면,경상사고,0,0,2,0,차대차 - 후진중충돌,중앙선침범,건조,맑음,교차로 - 교차로부근,승용,여,51세,경상,승용,여,35세,경상
2018062100100368,2018년 6월 21일 16시,목요일,충청북도 청주시 서원구 남이면,중상사고,0,1,0,0,차대차 - 측면충돌,안전운전불이행,건조,맑음,단일로 - 기타,승용,여,41세,상해없음,승용,남,71세,중상
2018062100100423,2018년 6월 21일 17시,목요일,충청북도 괴산군 괴산읍,경상사고,0,0,1,0,차대차 - 기타,직진우회전진행방해,건조,맑음,교차로 - 교차로안,화물,남,64세,상해없음,승용,여,42세,경상
2018062100100424,2018년 6월 21일 17시,목요일,충청북도 청주시 흥덕구 향정동,경상사고,0,0,1,0,차대차 - 측면충돌,신호위반,건조,맑음,교차로 - 교차로부근,화물,남,50세,상해없음,개인형이동수단(PM),남,29세,경상
2018062100100425,2018년 6월 21일 17시,목요일,충청북도 청주시 상당구 용암동,경상사고,0,0,3,0,차대차 - 기타,안전운전불이행,건조,맑음,교차로 - 교차로안,승용,남,68세,상해없음,승용,여,29세,경상
2018062100100483,2018년 6월 21일 18시,목요일,충청북도 청주시 흥덕구 비하동,경상사고,0,0,1,0,차대차 - 측면충돌,교차로운행방법위반,건조,맑음,교차로 - 교차로안,승용,남,30세,상해없음,승용,여,70세,경상
2018062100100587,2018년 6월 21일 21시,목요일,충청북도 충주시 연수동,중상사고,0,1,0,0,차대차 - 기타,안전운전불이행,건조,맑음,단일로 - 기타,승용,남,21세,상해없음,이륜,남,19세,중상
2018062100100588,2018년 6월 21일 21시,목요일,충청북도 제천시 청전동,부상신고사고,0,0,0,2,차대차 - 측면충돌,안전운전불이행,건조,맑음,교차로 - 교차로안,승용,여,62세,상해없음,이륜,남,17세,부상신고
2018062100100625,2018년 6월 21일 22시,목요일,충청북도 음성군 대소면,경상사고,0,0,2,0,차대차 - 측면충돌,안전운전불이행,건조,맑음,교차로 - 교차로부근,승용,여,60세,상해없음,승용,남,63세,경상
2018062100100626,2018년 6월 21일 22시,목요일,충청북도 청주시 서원구 분평동,중상사고,0,1,0,0,차대차 - 정면충돌,안전운전불이행,젖음/습기,맑음,단일로 - 지하차도(도로)내,승용,남,35세,상해없음,자전거,남,70세,중상
2018062200100010,2018년 6월 22일 00시,금요일,충청북도 청주시 서원구 수곡동,경상사고,0,0,1,0,차대사람 - 기타,기타,건조,맑음,단일로 - 기타,승용,남,57세,상해없음,보행자,남,76세,경상
2018062200100021,2018년 6월 22일 01시,금요일,충청북도 청주시 상당구 용암동,경상사고,0,0,2,0,차대차 - 측면충돌,교차로운행방법위반,건조,맑음,교차로 - 교차로안,승용,남,50세,상해없음,승용,남,36세,경상
2018062200100030,2018년 6월 22일 02시,금요일,충청북도 청주시 청원구 율량동,경상사고,0,0,1,0,차대차 - 측면충돌,신호위반,건조,맑음,교차로 - 교차로안,승용,남,62세,상해없음,승용,여,25세,경상
2018062200100031,2018년 6월 22일 02시,금요일,충청북도 청주시 흥덕구 봉명동,경상사고,0,0,1,0,차대사람 - 기타,안전운전불이행,건조,맑음,단일로 - 기타,승용,남,28세,상해없음,보행자,여,18세,경상
2018062200100074,2018년 6월 22일 06시,금요일,충청북도 충주시 금릉동,중상사고,0,1,0,0,차대차 - 기타,안전운전불이행,건조,맑음,단일로 - 기타,승용,남,62세,상해없음,이륜,남,60세,중상
2018062200100094,2018년 6월 22일 07시,금요일,충청북도 청주시 상당구 북문로2가동,경상사고,0,0,1,0,차대사람 - 기타,안전운전불이행,건조,맑음,교차로 - 교차로안,기타불명,기타불명,미분류,기타불명,보행자,남,16세,경상
2018062200100095,2018년 6월 22일 07시,금요일,충청북도 충주시 연수동,경상사고,0,0,2,0,차대차 - 기타,안전운전불이행,건조,맑음,단일로 - 기타,승용,남,50세,상해없음,승용,남,29세,경상
2018062200100096,2018년 6월 22일 07시,금요일,충청북도 옥천군 청산면,경상사고,0,0,1,0,차량단독 - 도로외이탈 - 추락,안전운전불이행,건조,맑음,단일로 - 기타,화물,남,59세,경상,,,,
2018062200100143,2018년 6월 22일 08시,금요일,충청북도 충주시 문화동,사망사고,1,0,0,0,차대차 - 측면충돌,안전운전불이행,건조,맑음,교차로 - 교차로횡단보도내,승용,남,31세,상해없음,자전거,남,72세,사망
2018062200100144,2018년 6월 22일 08시,금요일,충청북도 증평군 증평읍,중상사고,0,1,0,0,차대사람 - 차도통행중,안전운전불이행,건조,흐림,교차로 - 교차로안,승용,여,46세,상해없음,보행자,여,44세,중상
2018062200100145,2018년 6월 22일 08시,금요일,충청북도 음성군 대소면,경상사고,0,0,1,0,차대사람 - 기타,안전운전불이행,건조,맑음,단일로 - 기타,승용,남,39세,상해없음,보행자,여,7세,경상
2018062200100146,2018년 6월 22일 08시,금요일,충청북도 청주시 서원구 개신동,중상사고,0,1,0,0,차대차 - 측면충돌,안전운전불이행,건조,맑음,교차로 - 교차로횡단보도내,승용,여,25세,상해없음,자전거,여,73세,중상
2018062200100185,2018년 6월 22일 09시,금요일,충청북도 진천군 덕산면,경상사고,0,0,1,0,차대차 - 기타,과속,건조,맑음,교차로 - 교차로부근,승용,남,39세,경상,승용,남,30세,상해없음
2018062200100186,2018년 6월 22일 09시,금요일,충청북도 청주시 상당구 지북동,경상사고,0,0,1,0,차대차 - 측면충돌,안전운전불이행,건조,맑음,단일로 - 지하차도(도로)내,건설기계,남,62세,상해없음,승용,남,34세,경상
2018062200100210,2018년 6월 22일 10시,금요일,충청북도 청주시 서원구 남이면,경상사고,0,0,2,0,차대차 - 측면충돌,교차로운행방법위반,건조,맑음,교차로 - 교차로안,승용,여,63세,경상,승용,남,46세,경상
2018062200100237,2018년 6월 22일 11시,금요일,충청북도 청주시 청원구 오창읍,경상사고,0,0,1,0,차대차 - 기타,안전운전불이행,건조,맑음,단일로 - 기타,승용,여,28세,상해없음,이륜,남,77세,경상
2018062200100264,2018년 6월 22일 12시,금요일,충청북도 제천시 덕산면,중상사고,0,1,1,0,차대차 - 정면충돌,안전운전불이행,건조,맑음,교차로 - 교차로안,이륜,여,66세,중상,이륜,남,53세,경상
2018062200100265,2018년 6월 22일 12시,금요일,충청북도 진천군 덕산면,경상사고,0,0,1,0,차대차 - 측면충돌,신호위반,건조,맑음,교차로 - 교차로안,승용,여,27세,상해없음,승합,남,42세,경상
2018062200100266,2018년 6월 22일 12시,금요일,충청북도 청주시 흥덕구 가경동,부상신고사고,0,0,0,1,차대사람 - 횡단중,안전운전불이행,건조,맑음,교차로 - 교차로횡단보도내,기타불명,기타불명,미분류,기타불명,보행자,여,74세,부상신고
2018062200100306,2018년 6월 22일 13시,금요일,충청북도 청주시 상당구 방서동,경상사고,0,0,1,0,차대차 - 기타,안전운전불이행,건조,맑음,교차로 - 교차로부근,승용,여,77세,상해없음,이륜,남,34세,경상
2018062200100350,2018년 6월 22일 14시,금요일,충청북도 청주시 상당구 북문로2가동,경상사고,0,0,1,0,차대차 - 측면충돌,안전운전불이행,건조,맑음,단일로 - 기타,자전거,남,55세,경상,승용,여,43세,상해없음
2018062200100351,2018년 6월 22일 14시,금요일,충청북도 청주시 청원구 사천동,경상사고,0,0,1,0,차대차 - 추돌,안전운전불이행,건조,맑음,교차로 - 교차로부근,승용,여,65세,기타불명,승용,여,38세,경상
2018062200100352,2018년 6월 22일 14시,금요일,충청북도 괴산군 괴산읍,중상사고,0,1,0,0,차대차 - 측면충돌,신호위반,건조,맑음,교차로 - 교차로안,승합,여,54세,상해없음,승용,남,52세,중상
2018062200100353,2018년 6월 22일 14시,금요일,충청북도 청주시 흥덕구 강내면,경상사고,0,0,1,0,차대차 - 측면충돌,안전거리미확보,기타,기타,교차로 - 교차로안,승용,남,20세,상해없음,승용,여,41세,경상
2018062200100388,2018년 6월 22일 15시,금요일,충청북도 충주시 대소원면,중상사고,0,1,0,1,차대차 - 측면충돌,안전거리미확보,건조,맑음,단일로 - 기타,화물,여,53세,부상신고,승용,여,55세,중상
2018062200100389,2018년 6월 22일 15시,금요일,충청북도 음성군 대소면,중상사고,0,1,0,0,차대차 - 측면충돌,안전운전불이행,건조,맑음,교차로 - 교차로부근,승용,여,48세,상해없음,이륜,남,26세,중상
2018062200100390,2018년 6월 22일 15시,금요일,충청북도 진천군 진천읍,중상사고,0,3,4,2,차대차 - 추돌,안전거리미확보,건조,맑음,단일로 - 기타,승용,남,33세,부상신고,승용,남,26세,부상신고
2018062200100441,2018년 6월 22일 16시,금요일,충청북도 충주시 칠금동,경상사고,0,0,1,0,차대차 - 기타,안전운전불이행,건조,맑음,교차로 - 교차로부근,승용,여,52세,상해없음,승용,남,31세,경상
2018062200100442,2018년 6월 22일 16시,금요일,충청북도 진천군 광혜원면,경상사고,0,0,1,0,차대차 - 기타,안전운전불이행,건조,맑음,단일로 - 기타,원동기,남,79세,경상,승용,여,25세,상해없음
2018062200100443,2018년 6월 22일 16시,금요일,충청북도 청주시 흥덕구 복대동,경상사고,0,0,1,0,차대사람 - 횡단중,신호위반,건조,맑음,교차로 - 교차로횡단보도내,승용,여,59세,상해없음,보행자,여,9세,경상
2018062200100444,2018년 6월 22일 16시,금요일,충청북도 청주시 상당구 남문로2가동,중상사고,0,1,0,0,차대차 - 기타,안전거리미확보,건조,맑음,단일로 - 지하차도(도로)내,승용,남,48세,상해없음,승합,남,54세,상해없음
2018062200100498,2018년 6월 22일 17시,금요일,충청북도 제천시 고암동,경상사고,0,0,1,0,차대차 - 측면충돌,안전운전불이행,건조,맑음,단일로 - 기타,이륜,남,22세,경상,승용,여,56세,상해없음
2018062200100499,2018년 6월 22일 17시,금요일,충청북도 영동군 영동읍,경상사고,0,0,1,0,차대사람 - 횡단중,보행자보호의무위반,건조,맑음,단일로 - 기타,승용,남,81세,상해없음,보행자,남,64세,경상
2018062200100500,2018년 6월 22일 17시,금요일,충청북도 진천군 진천읍,중상사고,0,1,0,0,차대차 - 기타,차로위반,건조,맑음,교차로 - 교차로안,승용,남,43세,상해없음,이륜,남,39세,중상
2018062200100501,2018년 6월 22일 17시,금요일,충청북도 청주시 흥덕구 봉명동,경상사고,0,0,1,0,차대차 - 측면충돌,안전운전불이행,건조,맑음,교차로 - 교차로안,승용,남,47세,상해없음,이륜,남,20세,경상
2018062200100502,2018년 6월 22일 17시,금요일,충청북도 청주시 흥덕구 오송읍,경상사고,0,0,1,0,차대차 - 추돌,안전운전불이행,건조,맑음,단일로 - 기타,승용,여,35세,경상,건설기계,남,62세,기타불명
2018062200100503,2018년 6월 22일 17시,금요일,충청북도 청주시 상당구 남문로1가동,경상사고,0,0,1,0,차대차 - 측면충돌,기타,건조,맑음,단일로 - 지하차도(도로)내,승용,여,75세,상해없음,승용,남,35세,경상
2018062200100555,2018년 6월 22일 18시,금요일,충청북도 청주시 서원구 산남동,경상사고,0,0,1,0,차대차 - 측면충돌,안전운전불이행,건조,맑음,단일로 - 기타,승용,여,54세,상해없음,승합,남,61세,경상
2018062200100556,2018년 6월 22일 18시,금요일,충청북도 청주시 상당구 용암동,경상사고,0,0,5,0,차대차 - 측면충돌,안전운전불이행,건조,맑음,교차로 - 교차로부근,승용,남,61세,상해없음,승용,여,55세,경상
2018062200100604,2018년 6월 22일 19시,금요일,충청북도 제천시 천남동,중상사고,0,1,1,0,차대차 - 측면충돌,안전운전불이행,건조,맑음,교차로 - 교차로안,승용,남,25세,경상,승용,남,40세,중상
2018062200100605,2018년 6월 22일 19시,금요일,충청북도 진천군 덕산면,경상사고,0,0,1,0,차대차 - 기타,중앙선침범,건조,맑음,단일로 - 기타,승용,여,42세,상해없음,이륜,남,31세,경상
2018062200100606,2018년 6월 22일 19시,금요일,충청북도 청주시 흥덕구 비하동,경상사고,0,0,1,0,차대사람 - 횡단중,안전운전불이행,건조,맑음,교차로 - 교차로부근,승용,남,40세,상해없음,보행자,여,27세,경상
2018062200100652,2018년 6월 22일 20시,금요일,충청북도 제천시 봉양읍,경상사고,0,0,1,0,차대사람 - 횡단중,안전운전불이행,건조,흐림,단일로 - 기타,승용,남,47세,상해없음,보행자,남,73세,경상
2018062200100695,2018년 6월 22일 21시,금요일,충청북도 청주시 상당구 서문동,경상사고,0,0,3,0,차대차 - 측면충돌,안전운전불이행,건조,맑음,단일로 - 지하차도(도로)내,승용,남,55세,상해없음,승용,남,28세,경상
2018062300100051,2018년 6월 23일 02시,토요일,충청북도 청주시 상당구 용암동,경상사고,0,0,1,0,차대차 - 후진중충돌,안전운전불이행,건조,맑음,단일로 - 지하차도(도로)내,승용,여,25세,상해없음,승용,남,61세,경상
2018062300100061,2018년 6월 23일 03시,토요일,충청북도 제천시 하소동,경상사고,0,0,1,0,차대차 - 측면충돌,안전운전불이행,건조,흐림,단일로 - 기타,이륜,남,42세,경상,승용,남,61세,기타불명
2018062300100062,2018년 6월 23일 03시,토요일,충청북도 청주시 흥덕구 오송읍,경상사고,0,0,1,0,차량단독 - 도로외이탈 - 추락,안전운전불이행,건조,맑음,단일로 - 기타,승용,남,23세,경상,,,,
2018062300100107,2018년 6월 23일 07시,토요일,충청북도 충주시 칠금동,중상사고,0,1,0,0,차대차 - 기타,안전운전불이행,건조,맑음,교차로 - 교차로부근,화물,남,61세,상해없음,승용,남,74세,중상
2018062300100144,2018년 6월 23일 09시,토요일,충청북도 청주시 청원구 율량동,경상사고,0,0,2,0,차대차 - 측면충돌,교차로운행방법위반,건조,맑음,교차로 - 교차로안,승용,남,34세,경상,승용,남,33세,경상
2018062300100145,2018년 6월 23일 09시,토요일,충청북도 청주시 상당구 문의면,경상사고,0,0,1,0,차대차 - 측면충돌,안전운전불이행,건조,맑음,교차로 - 교차로안,승용,남,74세,상해없음,승용,남,41세,경상
2018062300100173,2018년 6월 23일 10시,토요일,충청북도 청주시 흥덕구 가경동,경상사고,0,0,1,0,차대사람 - 횡단중,안전운전불이행,건조,맑음,교차로 - 교차로부근,승용,여,57세,상해없음,보행자,남,58세,경상
2018062300100213,2018년 6월 23일 11시,토요일,충청북도 음성군 감곡면,경상사고,0,0,1,0,차대차 - 측면충돌,교차로운행방법위반,건조,맑음,교차로 - 교차로부근,승용,여,64세,상해없음,승용,남,36세,경상
2018062300100214,2018년 6월 23일 11시,토요일,충청북도 단양군 대강면,중상사고,0,1,0,0,차대차 - 기타,신호위반,건조,맑음,교차로 - 교차로안,이륜,남,88세,중상,승용,남,63세,상해없음
2018062300100215,2018년 6월 23일 11시,토요일,충청북도 청주시 흥덕구 가경동,경상사고,0,0,3,0,차대차 - 기타,교차로운행방법위반,건조,맑음,교차로 - 교차로안,승용,남,30세,상해없음,승용,남,31세,경상
2018062300100255,2018년 6월 23일 12시,토요일,충청북도 충주시 중앙탑면,경상사고,0,0,1,0,차대사람 - 기타,안전운전불이행,건조,맑음,교차로 - 교차로부근,승용,남,53세,상해없음,보행자,여,26세,경상
2018062300100256,2018년 6월 23일 12시,토요일,충청북도 진천군 진천읍,경상사고,0,0,1,0,차대차 - 기타,안전운전불이행,건조,맑음,교차로 - 교차로안,이륜,남,18세,경상,승합,남,43세,상해없음
2018062300100301,2018년 6월 23일 13시,토요일,충청북도 청주시 상당구 금천동,부상신고사고,0,0,0,1,차대차 - 기타,안전운전불이행,건조,맑음,교차로 - 교차로부근,자전거,남,14세,부상신고,이륜,남,49세,상해없음
2018062300100302,2018년 6월 23일 13시,토요일,충청북도 청주시 서원구 모충동,중상사고,0,1,0,0,차대차 - 기타,안전운전불이행,건조,맑음,단일로 - 기타,화물,남,53세,상해없음,자전거,남,21세,중상
2018062300100367,2018년 6월 23일 15시,토요일,충청북도 청주시 청원구 우암동,경상사고,0,0,1,0,차대차 - 기타,안전운전불이행,건조,맑음,교차로 - 교차로부근,승용,남,37세,상해없음,이륜,남,31세,경상
2018062300100368,2018년 6월 23일 15시,토요일,충청북도 청주시 청원구 내수읍,중상사고,0,1,9,0,차대차 - 추돌,안전거리미확보,건조,맑음,단일로 - 기타,화물,남,57세,경상,승용,남,56세,경상
2018062300100369,2018년 6월 23일 15시,토요일,충청북도 괴산군 괴산읍,중상사고,0,1,0,0,차대차 - 기타,차로위반,건조,맑음,단일로 - 기타,승용,남,63세,상해없음,이륜,남,39세,중상
2018062300100403,2018년 6월 23일 16시,토요일,충청북도 청주시 청원구 내수읍,경상사고,0,0,1,0,차대차 - 후진중충돌,불법유턴,건조,맑음,단일로 - 기타,승용,남,43세,상해없음,승용,남,29세,경상
2018062300100404,2018년 6월 23일 16시,토요일,충청북도 청주시 흥덕구 복대동,경상사고,0,0,1,0,차대차 - 기타,안전운전불이행,건조,맑음,단일로 - 기타,승합,남,48세,상해없음,승용,남,48세,경상
2018062300100439,2018년 6월 23일 17시,토요일,충청북도 충주시 연수동,중상사고,0,1,0,0,차대차 - 기타,안전운전불이행,건조,맑음,단일로 - 기타,승용,여,58세,상해없음,이륜,남,17세,중상
2018062300100440,2018년 6월 23일 17시,토요일,충청북도 제천시 영천동,경상사고,0,0,1,0,차대차 - 측면충돌,신호위반,건조,맑음,교차로 - 교차로안,승용,남,65세,상해없음,승용,남,32세,경상
2018062300100441,2018년 6월 23일 17시,토요일,충청북도 옥천군 옥천읍,경상사고,0,0,2,0,차대차 - 측면충돌,안전운전불이행,건조,맑음,교차로 - 교차로안,이륜,남,72세,경상,승용,남,42세,경상
2018062300100464,2018년 6월 23일 18시,토요일,충청북도 진천군 덕산면,경상사고,0,0,1,0,차대차 - 기타,교차로운행방법위반,건조,맑음,교차로 - 교차로안,농기계,남,70세,경상,승용,남,43세,상해없음
2018062300100489,2018년 6월 23일 19시,토요일,충청북도 청주시 흥덕구 비하동,경상사고,0,0,2,0,차대차 - 측면충돌,안전운전불이행,건조,맑음,단일로 - 기타,승합,남,67세,경상,승용,남,79세,경상
2018062300100490,2018년 6월 23일 19시,토요일,충청북도 청주시 서원구 분평동,부상신고사고,0,0,0,1,차대차 - 기타,안전운전불이행,건조,맑음,단일로 - 기타,원동기,남,16세,부상신고,승용,여,47세,상해없음
2018062300100517,2018년 6월 23일 20시,토요일,충청북도 충주시 앙성면,경상사고,0,0,1,0,차대차 - 측면충돌,중앙선침범,건조,맑음,단일로 - 기타,승용,남,63세,상해없음,승용,남,82세,상해없음
2018062300100546,2018년 6월 23일 21시,토요일,충청북도 음성군 대소면,중상사고,0,1,1,0,차대차 - 기타,과속,건조,맑음,교차로 - 교차로부근,승용,남,25세,경상,승용,남,31세,상해없음
2018062300100547,2018년 6월 23일 21시,토요일,충청북도 청주시 상당구 영운동,경상사고,0,0,1,0,차대차 - 기타,안전운전불이행,건조,맑음,단일로 - 기타,승용,여,54세,상해없음,승용,남,61세,상해없음
2018062300100573,2018년 6월 23일 22시,토요일,충청북도 청주시 상당구 수동,경상사고,0,0,3,0,차대차 - 추돌,안전운전불이행,건조,맑음,단일로 - 기타,승용,남,60세,상해없음,승용,여,27세,경상
2018062400100009,2018년 6월 24일 00시,일요일,충청북도 증평군 증평읍,중상사고,0,1,0,0,차대사람 - 횡단중,안전운전불이행,건조,흐림,교차로 - 교차로부근,승용,남,47세,상해없음,보행자,여,30세,중상
2018062400100010,2018년 6월 24일 00시,일요일,충청북도 음성군 맹동면,경상사고,0,0,1,0,차량단독 - 도로외이탈 - 추락,안전운전불이행,건조,맑음,교차로 - 교차로부근,승용,남,30세,경상,,,,
2018062400100039,2018년 6월 24일 02시,일요일,충청북도 청주시 상당구 명암동,중상사고,0,1,0,0,차량단독 - 전도전복 - 전복,안전운전불이행,건조,맑음,단일로 - 기타,이륜,남,25세,중상,미분류,미분류,미분류,미분류
2018062400100054,2018년 6월 24일 04시,일요일,충청북도 청주시 청원구 오창읍,중상사고,0,2,0,0,차대차 - 추돌,안전운전불이행,건조,맑음,단일로 - 기타,승용,남,49세,상해없음,농기계,남,62세,중상
2018062400100132,2018년 6월 24일 10시,일요일,충청북도 증평군 증평읍,중상사고,0,1,0,0,차대사람 - 길가장자리구역통행중,안전운전불이행,건조,맑음,단일로 - 기타,화물,남,61세,상해없음,보행자,남,84세,중상
2018062400100172,2018년 6월 24일 12시,일요일,충청북도 청주시 상당구 금천동,경상사고,0,0,1,0,차대차 - 정면충돌,교차로운행방법위반,건조,맑음,교차로 - 교차로안,승용,여,26세,상해없음,이륜,남,40세,경상
2018062400100189,2018년 6월 24일 13시,일요일,충청북도 제천시 중앙로2가,중상사고,0,1,0,0,차대차 - 측면충돌,직진우회전진행방해,건조,맑음,교차로 - 교차로부근,승용,남,62세,상해없음,승용,남,41세,중상
2018062400100190,2018년 6월 24일 13시,일요일,충청북도 진천군 이월면,경상사고,0,0,1,0,차대차 - 기타,안전운전불이행,건조,맑음,단일로 - 기타,승용,여,28세,경상,화물,남,51세,상해없음
2018062400100221,2018년 6월 24일 14시,일요일,충청북도 청주시 서원구 사직동,경상사고,0,0,1,0,차량단독 - 기타,안전운전불이행,건조,맑음,단일로 - 기타,승용,남,67세,상해없음,,,,
2018062400100222,2018년 6월 24일 14시,일요일,충청북도 청주시 상당구 금천동,경상사고,0,0,1,0,차대차 - 측면충돌,안전운전불이행,건조,맑음,단일로 - 기타,화물,남,52세,상해없음,자전거,남,76세,경상
2018062400100275,2018년 6월 24일 16시,일요일,충청북도 제천시 청전동,중상사고,0,1,0,0,차대차 - 추돌,안전운전불이행,건조,맑음,교차로 - 교차로부근,승용,남,26세,상해없음,승용,남,55세,중상
2018062400100276,2018년 6월 24일 16시,일요일,충청북도 괴산군 장연면,중상사고,0,1,2,0,차대차 - 기타,차로위반,건조,맑음,단일로 - 기타,화물,남,62세,경상,승용,남,25세,경상
2018062400100277,2018년 6월 24일 16시,일요일,충청북도 음성군 맹동면,경상사고,0,0,2,0,차대차 - 측면충돌,교차로운행방법위반,건조,맑음,교차로 - 교차로안,승용,여,55세,경상,승용,남,51세,경상
2018062400100306,2018년 6월 24일 17시,일요일,충청북도 청주시 흥덕구 봉명동,중상사고,0,1,0,0,차대차 - 측면충돌,신호위반,건조,맑음,교차로 - 교차로안,이륜,남,22세,중상,승용,남,22세,상해없음