사고번호,사고일시,요일,시군구,사고내용,사망자수,중상자수,경상자수,부상신고자수,사고유형,법규위반,노면상태,기상상태,도로형태,가해운전자 차종,가해운전자 성별,가해운전자 연령,가해운전자 상해정도,피해운전자 차종,피해운전자 성별,피해운전자 연령,피해운전자 상해정도
2018062400100307,2018년 6월 24일 17시,일요일,충청북도 청주시 흥덕구 가경동,경상사고,0,0,1,0,차대차 - 기타,안전운전불이행,건조,맑음,단일로 - 기타,승용,남,48세,상해없음,승용,여,33세,경상
2018062400100390,2018년 6월 24일 20시,일요일,충청북도 청주시 청원구 오창읍,중상사고,0,1,0,0,차대사람 - 횡단중,안전운전불이행,건조,맑음,단일로 - 기타,승용,여,35세,상해없음,보행자,여,70세,중상
2018062400100434,2018년 6월 24일 22시,일요일,충청북도 청주시 상당구 금천동,경상사고,0,0,2,0,차대차 - 측면충돌,안전운전불이행,건조,맑음,교차로 - 교차로안,승용,남,27세,상해없음,승용,남,29세,경상
2018062500100006,2018년 6월 25일 00시,월요일,충청북도 제천시 서부동,중상사고,0,1,1,1,차대차 - 추돌,안전운전불이행,건조,맑음,교차로 - 교차로부근,승용,남,52세,부상신고,승용,남,64세,경상
2018062500100119,2018년 6월 25일 08시,월요일,충청북도 충주시 연수동,경상사고,0,0,2,0,차대차 - 측면충돌,신호위반,건조,맑음,교차로 - 교차로안,화물,남,55세,상해없음,승용,여,39세,경상
2018062500100160,2018년 6월 25일 09시,월요일,충청북도 진천군 진천읍,중상사고,0,1,0,0,차대사람 - 횡단중,안전운전불이행,건조,맑음,교차로 - 교차로안,승용,여,63세,상해없음,보행자,남,84세,중상
2018062500100188,2018년 6월 25일 10시,월요일,충청북도 충주시 용산동,중상사고,0,1,1,0,차대차 - 기타,안전운전불이행,건조,맑음,단일로 - 기타,이륜,남,59세,중상,승용,남,33세,경상
2018062500100189,2018년 6월 25일 10시,월요일,충청북도 제천시 명지동,경상사고,0,0,3,0,차대차 - 추돌,안전운전불이행,건조,맑음,단일로 - 기타,화물,남,27세,경상,화물,남,33세,경상
2018062500100190,2018년 6월 25일 10시,월요일,충청북도 청주시 흥덕구 신봉동,중상사고,0,1,0,0,차대차 - 측면충돌,안전운전불이행,건조,맑음,교차로 - 교차로안,승용,남,63세,상해없음,자전거,남,78세,중상
2018062500100229,2018년 6월 25일 11시,월요일,충청북도 충주시 칠금동,중상사고,0,1,0,0,차대차 - 기타,안전운전불이행,건조,맑음,단일로 - 기타,화물,남,71세,상해없음,승용,남,62세,중상
2018062500100230,2018년 6월 25일 11시,월요일,충청북도 단양군 단양읍,중상사고,0,1,0,0,차대차 - 측면충돌,직진우회전진행방해,건조,맑음,교차로 - 교차로안,승용,여,54세,상해없음,승용,여,63세,중상
2018062500100271,2018년 6월 25일 12시,월요일,충청북도 충주시 연수동,중상사고,0,1,0,0,차대사람 - 횡단중,보행자보호의무위반,건조,맑음,교차로 - 교차로횡단보도내,승용,여,46세,상해없음,보행자,여,52세,중상
2018062500100272,2018년 6월 25일 12시,월요일,충청북도 옥천군 옥천읍,중상사고,0,1,0,0,차대사람 - 차도통행중,안전운전불이행,건조,맑음,교차로 - 교차로부근,승용,여,31세,상해없음,보행자,여,71세,중상
2018062500100273,2018년 6월 25일 12시,월요일,충청북도 청주시 상당구 미원면,중상사고,0,1,0,0,차대차 - 후진중충돌,안전운전불이행,건조,맑음,단일로 - 기타,화물,남,37세,상해없음,승용,남,25세,중상
2018062500100359,2018년 6월 25일 14시,월요일,충청북도 충주시 엄정면,경상사고,0,0,2,0,차대차 - 기타,신호위반,건조,맑음,교차로 - 교차로안,승합,남,52세,상해없음,승합,남,65세,경상
2018062500100360,2018년 6월 25일 14시,월요일,충청북도 청주시 흥덕구 가경동,경상사고,0,0,1,0,차대차 - 기타,안전운전불이행,건조,맑음,단일로 - 기타,승용,여,32세,상해없음,이륜,남,46세,경상
2018062500100402,2018년 6월 25일 15시,월요일,충청북도 영동군 학산면,중상사고,0,1,0,0,차대차 - 측면충돌,안전운전불이행,건조,맑음,단일로 - 기타,승용,여,64세,상해없음,이륜,여,67세,중상
2018062500100451,2018년 6월 25일 16시,월요일,충청북도 충주시 교현동,경상사고,0,0,1,0,차대차 - 기타,안전운전불이행,건조,맑음,교차로 - 교차로부근,승용,남,38세,상해없음,승용,여,63세,경상
2018062500100452,2018년 6월 25일 16시,월요일,충청북도 청주시 흥덕구 강내면,중상사고,0,1,0,0,차대차 - 측면충돌,안전운전불이행,건조,맑음,단일로 - 기타,이륜,남,59세,중상,승합,남,52세,상해없음
2018062500100453,2018년 6월 25일 16시,월요일,충청북도 청주시 서원구 분평동,경상사고,0,0,1,0,차량단독 - 기타,안전운전불이행,건조,맑음,교차로 - 교차로부근,승용,남,55세,상해없음,,,,
2018062500100493,2018년 6월 25일 17시,월요일,충청북도 청주시 서원구 사창동,경상사고,0,0,2,0,차대차 - 측면충돌,안전거리미확보,건조,맑음,교차로 - 교차로안,승용,남,57세,상해없음,승용,여,34세,경상
2018062500100494,2018년 6월 25일 17시,월요일,충청북도 진천군 진천읍,중상사고,0,1,0,0,차대차 - 기타,안전운전불이행,건조,맑음,교차로 - 교차로안,화물,남,80세,상해없음,이륜,남,74세,중상
2018062500100495,2018년 6월 25일 17시,월요일,충청북도 청주시 서원구 모충동,경상사고,0,0,3,0,차대차 - 측면충돌,교차로운행방법위반,건조,맑음,교차로 - 교차로안,승용,여,51세,경상,승용,남,59세,경상
2018062500100541,2018년 6월 25일 18시,월요일,충청북도 괴산군 괴산읍,중상사고,0,1,2,0,차대차 - 기타,안전운전불이행,건조,맑음,교차로 - 교차로안,농기계,남,54세,중상,승용,남,66세,경상
2018062500100577,2018년 6월 25일 19시,월요일,충청북도 충주시 문화동,경상사고,0,0,1,0,차대사람 - 차도통행중,안전운전불이행,건조,맑음,교차로 - 교차로부근,승용,여,42세,상해없음,보행자,남,52세,경상
2018062500100578,2018년 6월 25일 19시,월요일,충청북도 제천시 명동,경상사고,0,0,1,0,차대사람 - 횡단중,안전운전불이행,건조,맑음,교차로 - 교차로안,화물,남,42세,상해없음,보행자,남,46세,경상
2018062500100612,2018년 6월 25일 20시,월요일,충청북도 제천시 청전동,경상사고,0,0,2,0,차대차 - 측면충돌,직진우회전진행방해,건조,맑음,교차로 - 교차로안,승용,남,53세,상해없음,승용,여,51세,경상
2018062500100641,2018년 6월 25일 21시,월요일,충청북도 청주시 상당구 용암동,경상사고,0,0,1,0,차대사람 - 횡단중,보행자보호의무위반,건조,맑음,교차로 - 교차로부근,승용,여,32세,상해없음,보행자,남,57세,경상
2018062500100669,2018년 6월 25일 22시,월요일,충청북도 진천군 진천읍,중상사고,0,1,0,0,차대차 - 측면충돌,교차로운행방법위반,건조,맑음,교차로 - 교차로부근,승합,남,51세,상해없음,자전거,남,18세,중상
2018062600100071,2018년 6월 26일 06시,화요일,충청북도 청주시 상당구 문의면,중상사고,0,2,0,0,차대차 - 측면충돌,안전운전불이행,건조,맑음,교차로 - 교차로안,승용,여,54세,상해없음,원동기,남,75세,중상
2018062600100093,2018년 6월 26일 07시,화요일,충청북도 청주시 서원구 성화동,경상사고,0,0,1,0,차대차 - 기타,기타,건조,맑음,교차로 - 교차로부근,승용,여,39세,상해없음,승용,여,52세,경상
2018062600100139,2018년 6월 26일 08시,화요일,충청북도 음성군 금왕읍,중상사고,0,1,0,0,차대사람 - 기타,안전운전불이행,젖음/습기,비,단일로 - 기타,승용,여,65세,상해없음,보행자,여,60세,중상
2018062600100140,2018년 6월 26일 08시,화요일,충청북도 청주시 흥덕구 복대동,경상사고,0,0,1,3,차대차 - 측면충돌,교차로운행방법위반,젖음/습기,비,교차로 - 교차로안,승합,남,63세,상해없음,승용,남,50세,경상
2018062600100187,2018년 6월 26일 09시,화요일,충청북도 충주시 목행동,중상사고,0,1,0,0,차대차 - 측면충돌,직진우회전진행방해,건조,맑음,교차로 - 교차로안,승합,남,67세,상해없음,승용,여,38세,중상
2018062600100220,2018년 6월 26일 10시,화요일,충청북도 제천시 청전동,중상사고,0,1,0,0,차대차 - 측면충돌,안전운전불이행,젖음/습기,비,교차로 - 교차로안,화물,남,59세,상해없음,자전거,남,61세,중상
2018062600100221,2018년 6월 26일 10시,화요일,충청북도 청주시 흥덕구 강내면,경상사고,0,0,1,0,차대차 - 기타,안전거리미확보,젖음/습기,비,교차로 - 교차로부근,승용,남,62세,상해없음,승용,여,48세,경상
2018062600100222,2018년 6월 26일 10시,화요일,충청북도 청주시 흥덕구 봉명동,중상사고,0,1,1,1,차대차 - 측면충돌,교차로운행방법위반,젖음/습기,비,교차로 - 교차로안,승용,여,66세,경상,승용,남,36세,부상신고
2018062600100277,2018년 6월 26일 12시,화요일,충청북도 충주시 금릉동,경상사고,0,0,2,0,차대차 - 기타,안전운전불이행,젖음/습기,비,교차로 - 교차로안,승용,남,35세,경상,승용,남,58세,경상
2018062600100304,2018년 6월 26일 13시,화요일,충청북도 음성군 음성읍,경상사고,0,0,1,0,차대차 - 측면충돌,교차로운행방법위반,젖음/습기,비,교차로 - 교차로안,승용,남,52세,상해없음,승용,여,63세,경상
2018062600100305,2018년 6월 26일 13시,화요일,충청북도 청주시 상당구 운동동,경상사고,0,0,3,0,차대차 - 측면충돌,안전운전불이행,건조,맑음,교차로 - 교차로안,승합,남,59세,상해없음,승용,여,63세,경상
2018062600100327,2018년 6월 26일 14시,화요일,충청북도 제천시 하소동,경상사고,0,0,1,0,차대차 - 측면충돌,안전운전불이행,젖음/습기,비,교차로 - 교차로안,승용,남,46세,상해없음,승용,남,64세,상해없음
2018062600100328,2018년 6월 26일 14시,화요일,충청북도 영동군 황간면,경상사고,0,0,1,0,차대차 - 측면충돌,안전운전불이행,건조,맑음,교차로 - 교차로안,승용,여,56세,경상,승용,남,62세,상해없음
2018062600100396,2018년 6월 26일 16시,화요일,충청북도 충주시 신니면,부상신고사고,0,0,0,1,차대사람 - 기타,안전운전불이행,젖음/습기,비,단일로 - 기타,화물,남,71세,상해없음,보행자,여,54세,부상신고
2018062600100397,2018년 6월 26일 16시,화요일,충청북도 음성군 대소면,부상신고사고,0,0,0,1,차대차 - 추돌,차로위반,젖음/습기,비,단일로 - 기타,승용,여,50세,부상신고,승용,남,33세,상해없음
2018062600100399,2018년 6월 26일 16시,화요일,충청북도 청주시 서원구 모충동,경상사고,0,0,1,0,차대차 - 기타,안전운전불이행,젖음/습기,흐림,교차로 - 교차로안,이륜,남,19세,경상,승용,남,50세,상해없음
2018062600100442,2018년 6월 26일 17시,화요일,충청북도 진천군 광혜원면,경상사고,0,0,1,0,차대사람 - 기타,안전운전불이행,건조,맑음,교차로 - 교차로안,승용,여,22세,상해없음,보행자,여,52세,경상
2018062600100443,2018년 6월 26일 17시,화요일,충청북도 청주시 흥덕구 석곡동,경상사고,0,0,2,0,차대차 - 추돌,안전운전불이행,건조,맑음,교차로 - 교차로부근,승용,남,40세,상해없음,승용,남,28세,경상
2018062600100479,2018년 6월 26일 18시,화요일,충청북도 청주시 청원구 외평동,중상사고,0,1,1,0,차대차 - 측면충돌,안전운전불이행,젖음/습기,비,교차로 - 교차로부근,승용,남,22세,상해없음,승용,남,63세,경상
2018062600100542,2018년 6월 26일 20시,화요일,충청북도 청주시 상당구 수동,부상신고사고,0,0,0,1,차대차 - 기타,안전운전불이행,젖음/습기,비,단일로 - 기타,이륜,남,66세,부상신고,승용,남,64세,상해없음
2018062600100543,2018년 6월 26일 20시,화요일,충청북도 증평군 증평읍,경상사고,0,0,2,0,차대차 - 측면충돌,신호위반,젖음/습기,비,교차로 - 교차로부근,승용,남,29세,상해없음,승용,남,44세,상해없음
2018062600100584,2018년 6월 26일 21시,화요일,충청북도 충주시 가주동,중상사고,0,1,0,0,차대차 - 기타,중앙선침범,젖음/습기,비,단일로 - 기타,화물,남,61세,상해없음,화물,남,59세,중상
2018062600100585,2018년 6월 26일 21시,화요일,충청북도 증평군 증평읍,중상사고,0,2,1,0,차대차 - 정면충돌,중앙선침범,젖음/습기,비,단일로 - 기타,승용,남,29세,경상,승용,남,62세,중상
2018062600100586,2018년 6월 26일 21시,화요일,충청북도 청주시 흥덕구 가경동,경상사고,0,0,4,0,차대차 - 측면충돌,교차로운행방법위반,젖음/습기,비,교차로 - 교차로안,승용,여,62세,상해없음,승용,남,44세,경상
2018062600100587,2018년 6월 26일 21시,화요일,충청북도 청주시 서원구 개신동,경상사고,0,0,1,0,차대차 - 측면충돌,안전운전불이행,젖음/습기,비,교차로 - 교차로부근,화물,남,61세,상해없음,승용,여,40세,경상
2018062600100588,2018년 6월 26일 21시,화요일,충청북도 청주시 흥덕구 복대동,중상사고,0,2,0,0,차대사람 - 횡단중,신호위반,젖음/습기,비,단일로 - 기타,승용,남,24세,상해없음,보행자,남,54세,중상
2018062600100589,2018년 6월 26일 21시,화요일,충청북도 청주시 흥덕구 신봉동,경상사고,0,0,3,0,차대차 - 기타,교차로운행방법위반,건조,맑음,교차로 - 교차로안,승용,남,58세,상해없음,승용,남,24세,경상
2018062600100639,2018년 6월 26일 23시,화요일,충청북도 음성군 금왕읍,경상사고,0,0,3,0,차대차 - 정면충돌,중앙선침범,건조,맑음,단일로 - 기타,승용,여,44세,경상,승용,남,48세,경상
2018062600100640,2018년 6월 26일 23시,화요일,충청북도 청주시 흥덕구 신봉동,중상사고,0,1,1,0,차대차 - 추돌,안전운전불이행,젖음/습기,비,단일로 - 기타,승용,남,45세,상해없음,승용,남,62세,중상
2018062700100030,2018년 6월 27일 02시,수요일,충청북도 청주시 상당구 북문로2가동,경상사고,0,0,1,0,차대차 - 기타,안전운전불이행,젖음/습기,흐림,교차로 - 교차로안,승용,여,23세,경상,승용,남,55세,상해없음
2018062700100049,2018년 6월 27일 04시,수요일,충청북도 청주시 흥덕구 강서동,경상사고,0,0,1,0,차대차 - 기타,안전운전불이행,건조,흐림,교차로 - 교차로부근,승용,남,48세,상해없음,승용,남,27세,경상
2018062700100055,2018년 6월 27일 05시,수요일,충청북도 청주시 흥덕구 가경동,경상사고,0,0,5,0,차대차 - 추돌,안전운전불이행,건조,맑음,단일로 - 기타,승용,여,31세,상해없음,승합,남,61세,경상
2018062700100056,2018년 6월 27일 05시,수요일,충청북도 청주시 서원구 수곡동,중상사고,0,1,1,0,차대차 - 기타,교차로운행방법위반,건조,맑음,교차로 - 교차로안,승용,남,23세,경상,승용,남,66세,중상
2018062700100109,2018년 6월 27일 08시,수요일,충청북도 청주시 상당구 영운동,경상사고,0,0,1,0,차대차 - 후진중충돌,안전운전불이행,건조,맑음,주차장 - 주차장,승용,여,63세,상해없음,승용,남,29세,경상
2018062700100191,2018년 6월 27일 11시,수요일,충청북도 충주시 주덕읍,부상신고사고,0,0,0,1,차대차 - 측면충돌,신호위반,건조,맑음,교차로 - 교차로안,자전거,남,83세,부상신고,승용,여,44세,상해없음
2018062700100192,2018년 6월 27일 11시,수요일,충청북도 청주시 흥덕구 가경동,경상사고,0,0,2,0,차대차 - 측면충돌,안전운전불이행,건조,맑음,기타 - 기타,승용,여,64세,경상,승용,남,28세,경상
2018062700100233,2018년 6월 27일 13시,수요일,충청북도 충주시 교현동,중상사고,0,1,0,0,차대사람 - 기타,보행자보호의무위반,건조,맑음,교차로 - 교차로횡단보도내,승용,남,78세,상해없음,보행자,여,67세,중상
2018062700100234,2018년 6월 27일 13시,수요일,충청북도 제천시 고암동,경상사고,0,0,2,0,차대사람 - 차도통행중,보행자보호의무위반,건조,맑음,단일로 - 지하차도(도로)내,승용,남,79세,상해없음,보행자,여,11세,경상
2018062700100235,2018년 6월 27일 13시,수요일,충청북도 괴산군 소수면,경상사고,0,0,1,0,차량단독 - 기타,안전운전불이행,건조,맑음,단일로 - 기타,승용,남,29세,경상,,,,
2018062700100236,2018년 6월 27일 13시,수요일,충청북도 음성군 생극면,중상사고,0,1,1,0,차대차 - 측면충돌,교차로운행방법위반,건조,맑음,교차로 - 교차로안,승용,남,56세,상해없음,승용,남,75세,중상
2018062700100258,2018년 6월 27일 14시,수요일,충청북도 제천시 장락동,중상사고,0,1,3,0,차대차 - 측면충돌,신호위반,건조,맑음,교차로 - 교차로안,승용,남,27세,경상,승용,여,54세,경상
2018062700100259,2018년 6월 27일 14시,수요일,충청북도 음성군 맹동면,중상사고,0,1,0,0,차량단독 - 공작물충돌,안전운전불이행,건조,맑음,교차로 - 교차로부근,화물,남,62세,중상,,,,
2018062700100260,2018년 6월 27일 14시,수요일,충청북도 진천군 진천읍,경상사고,0,0,1,0,차대차 - 기타,기타,건조,맑음,교차로 - 교차로안,화물,남,57세,상해없음,승용,여,48세,경상
2018062700100263,2018년 6월 27일 14시,수요일,충청북도 옥천군 동이면,중상사고,0,1,0,0,차대차 - 기타,중앙선침범,건조,맑음,단일로 - 터널,승용,남,59세,상해없음,화물,남,56세,중상
2018062700100292,2018년 6월 27일 15시,수요일,충청북도 음성군 음성읍,중상사고,0,1,0,0,차대사람 - 길가장자리구역통행중,기타,건조,맑음,교차로 - 교차로안,화물,남,48세,상해없음,보행자,남,46세,중상
2018062700100293,2018년 6월 27일 15시,수요일,충청북도 청주시 흥덕구 오송읍,중상사고,0,1,0,0,차대차 - 측면충돌,신호위반,건조,맑음,교차로 - 교차로안,승용,여,70세,중상,승용,남,50세,상해없음
2018062700100325,2018년 6월 27일 16시,수요일,충청북도 충주시 교현동,중상사고,0,2,1,0,차대사람 - 기타,보행자보호의무위반,건조,맑음,교차로 - 교차로횡단보도내,승용,여,31세,상해없음,보행자,여,29세,중상
2018062700100365,2018년 6월 27일 17시,수요일,충청북도 충주시 교현동,중상사고,0,1,0,0,차대차 - 기타,안전운전불이행,건조,맑음,기타 - 기타,승용,남,31세,상해없음,자전거,여,72세,중상
2018062700100366,2018년 6월 27일 17시,수요일,충청북도 괴산군 칠성면,중상사고,0,1,1,0,차대차 - 정면충돌,중앙선침범,건조,흐림,단일로 - 기타,화물,남,67세,경상,승용,남,52세,중상
2018062700100367,2018년 6월 27일 17시,수요일,충청북도 청주시 흥덕구 봉명동,경상사고,0,0,1,0,차대차 - 측면충돌,안전운전불이행,건조,맑음,단일로 - 기타,승용,남,59세,상해없음,승용,남,53세,경상
2018062700100419,2018년 6월 27일 18시,수요일,충청북도 괴산군 청안면,중상사고,0,1,0,0,차대사람 - 길가장자리구역통행중,안전운전불이행,건조,맑음,단일로 - 기타,화물,남,63세,상해없음,보행자,여,75세,중상
2018062700100446,2018년 6월 27일 19시,수요일,충청북도 청주시 흥덕구 강내면,경상사고,0,0,1,0,차대차 - 측면충돌,안전운전불이행,건조,맑음,단일로 - 기타,승용,여,46세,상해없음,자전거,남,62세,경상
2018062700100447,2018년 6월 27일 19시,수요일,충청북도 청주시 상당구 석교동,중상사고,0,1,0,0,차대차 - 측면충돌,안전운전불이행,건조,맑음,교차로 - 교차로부근,승용,여,35세,상해없음,자전거,남,76세,중상
2018062700100470,2018년 6월 27일 20시,수요일,충청북도 괴산군 괴산읍,경상사고,0,0,1,0,차대차 - 기타,직진우회전진행방해,건조,맑음,교차로 - 교차로안,승용,남,49세,상해없음,이륜,남,62세,경상
2018062700100505,2018년 6월 27일 21시,수요일,충청북도 청주시 흥덕구 옥산면,경상사고,0,0,1,0,차대차 - 기타,기타,건조,맑음,교차로 - 교차로안,이륜,남,41세,경상,승용,남,26세,상해없음
2018062700100564,2018년 6월 27일 23시,수요일,충청북도 충주시 문화동,경상사고,0,0,1,0,차대차 - 기타,신호위반,건조,맑음,교차로 - 교차로안,원동기,남,48세,상해없음,화물,여,31세,경상
2018062800100047,2018년 6월 28일 03시,목요일,충청북도 청주시 서원구 사창동,중상사고,0,1,2,0,차대차 - 측면충돌,신호위반,건조,맑음,교차로 - 교차로안,승용,남,67세,상해없음,승용,남,21세,경상
2018062800100053,2018년 6월 28일 04시,목요일,충청북도 청주시 흥덕구 복대동,경상사고,0,0,1,0,차량단독 - 전도전복 - 전도,안전운전불이행,건조,맑음,단일로 - 기타,이륜,남,18세,경상,미분류,미분류,미분류,미분류
2018062800100061,2018년 6월 28일 05시,목요일,충청북도 충주시 주덕읍,부상신고사고,0,0,0,1,차대차 - 기타,중앙선침범,건조,맑음,단일로 - 기타,이륜,남,74세,부상신고,화물,남,49세,상해없음
2018062800100062,2018년 6월 28일 05시,목요일,충청북도 제천시 남천동,중상사고,0,1,0,0,차대차 - 추돌,안전운전불이행,건조,맑음,단일로 - 기타,승용,남,51세,상해없음,승용,남,61세,중상
2018062800100100,2018년 6월 28일 07시,목요일,충청북도 청주시 청원구 외하동,경상사고,0,0,1,0,차대차 - 기타,안전거리미확보,건조,맑음,교차로 - 교차로부근,승용,남,26세,상해없음,승용,남,29세,경상
2018062800100101,2018년 6월 28일 07시,목요일,충청북도 청주시 흥덕구 복대동,경상사고,0,0,2,0,차대차 - 추돌,안전운전불이행,건조,맑음,단일로 - 기타,승용,여,22세,상해없음,승용,남,65세,경상
2018062800100132,2018년 6월 28일 08시,목요일,충청북도 제천시 하소동,경상사고,0,0,1,0,차대차 - 측면충돌,신호위반,건조,맑음,교차로 - 교차로안,승용,남,58세,상해없음,승용,여,30세,경상
2018062800100133,2018년 6월 28일 08시,목요일,충청북도 제천시 왕암동,중상사고,0,1,0,0,차대차 - 측면충돌,안전거리미확보,건조,맑음,교차로 - 교차로부근,자전거,남,79세,중상,특수,남,45세,상해없음
2018062800100195,2018년 6월 28일 10시,목요일,충청북도 청주시 흥덕구 봉명동,경상사고,0,0,1,0,차대사람 - 횡단중,신호위반,건조,맑음,교차로 - 교차로횡단보도내,화물,남,63세,상해없음,보행자,여,27세,경상
2018062800100221,2018년 6월 28일 11시,목요일,충청북도 청주시 청원구 주중동,경상사고,0,0,1,0,차대차 - 기타,안전운전불이행,건조,맑음,교차로 - 교차로안,승용,여,24세,상해없음,승용,여,54세,경상
2018062800100222,2018년 6월 28일 11시,목요일,충청북도 괴산군 괴산읍,부상신고사고,0,0,0,1,차대차 - 기타,직진우회전진행방해,건조,맑음,교차로 - 교차로안,승용,남,77세,부상신고,승용,남,52세,상해없음
2018062800100224,2018년 6월 28일 11시,목요일,충청북도 청주시 흥덕구 강서동,경상사고,0,0,1,0,차대차 - 기타,신호위반,건조,맑음,교차로 - 교차로안,자전거,여,16세,경상,승용,여,48세,상해없음
2018062800100247,2018년 6월 28일 12시,목요일,충청북도 제천시 동현동,경상사고,0,0,1,0,차대차 - 추돌,교차로운행방법위반,건조,흐림,교차로 - 교차로안,승용,남,61세,상해없음,승용,남,64세,경상
2018062800100264,2018년 6월 28일 13시,목요일,충청북도 음성군 음성읍,중상사고,0,1,2,0,차대차 - 측면충돌,교차로운행방법위반,건조,맑음,교차로 - 교차로안,승용,여,52세,경상,승용,남,28세,상해없음
2018062800100265,2018년 6월 28일 13시,목요일,충청북도 옥천군 청산면,경상사고,0,0,2,0,차대차 - 측면충돌,교차로운행방법위반,건조,맑음,교차로 - 교차로안,승용,남,35세,상해없음,승용,여,60세,경상
2018062800100266,2018년 6월 28일 13시,목요일,충청북도 청주시 흥덕구 옥산면,경상사고,0,0,1,0,차대차 - 기타,교차로운행방법위반,건조,맑음,교차로 - 교차로안,화물,남,54세,상해없음,이륜,남,50세,경상
2018062800100351,2018년 6월 28일 16시,목요일,충청북도 청주시 흥덕구 복대동,경상사고,0,0,1,0,차대사람 - 기타,신호위반,건조,맑음,단일로 - 기타,이륜,남,26세,상해없음,보행자,여,56세,경상
2018062800100390,2018년 6월 28일 17시,목요일,충청북도 청주시 청원구 오창읍,중상사고,0,2,3,0,차대차 - 측면충돌,신호위반,건조,맑음,교차로 - 교차로안,승용,남,51세,상해없음,승용,남,64세,중상
2018062800100391,2018년 6월 28일 17시,목요일,충청북도 음성군 삼성면,경상사고,0,0,2,0,차대차 - 측면충돌,신호위반,건조,맑음,교차로 - 교차로안,승용,여,39세,경상,승합,남,47세,경상
2018062800100392,2018년 6월 28일 17시,목요일,충청북도 청주시 흥덕구 봉명동,중상사고,0,1,0,0,차대사람 - 기타,보행자보호의무위반,건조,맑음,교차로 - 교차로횡단보도내,승용,남,53세,상해없음,보행자,남,7세,중상
2018062800100393,2018년 6월 28일 17시,목요일,충청북도 청주시 서원구 남이면,경상사고,0,0,1,0,차대차 - 측면충돌,안전거리미확보,건조,맑음,교차로 - 교차로부근,승용,여,45세,상해없음,승용,여,57세,상해없음
2018062800100394,2018년 6월 28일 17시,목요일,충청북도 청주시 흥덕구 비하동,경상사고,0,0,2,0,차대차 - 측면충돌,안전운전불이행,건조,맑음,단일로 - 기타,승용,여,38세,경상,승용,남,26세,경상
2018062800100468,2018년 6월 28일 19시,목요일,충청북도 청주시 서원구 개신동,경상사고,0,0,1,0,차대차 - 추돌,안전운전불이행,건조,맑음,교차로 - 교차로부근,승합,남,39세,상해없음,승용,여,35세,경상
2018062800100595,2018년 6월 28일 23시,목요일,충청북도 제천시 모산동,경상사고,0,0,5,0,차대차 - 측면충돌,신호위반,젖음/습기,흐림,교차로 - 교차로안,승용,여,20세,경상,승용,남,28세,경상
2018062900100009,2018년 6월 29일 00시,금요일,충청북도 청주시 흥덕구 오송읍,경상사고,0,0,1,0,차대차 - 추돌,안전운전불이행,건조,맑음,교차로 - 교차로부근,승용,남,28세,상해없음,승용,남,37세,경상
2018062900100010,2018년 6월 29일 00시,금요일,충청북도 청주시 흥덕구 가경동,경상사고,0,0,2,0,차대차 - 추돌,안전운전불이행,건조,맑음,교차로 - 교차로부근,승용,남,22세,상해없음,승용,여,60세,경상
2018062900100052,2018년 6월 29일 05시,금요일,충청북도 청주시 상당구 용암동,경상사고,0,0,1,0,차대차 - 측면충돌,안전운전불이행,건조,맑음,교차로 - 교차로부근,승용,남,34세,경상,승용,남,73세,상해없음
2018062900100059,2018년 6월 29일 06시,금요일,충청북도 청주시 청원구 우암동,중상사고,0,1,0,0,차대차 - 측면충돌,신호위반,건조,맑음,교차로 - 교차로안,승용,남,62세,기타불명,화물,남,49세,중상
2018062900100077,2018년 6월 29일 07시,금요일,충청북도 청주시 서원구 분평동,경상사고,0,0,1,0,차대사람 - 보도통행중,보행자보호의무위반,건조,맑음,단일로 - 지하차도(도로)내,승용,남,31세,상해없음,보행자,남,15세,경상
2018062900100111,2018년 6월 29일 08시,금요일,충청북도 충주시 주덕읍,중상사고,0,1,0,0,차대차 - 측면충돌,안전거리미확보,건조,맑음,단일로 - 기타,화물,남,53세,상해없음,승용,여,49세,중상
2018062900100112,2018년 6월 29일 08시,금요일,충청북도 음성군 대소면,중상사고,0,1,0,0,차대차 - 측면충돌,교차로운행방법위반,건조,맑음,교차로 - 교차로안,이륜,남,74세,중상,승용,남,58세,상해없음
2018062900100201,2018년 6월 29일 11시,금요일,충청북도 충주시 동량면,사망사고,1,0,0,0,차량단독 - 도로외이탈 - 추락,안전운전불이행,건조,맑음,단일로 - 기타,건설기계,남,31세,사망,,,,
2018062900100202,2018년 6월 29일 11시,금요일,충청북도 청주시 흥덕구 봉명동,경상사고,0,0,1,0,차대차 - 측면충돌,안전운전불이행,건조,맑음,교차로 - 교차로안,승용,여,54세,상해없음,자전거,남,30세,경상
2018062900100231,2018년 6월 29일 12시,금요일,충청북도 청주시 흥덕구 가경동,경상사고,0,0,1,0,차대차 - 추돌,안전운전불이행,건조,맑음,교차로 - 교차로부근,승용,남,66세,상해없음,승용,여,52세,경상
2018062900100264,2018년 6월 29일 13시,금요일,충청북도 청주시 청원구 우암동,경상사고,0,0,2,0,차대차 - 기타,안전운전불이행,건조,맑음,단일로 - 기타,승용,여,39세,경상,화물,남,46세,경상