사고번호,사고일시,요일,시군구,사고내용,사망자수,중상자수,경상자수,부상신고자수,사고유형,법규위반,노면상태,기상상태,도로형태,가해운전자 차종,가해운전자 성별,가해운전자 연령,가해운전자 상해정도,피해운전자 차종,피해운전자 성별,피해운전자 연령,피해운전자 상해정도
2018070300100316,2018년 7월 3일 15시,화요일,충청북도 청주시 상당구 석교동,중상사고,0,1,0,0,차대사람 - 횡단중,안전운전불이행,건조,맑음,단일로 - 지하차도(도로)내,승용,남,53세,상해없음,보행자,여,70세,중상
2018070300100353,2018년 7월 3일 16시,화요일,충청북도 제천시 하소동,중상사고,0,2,0,0,차대차 - 추돌,안전운전불이행,건조,맑음,교차로 - 교차로부근,승용,남,53세,상해없음,승용,남,55세,중상
2018070300100488,2018년 7월 3일 20시,화요일,충청북도 충주시 봉방동,경상사고,0,0,1,0,차대사람 - 횡단중,보행자보호의무위반,젖음/습기,흐림,기타 - 기타,승용,여,43세,상해없음,보행자,남,71세,경상
2018070300100489,2018년 7월 3일 20시,화요일,충청북도 충주시 지현동,경상사고,0,0,5,0,차대차 - 기타,신호위반,건조,맑음,교차로 - 교차로안,승용,여,66세,경상,승용,여,53세,경상
2018070300100552,2018년 7월 3일 22시,화요일,충청북도 청주시 흥덕구 복대동,경상사고,0,0,1,0,차대차 - 기타,안전운전불이행,건조,맑음,교차로 - 교차로안,승용,남,49세,상해없음,이륜,남,36세,경상
2018070300100553,2018년 7월 3일 22시,화요일,충청북도 청주시 상당구 석교동,경상사고,0,0,2,0,차대차 - 추돌,안전운전불이행,건조,맑음,교차로 - 교차로부근,승용,여,48세,상해없음,승용,남,42세,경상
2018070300100573,2018년 7월 3일 23시,화요일,충청북도 청주시 청원구 내덕동,경상사고,0,0,1,0,차량단독 - 기타,안전운전불이행,건조,맑음,단일로 - 기타,이륜,남,17세,경상,,,,
2018070300100574,2018년 7월 3일 23시,화요일,충청북도 제천시 청전동,중상사고,0,1,0,1,차대차 - 정면충돌,안전운전불이행,건조,맑음,교차로 - 교차로안,승용,여,32세,상해없음,승용,여,47세,중상
2018070400100015,2018년 7월 4일 01시,수요일,충청북도 청주시 서원구 산남동,중상사고,0,1,1,0,차대차 - 정면충돌,신호위반,건조,맑음,교차로 - 교차로안,승용,남,33세,상해없음,승용,남,33세,중상
2018070400100022,2018년 7월 4일 03시,수요일,충청북도 청주시 흥덕구 송절동,경상사고,0,0,1,0,차대차 - 추돌,안전거리미확보,건조,맑음,교차로 - 교차로안,승용,여,39세,상해없음,승용,남,42세,경상
2018070400100025,2018년 7월 4일 04시,수요일,충청북도 충주시 산척면,중상사고,0,1,1,0,차대차 - 기타,직진우회전진행방해,젖음/습기,비,교차로 - 교차로안,승용,여,69세,중상,화물,남,63세,경상
2018070400100054,2018년 7월 4일 07시,수요일,충청북도 청주시 청원구 내수읍,경상사고,0,0,5,0,차대차 - 측면충돌,안전거리미확보,건조,맑음,단일로 - 기타,승용,여,54세,상해없음,승용,남,51세,경상
2018070400100055,2018년 7월 4일 07시,수요일,충청북도 청주시 상당구 석교동,중상사고,0,1,1,0,차대차 - 측면충돌,안전운전불이행,건조,맑음,교차로 - 교차로부근,승용,여,57세,중상,승용,여,43세,경상
2018070400100093,2018년 7월 4일 08시,수요일,충청북도 청주시 청원구 오창읍,경상사고,0,0,1,0,차대차 - 추돌,안전운전불이행,건조,맑음,단일로 - 기타,승용,남,59세,상해없음,승용,남,25세,경상
2018070400100094,2018년 7월 4일 08시,수요일,충청북도 청주시 흥덕구 봉명동,중상사고,0,1,0,0,차대차 - 측면충돌,교차로운행방법위반,건조,맑음,교차로 - 교차로안,화물,남,48세,상해없음,이륜,남,36세,중상
2018070400100096,2018년 7월 4일 08시,수요일,충청북도 청주시 흥덕구 신봉동,경상사고,0,0,1,0,차대차 - 측면충돌,안전거리미확보,건조,맑음,교차로 - 교차로부근,승용,여,28세,상해없음,이륜,남,23세,경상
2018070400100097,2018년 7월 4일 08시,수요일,충청북도 청주시 서원구 죽림동,중상사고,0,1,2,0,차대차 - 기타,안전거리미확보,건조,맑음,단일로 - 기타,승용,여,56세,중상,승용,여,40세,경상
2018070400100185,2018년 7월 4일 10시,수요일,충청북도 청주시 서원구 현도면,중상사고,0,1,4,0,차대차 - 기타,교차로운행방법위반,건조,맑음,교차로 - 교차로안,화물,남,70세,경상,승용,여,64세,경상
2018070400100205,2018년 7월 4일 11시,수요일,충청북도 청주시 상당구 미원면,경상사고,0,0,2,0,차대차 - 추돌,안전운전불이행,건조,맑음,교차로 - 교차로부근,화물,남,77세,상해없음,승용,여,70세,경상
2018070400100206,2018년 7월 4일 11시,수요일,충청북도 청주시 상당구 북문로2가동,중상사고,0,1,0,0,차대차 - 측면충돌,안전운전불이행,건조,맑음,단일로 - 지하차도(도로)내,자전거,남,75세,중상,특수,남,59세,상해없음
2018070400100209,2018년 7월 4일 11시,수요일,충청북도 청주시 서원구 남이면,경상사고,0,0,1,0,차대차 - 측면충돌,안전운전불이행,건조,맑음,단일로 - 기타,특수,남,35세,상해없음,화물,남,39세,경상
2018070400100234,2018년 7월 4일 12시,수요일,충청북도 청주시 흥덕구 복대동,경상사고,0,0,1,0,차대차 - 측면충돌,교차로운행방법위반,건조,맑음,교차로 - 교차로안,승용,남,21세,상해없음,승용,남,61세,경상
2018070400100285,2018년 7월 4일 14시,수요일,충청북도 충주시 종민동,중상사고,0,3,0,0,차대차 - 기타,교차로운행방법위반,건조,맑음,교차로 - 교차로안,승용,남,62세,상해없음,승용,남,66세,중상
2018070400100286,2018년 7월 4일 14시,수요일,충청북도 증평군 증평읍,경상사고,0,0,1,0,차대사람 - 차도통행중,안전운전불이행,건조,맑음,단일로 - 기타,승용,여,48세,상해없음,보행자,여,18세,경상
2018070400100320,2018년 7월 4일 15시,수요일,충청북도 충주시 대소원면,사망사고,1,0,8,0,차대차 - 추돌,안전운전불이행,젖음/습기,비,단일로 - 기타,승용,남,71세,경상,승용,남,34세,경상
2018070400100401,2018년 7월 4일 17시,수요일,충청북도 충주시 연수동,중상사고,0,1,0,0,차대사람 - 기타,안전운전불이행,건조,맑음,단일로 - 기타,화물,남,59세,상해없음,보행자,여,78세,중상
2018070400100457,2018년 7월 4일 18시,수요일,충청북도 청주시 청원구 오창읍,경상사고,0,0,1,0,차대차 - 기타,신호위반,건조,맑음,교차로 - 교차로안,승용,여,54세,상해없음,승용,남,35세,경상
2018070400100458,2018년 7월 4일 18시,수요일,충청북도 청주시 청원구 율량동,경상사고,0,0,1,0,차대차 - 기타,교차로운행방법위반,젖음/습기,흐림,교차로 - 교차로안,승용,남,28세,상해없음,승용,여,48세,경상
2018070400100459,2018년 7월 4일 18시,수요일,충청북도 제천시 청풍면,사망사고,1,0,0,0,차대차 - 측면충돌,안전운전불이행,건조,맑음,교차로 - 교차로안,이륜,남,60세,사망,승용,기타불명,미분류,기타불명
2018070400100492,2018년 7월 4일 19시,수요일,충청북도 청주시 상당구 북문로2가동,경상사고,0,0,2,0,차대차 - 기타,불법유턴,건조,맑음,단일로 - 기타,승용,여,57세,기타불명,승용,남,31세,경상
2018070400100493,2018년 7월 4일 19시,수요일,충청북도 진천군 진천읍,경상사고,0,0,1,0,차대차 - 기타,신호위반,건조,맑음,단일로 - 기타,자전거,남,72세,상해없음,이륜,남,18세,경상
2018070400100547,2018년 7월 4일 21시,수요일,충청북도 청주시 청원구 오창읍,사망사고,1,0,0,0,차대사람 - 횡단중,안전운전불이행,건조,흐림,교차로 - 교차로부근,승합,남,60세,상해없음,보행자,여,55세,사망
2018070400100548,2018년 7월 4일 21시,수요일,충청북도 진천군 진천읍,경상사고,0,0,1,0,차대차 - 기타,안전운전불이행,건조,맑음,교차로 - 교차로안,승용,여,49세,상해없음,승용,남,29세,경상
2018070400100583,2018년 7월 4일 22시,수요일,충청북도 충주시 앙성면,부상신고사고,0,0,0,1,차량단독 - 기타,안전운전불이행,건조,맑음,단일로 - 기타,이륜,남,49세,부상신고,,,,
2018070500100004,2018년 7월 5일 00시,목요일,충청북도 청주시 흥덕구 복대동,중상사고,0,1,0,0,차대사람 - 기타,안전운전불이행,건조,흐림,단일로 - 기타,승용,남,24세,상해없음,보행자,남,46세,중상
2018070500100079,2018년 7월 5일 07시,목요일,충청북도 청주시 흥덕구 복대동,경상사고,0,0,1,0,차대차 - 기타,차로위반,건조,맑음,교차로 - 교차로부근,승용,남,60세,상해없음,승용,남,43세,경상
2018070500100112,2018년 7월 5일 08시,목요일,충청북도 진천군 초평면,중상사고,0,1,1,0,차대차 - 추돌,안전운전불이행,건조,맑음,단일로 - 기타,화물,여,64세,상해없음,이륜,남,80세,경상
2018070500100113,2018년 7월 5일 08시,목요일,충청북도 청주시 상당구 금천동,중상사고,0,1,0,0,차대사람 - 기타,안전운전불이행,건조,맑음,단일로 - 기타,승합,남,55세,상해없음,보행자,여,82세,중상
2018070500100144,2018년 7월 5일 09시,목요일,충청북도 음성군 음성읍,중상사고,0,1,0,0,차대차 - 정면충돌,교차로운행방법위반,건조,맑음,교차로 - 교차로안,승용,남,51세,상해없음,이륜,남,62세,중상
2018070500100177,2018년 7월 5일 10시,목요일,충청북도 청주시 청원구 율량동,경상사고,0,0,2,0,차대차 - 추돌,안전운전불이행,건조,맑음,교차로 - 교차로안,승용,남,62세,상해없음,승용,남,52세,경상
2018070500100208,2018년 7월 5일 11시,목요일,충청북도 청주시 청원구 오창읍,중상사고,0,1,1,0,차대차 - 추돌,안전운전불이행,건조,맑음,교차로 - 교차로안,화물,남,66세,상해없음,승용,남,21세,경상
2018070500100209,2018년 7월 5일 11시,목요일,충청북도 청주시 상당구 서운동,중상사고,0,1,0,0,차대사람 - 횡단중,안전운전불이행,건조,맑음,교차로 - 교차로안,화물,남,48세,상해없음,보행자,여,48세,중상
2018070500100237,2018년 7월 5일 12시,목요일,충청북도 옥천군 옥천읍,중상사고,0,1,2,0,차대차 - 측면충돌,교차로운행방법위반,건조,맑음,교차로 - 교차로안,승용,남,54세,중상,승용,남,59세,경상
2018070500100271,2018년 7월 5일 13시,목요일,충청북도 충주시 호암동,경상사고,0,0,1,1,차대차 - 측면충돌,신호위반,건조,맑음,교차로 - 교차로안,승용,여,43세,부상신고,승용,남,51세,경상
2018070500100272,2018년 7월 5일 13시,목요일,충청북도 청주시 서원구 모충동,중상사고,0,1,0,0,차대차 - 측면충돌,신호위반,건조,맑음,교차로 - 교차로안,원동기,남,74세,상해없음,원동기,남,63세,중상
2018070500100297,2018년 7월 5일 14시,목요일,충청북도 청주시 청원구 오창읍,경상사고,0,0,2,0,차대차 - 정면충돌,안전운전불이행,건조,맑음,교차로 - 교차로안,화물,남,63세,경상,화물,남,31세,경상
2018070500100367,2018년 7월 5일 16시,목요일,충청북도 청주시 흥덕구 문암동,경상사고,0,0,1,1,차대차 - 추돌,교차로운행방법위반,건조,맑음,교차로 - 교차로부근,화물,남,60세,부상신고,승용,남,57세,경상
2018070500100368,2018년 7월 5일 16시,목요일,충청북도 청주시 흥덕구 신봉동,경상사고,0,0,1,0,차대차 - 기타,안전운전불이행,건조,맑음,교차로 - 교차로부근,승용,여,59세,상해없음,승용,여,33세,경상
2018070500100410,2018년 7월 5일 17시,목요일,충청북도 청주시 서원구 사직동,중상사고,0,1,0,0,차대차 - 측면충돌,안전거리미확보,건조,맑음,교차로 - 교차로부근,승용,남,66세,상해없음,승용,남,43세,중상
2018070500100411,2018년 7월 5일 17시,목요일,충청북도 청주시 상당구 용정동,경상사고,0,0,1,0,차대사람 - 횡단중,보행자보호의무위반,건조,맑음,교차로 - 교차로횡단보도내,승용,여,49세,상해없음,보행자,남,11세,경상
2018070500100454,2018년 7월 5일 18시,목요일,충청북도 진천군 이월면,경상사고,0,0,1,0,차대차 - 기타,안전운전불이행,젖음/습기,비,단일로 - 기타,승용,남,49세,상해없음,승용,남,36세,경상
2018070500100455,2018년 7월 5일 18시,목요일,충청북도 청주시 흥덕구 봉명동,경상사고,0,0,1,0,차대차 - 기타,교차로운행방법위반,젖음/습기,비,교차로 - 교차로안,승용,남,43세,상해없음,이륜,남,30세,경상
2018070500100484,2018년 7월 5일 19시,목요일,충청북도 충주시 지현동,중상사고,0,1,1,0,차대차 - 기타,안전운전불이행,건조,맑음,단일로 - 기타,승용,여,45세,경상,승합,여,55세,중상
2018070500100485,2018년 7월 5일 19시,목요일,충청북도 옥천군 옥천읍,경상사고,0,0,1,0,차대차 - 측면충돌,안전운전불이행,건조,맑음,교차로 - 교차로안,승용,여,60세,상해없음,승합,남,47세,경상
2018070500100518,2018년 7월 5일 20시,목요일,충청북도 청주시 흥덕구 운천동,경상사고,0,0,2,0,차대차 - 측면충돌,안전운전불이행,젖음/습기,비,단일로 - 기타,승용,남,48세,경상,승용,여,34세,경상
2018070500100519,2018년 7월 5일 20시,목요일,충청북도 청주시 상당구 용정동,경상사고,0,0,2,1,차대차 - 측면충돌,교차로운행방법위반,젖음/습기,비,교차로 - 교차로안,승용,남,33세,부상신고,승용,남,49세,경상
2018070500100520,2018년 7월 5일 20시,목요일,충청북도 청주시 상당구 남주동,중상사고,0,1,0,0,차대차 - 측면충돌,안전운전불이행,젖음/습기,비,단일로 - 지하차도(도로)내,승용,여,44세,상해없음,개인형이동수단(PM),남,60세,중상
2018070500100551,2018년 7월 5일 21시,목요일,충청북도 청주시 청원구 내수읍,경상사고,0,0,2,0,차대차 - 기타,안전운전불이행,젖음/습기,비,단일로 - 기타,화물,남,28세,상해없음,승용,남,35세,경상
2018070500100552,2018년 7월 5일 21시,목요일,충청북도 괴산군 괴산읍,중상사고,0,1,1,0,차대차 - 정면충돌,중앙선침범,젖음/습기,비,교차로 - 교차로부근,승용,남,27세,상해없음,승용,남,75세,중상
2018070500100553,2018년 7월 5일 21시,목요일,충청북도 청주시 서원구 성화동,경상사고,0,0,1,0,차대차 - 측면충돌,안전운전불이행,젖음/습기,비,교차로 - 교차로부근,승용,남,49세,상해없음,승용,남,27세,경상
2018070500100612,2018년 7월 5일 23시,목요일,충청북도 청주시 흥덕구 봉명동,경상사고,0,0,1,0,차대사람 - 차도통행중,안전운전불이행,젖음/습기,비,교차로 - 교차로부근,승합,남,59세,상해없음,보행자,남,57세,경상
2018070500100613,2018년 7월 5일 23시,목요일,충청북도 청주시 흥덕구 서촌동,경상사고,0,0,1,0,차량단독 - 기타,안전운전불이행,건조,맑음,단일로 - 기타,화물,남,20세,경상,,,,
2018070600100057,2018년 7월 6일 05시,금요일,충청북도 청주시 서원구 사창동,경상사고,0,0,1,0,차대사람 - 기타,안전운전불이행,건조,맑음,단일로 - 기타,승용,여,41세,상해없음,보행자,남,54세,경상
2018070600100058,2018년 7월 6일 05시,금요일,충청북도 음성군 원남면,중상사고,0,3,1,0,차대차 - 측면충돌,교차로운행방법위반,건조,맑음,교차로 - 교차로안,화물,남,58세,경상,승용,남,76세,중상
2018070600100077,2018년 7월 6일 07시,금요일,충청북도 진천군 덕산면,경상사고,0,0,2,0,차대차 - 기타,안전거리미확보,건조,맑음,단일로 - 기타,승용,남,51세,상해없음,승용,남,36세,경상
2018070600100078,2018년 7월 6일 07시,금요일,충청북도 청주시 흥덕구 비하동,경상사고,0,0,2,0,차대차 - 측면충돌,교차로운행방법위반,건조,맑음,교차로 - 교차로안,화물,남,58세,상해없음,승용,남,29세,경상
2018070600100111,2018년 7월 6일 08시,금요일,충청북도 영동군 영동읍,중상사고,0,1,0,0,차대차 - 측면충돌,안전운전불이행,건조,맑음,교차로 - 교차로안,승용,남,38세,상해없음,자전거,여,66세,중상
2018070600100112,2018년 7월 6일 08시,금요일,충청북도 청주시 서원구 현도면,경상사고,0,0,1,0,차량단독 - 기타,안전운전불이행,건조,맑음,단일로 - 기타,화물,남,23세,경상,,,,
2018070600100130,2018년 7월 6일 09시,금요일,충청북도 청주시 흥덕구 상신동,경상사고,0,0,1,0,차대차 - 기타,신호위반,젖음/습기,비,교차로 - 교차로안,화물,남,27세,상해없음,화물,남,45세,경상
2018070600100165,2018년 7월 6일 10시,금요일,충청북도 음성군 음성읍,경상사고,0,0,1,0,차대차 - 측면충돌,교차로운행방법위반,건조,맑음,교차로 - 교차로안,승용,여,50세,상해없음,농기계,남,83세,경상
2018070600100195,2018년 7월 6일 11시,금요일,충청북도 보은군 보은읍,경상사고,0,0,3,0,차대차 - 측면충돌,안전운전불이행,건조,맑음,교차로 - 교차로안,승용,남,70세,경상,승용,남,80세,경상
2018070600100196,2018년 7월 6일 11시,금요일,충청북도 청주시 흥덕구 신봉동,경상사고,0,0,1,0,차대차 - 측면충돌,안전운전불이행,건조,맑음,교차로 - 교차로안,승용,남,60세,상해없음,승용,남,48세,경상
2018070600100229,2018년 7월 6일 12시,금요일,충청북도 괴산군 연풍면,중상사고,0,1,2,0,차대차 - 추돌,안전거리미확보,건조,맑음,단일로 - 기타,승용,남,28세,상해없음,승용,남,33세,경상
2018070600100281,2018년 7월 6일 14시,금요일,충청북도 괴산군 연풍면,경상사고,0,0,2,0,차대차 - 측면충돌,안전운전불이행,건조,맑음,단일로 - 기타,화물,남,50세,경상,승용,여,68세,경상
2018070600100282,2018년 7월 6일 14시,금요일,충청북도 옥천군 동이면,경상사고,0,0,1,0,차대차 - 측면충돌,중앙선침범,젖음/습기,흐림,단일로 - 기타,승용,남,54세,상해없음,화물,남,49세,경상
2018070600100283,2018년 7월 6일 14시,금요일,충청북도 청주시 서원구 남이면,경상사고,0,0,2,0,차대차 - 기타,안전운전불이행,건조,맑음,교차로 - 교차로부근,화물,여,35세,경상,화물,남,48세,경상
2018070600100312,2018년 7월 6일 15시,금요일,충청북도 음성군 음성읍,경상사고,0,0,1,0,차대사람 - 횡단중,신호위반,건조,맑음,교차로 - 교차로횡단보도내,화물,남,58세,상해없음,보행자,여,14세,경상
2018070600100313,2018년 7월 6일 15시,금요일,충청북도 청주시 흥덕구 운천동,경상사고,0,0,1,0,차량단독 - 기타,기타,건조,맑음,단일로 - 기타,승합,남,53세,기타불명,,,,
2018070600100353,2018년 7월 6일 16시,금요일,충청북도 청주시 상당구 용암동,중상사고,0,1,0,0,차대차 - 측면충돌,안전운전불이행,건조,맑음,교차로 - 교차로부근,승용,남,65세,상해없음,이륜,남,20세,중상
2018070600100400,2018년 7월 6일 17시,금요일,충청북도 청주시 청원구 오창읍,중상사고,0,1,0,0,차대차 - 측면충돌,안전거리미확보,건조,맑음,교차로 - 교차로부근,화물,남,67세,상해없음,승용,남,46세,중상
2018070600100401,2018년 7월 6일 17시,금요일,충청북도 청주시 청원구 오창읍,경상사고,0,0,1,0,차대사람 - 기타,안전운전불이행,건조,맑음,단일로 - 기타,기타불명,남,20세,상해없음,보행자,남,36세,경상
2018070600100402,2018년 7월 6일 17시,금요일,충청북도 충주시 중앙탑면,경상사고,0,0,3,0,차대차 - 추돌,안전운전불이행,건조,맑음,단일로 - 기타,승용,여,43세,상해없음,승용,여,30세,경상
2018070600100403,2018년 7월 6일 17시,금요일,충청북도 충주시 금가면,경상사고,0,0,1,0,차대차 - 추돌,안전운전불이행,건조,맑음,단일로 - 기타,승용,여,39세,상해없음,승용,여,36세,경상
2018070600100404,2018년 7월 6일 17시,금요일,충청북도 제천시 중앙로2가,중상사고,0,2,1,0,차대차 - 측면충돌,직진우회전진행방해,건조,맑음,교차로 - 교차로안,승용,남,66세,경상,승용,여,60세,중상
2018070600100405,2018년 7월 6일 17시,금요일,충청북도 음성군 대소면,중상사고,0,1,0,0,차대차 - 측면충돌,신호위반,건조,맑음,교차로 - 교차로안,승용,여,56세,중상,화물,남,43세,상해없음
2018070600100450,2018년 7월 6일 18시,금요일,충청북도 충주시 교현동,경상사고,0,0,1,0,차대차 - 기타,교차로운행방법위반,건조,맑음,교차로 - 교차로안,승용,남,51세,상해없음,이륜,남,16세,경상
2018070600100488,2018년 7월 6일 19시,금요일,충청북도 충주시 노은면,경상사고,0,0,1,0,차대차 - 추돌,안전거리미확보,건조,맑음,단일로 - 기타,승용,남,28세,상해없음,승용,남,72세,경상
2018070600100540,2018년 7월 6일 21시,금요일,충청북도 충주시 봉방동,경상사고,0,0,1,1,차대차 - 측면충돌,신호위반,건조,맑음,교차로 - 교차로안,승용,여,56세,부상신고,승용,여,28세,경상
2018070600100541,2018년 7월 6일 21시,금요일,충청북도 청주시 상당구 용암동,중상사고,0,1,0,0,차대차 - 측면충돌,안전운전불이행,건조,맑음,단일로 - 지하차도(도로)내,이륜,남,63세,상해없음,자전거,여,60세,중상
2018070600100573,2018년 7월 6일 22시,금요일,충청북도 충주시 호암동,경상사고,0,0,1,0,차대차 - 기타,안전운전불이행,건조,맑음,단일로 - 기타,승용,여,47세,상해없음,이륜,남,43세,경상
2018070600100574,2018년 7월 6일 22시,금요일,충청북도 청주시 상당구 금천동,경상사고,0,0,2,0,차대차 - 측면충돌,안전운전불이행,건조,맑음,교차로 - 교차로안,승용,남,39세,상해없음,승용,여,46세,경상
2018070700100011,2018년 7월 7일 00시,토요일,충청북도 청주시 상당구 금천동,경상사고,0,0,6,0,차대차 - 측면충돌,안전운전불이행,건조,맑음,단일로 - 지하차도(도로)내,승용,남,55세,상해없음,승용,남,22세,상해없음
2018070700100055,2018년 7월 7일 02시,토요일,충청북도 음성군 맹동면,중상사고,0,1,0,0,차량단독 - 공작물충돌,안전운전불이행,건조,맑음,교차로 - 교차로안,승용,남,22세,상해없음,,,,
2018070700100056,2018년 7월 7일 02시,토요일,충청북도 음성군 맹동면,경상사고,0,0,2,0,차대차 - 추돌,안전운전불이행,건조,맑음,교차로 - 교차로부근,승용,남,64세,상해없음,승용,남,26세,경상
2018070700100081,2018년 7월 7일 04시,토요일,충청북도 청주시 흥덕구 가경동,경상사고,0,0,3,0,차대차 - 추돌,안전운전불이행,건조,맑음,교차로 - 교차로부근,승용,남,22세,상해없음,승용,남,56세,경상
2018070700100094,2018년 7월 7일 05시,토요일,충청북도 청주시 청원구 우암동,사망사고,1,0,0,0,차대차 - 기타,안전운전불이행,건조,맑음,교차로 - 교차로부근,이륜,남,20세,사망,화물,남,47세,기타불명
2018070700100136,2018년 7월 7일 08시,토요일,충청북도 충주시 교현동,중상사고,0,1,0,0,차대차 - 기타,신호위반,건조,맑음,교차로 - 교차로안,승용,남,46세,상해없음,승용,여,52세,중상
2018070700100137,2018년 7월 7일 08시,토요일,충청북도 괴산군 칠성면,경상사고,0,0,1,0,차대사람 - 횡단중,안전운전불이행,건조,맑음,단일로 - 기타,화물,남,52세,상해없음,보행자,여,80세,경상
2018070700100193,2018년 7월 7일 10시,토요일,충청북도 청주시 청원구 주중동,경상사고,0,0,1,0,차대차 - 기타,안전운전불이행,건조,맑음,단일로 - 기타,승용,여,69세,경상,승용,남,30세,상해없음
2018070700100223,2018년 7월 7일 11시,토요일,충청북도 청주시 흥덕구 신촌동,중상사고,0,1,0,0,차량단독 - 도로외이탈 - 기타,안전운전불이행,건조,맑음,단일로 - 기타,승용,남,39세,중상,,,,
2018070700100257,2018년 7월 7일 12시,토요일,충청북도 청주시 청원구 내덕동,중상사고,0,1,0,0,차대차 - 기타,교차로운행방법위반,건조,맑음,교차로 - 교차로안,승용,여,58세,상해없음,자전거,남,80세,중상
2018070700100258,2018년 7월 7일 12시,토요일,충청북도 괴산군 청천면,중상사고,0,1,0,1,차량단독 - 공작물충돌,안전운전불이행,건조,맑음,단일로 - 기타,승용,남,37세,부상신고,,,,
2018070700100259,2018년 7월 7일 12시,토요일,충청북도 청주시 상당구 미원면,경상사고,0,0,5,0,차대차 - 측면충돌,교차로운행방법위반,건조,맑음,교차로 - 교차로안,농기계,남,90세 이상,경상,화물,남,75세,상해없음
2018070700100294,2018년 7월 7일 13시,토요일,충청북도 청주시 청원구 사천동,중상사고,0,1,0,0,차대사람 - 차도통행중,교차로운행방법위반,건조,맑음,교차로 - 교차로안,승용,여,63세,상해없음,보행자,남,40세,중상
2018070700100295,2018년 7월 7일 13시,토요일,충청북도 진천군 진천읍,중상사고,0,1,0,0,차대차 - 기타,안전운전불이행,건조,맑음,교차로 - 교차로부근,승용,남,58세,상해없음,승용,여,21세,중상
2018070700100296,2018년 7월 7일 13시,토요일,충청북도 청주시 흥덕구 봉명동,중상사고,0,1,0,0,차대사람 - 횡단중,안전운전불이행,건조,맑음,교차로 - 교차로안,승용,남,28세,상해없음,보행자,여,77세,중상
2018070700100297,2018년 7월 7일 13시,토요일,충청북도 청주시 흥덕구 봉명동,경상사고,0,0,1,1,차대차 - 측면충돌,신호위반,건조,맑음,교차로 - 교차로안,승용,남,27세,상해없음,승용,여,26세,경상
2018070700100336,2018년 7월 7일 14시,토요일,충청북도 제천시 신동,경상사고,0,0,1,0,차대차 - 측면충돌,안전거리미확보,건조,맑음,단일로 - 기타,승용,남,59세,경상,승용,남,54세,상해없음
2018070700100337,2018년 7월 7일 14시,토요일,충청북도 진천군 백곡면,경상사고,0,0,1,0,차량단독 - 기타,안전운전불이행,건조,맑음,단일로 - 기타,화물,남,39세,경상,,,,
2018070700100478,2018년 7월 7일 18시,토요일,충청북도 청주시 흥덕구 복대동,경상사고,0,0,1,0,차대차 - 측면충돌,안전운전불이행,건조,맑음,단일로 - 기타,승용,여,35세,상해없음,승용,남,48세,경상
2018070700100531,2018년 7월 7일 19시,토요일,충청북도 충주시 신니면,중상사고,0,1,0,0,차대사람 - 횡단중,중앙선침범,건조,맑음,단일로 - 기타,화물,남,36세,상해없음,보행자,남,6세,중상
2018070700100556,2018년 7월 7일 20시,토요일,충청북도 충주시 금릉동,경상사고,0,0,1,0,차대차 - 기타,안전운전불이행,건조,맑음,단일로 - 기타,승용,남,56세,상해없음,자전거,남,35세,경상
2018070700100584,2018년 7월 7일 21시,토요일,충청북도 충주시 연수동,경상사고,0,0,4,1,차대차 - 측면충돌,신호위반,건조,맑음,교차로 - 교차로안,승용,여,45세,부상신고,승용,남,37세,경상
2018070700100585,2018년 7월 7일 21시,토요일,충청북도 청주시 흥덕구 옥산면,중상사고,0,1,0,0,차대사람 - 횡단중,안전운전불이행,건조,맑음,단일로 - 기타,승용,남,52세,상해없음,보행자,남,60세,중상
2018070700100612,2018년 7월 7일 22시,토요일,충청북도 옥천군 옥천읍,경상사고,0,0,2,0,차대차 - 측면충돌,신호위반,건조,맑음,교차로 - 교차로안,승용,남,56세,상해없음,승용,여,31세,경상
2018070800100024,2018년 7월 8일 01시,일요일,충청북도 청주시 흥덕구 신봉동,경상사고,0,0,1,0,차대차 - 정면충돌,안전운전불이행,건조,맑음,교차로 - 교차로부근,승용,남,48세,상해없음,승용,여,43세,경상
2018070800100068,2018년 7월 8일 07시,일요일,충청북도 음성군 삼성면,경상사고,0,0,4,0,차대차 - 정면충돌,교차로운행방법위반,건조,맑음,교차로 - 교차로안,승용,남,63세,경상,승용,남,56세,경상
2018070800100093,2018년 7월 8일 09시,일요일,충청북도 괴산군 괴산읍,경상사고,0,0,1,0,차대차 - 측면충돌,안전운전불이행,건조,맑음,교차로 - 교차로안,이륜,남,72세,경상,승용,여,61세,상해없음
2018070800100104,2018년 7월 8일 10시,일요일,충청북도 단양군 단양읍,경상사고,0,0,3,0,차대차 - 추돌,안전거리미확보,건조,맑음,단일로 - 기타,승합,남,76세,상해없음,승용,남,57세,경상
2018070800100146,2018년 7월 8일 12시,일요일,충청북도 충주시 대소원면,사망사고,1,0,0,0,차량단독 - 공작물충돌,안전운전불이행,건조,맑음,단일로 - 기타,이륜,남,32세,사망,,,,
2018070800100174,2018년 7월 8일 13시,일요일,충청북도 음성군 감곡면,중상사고,0,1,0,0,차대차 - 측면충돌,교차로운행방법위반,건조,맑음,교차로 - 교차로안,승용,남,54세,상해없음,화물,남,76세,중상
2018070800100175,2018년 7월 8일 13시,일요일,충청북도 청주시 상당구 용정동,경상사고,0,0,6,0,차대차 - 추돌,안전운전불이행,건조,맑음,단일로 - 기타,승용,여,30세,경상,승용,여,37세,경상