사고번호,사고일시,요일,시군구,사고내용,사망자수,중상자수,경상자수,부상신고자수,사고유형,법규위반,노면상태,기상상태,도로형태,가해운전자 차종,가해운전자 성별,가해운전자 연령,가해운전자 상해정도,피해운전자 차종,피해운전자 성별,피해운전자 연령,피해운전자 상해정도
2018071300100200,2018년 7월 13일 10시,금요일,충청북도 청주시 청원구 우암동,경상사고,0,0,1,0,차대차 - 기타,직진우회전진행방해,건조,맑음,교차로 - 교차로안,승합,여,43세,상해없음,이륜,여,64세,경상
2018071300100201,2018년 7월 13일 10시,금요일,충청북도 청주시 흥덕구 봉명동,중상사고,0,1,0,0,차대사람 - 횡단중,보행자보호의무위반,건조,맑음,교차로 - 교차로횡단보도내,승용,여,50세,상해없음,보행자,여,41세,중상
2018071300100227,2018년 7월 13일 11시,금요일,충청북도 충주시 목행동,경상사고,0,0,2,0,차대차 - 기타,안전운전불이행,건조,맑음,교차로 - 교차로안,승용,여,59세,상해없음,승용,여,59세,경상
2018071300100248,2018년 7월 13일 12시,금요일,충청북도 제천시 신백동,중상사고,0,1,0,0,차대사람 - 횡단중,안전운전불이행,건조,맑음,주차장 - 주차장,승용,남,28세,상해없음,보행자,여,85세,중상
2018071300100249,2018년 7월 13일 12시,금요일,충청북도 보은군 회인면,중상사고,0,1,0,0,차대사람 - 기타,안전운전불이행,건조,맑음,기타 - 기타,승용,남,61세,상해없음,보행자,남,45세,중상
2018071300100250,2018년 7월 13일 12시,금요일,충청북도 단양군 대강면,경상사고,0,0,1,0,차량단독 - 기타,안전운전불이행,건조,맑음,단일로 - 기타,특수,남,48세,경상,,,,
2018071300100251,2018년 7월 13일 12시,금요일,충청북도 청주시 흥덕구 오송읍,중상사고,0,1,0,0,차대사람 - 기타,안전운전불이행,건조,맑음,단일로 - 기타,화물,여,49세,상해없음,보행자,남,65세,중상
2018071300100280,2018년 7월 13일 13시,금요일,충청북도 청주시 상당구 수동,중상사고,0,1,0,0,차대사람 - 횡단중,보행자보호의무위반,건조,맑음,교차로 - 교차로횡단보도내,승용,여,51세,상해없음,보행자,여,64세,중상
2018071300100302,2018년 7월 13일 14시,금요일,충청북도 영동군 황간면,중상사고,0,1,1,0,차대차 - 추돌,안전운전불이행,건조,맑음,단일로 - 기타,승용,남,24세,상해없음,승용,남,56세,경상
2018071300100331,2018년 7월 13일 15시,금요일,충청북도 청주시 흥덕구 봉명동,경상사고,0,0,1,0,차대차 - 측면충돌,교차로운행방법위반,건조,맑음,교차로 - 교차로안,이륜,남,18세,경상,승용,여,42세,상해없음
2018071300100332,2018년 7월 13일 15시,금요일,충청북도 청주시 흥덕구 옥산면,중상사고,0,1,3,0,차대차 - 측면충돌,중앙선침범,건조,맑음,교차로 - 교차로부근,승용,남,63세,경상,승용,남,33세,경상
2018071300100333,2018년 7월 13일 15시,금요일,충청북도 청주시 흥덕구 화계동,경상사고,0,0,2,0,차대차 - 측면충돌,안전운전불이행,건조,맑음,기타 - 기타,화물,남,52세,경상,승용,남,48세,상해없음
2018071300100365,2018년 7월 13일 16시,금요일,충청북도 청주시 흥덕구 복대동,경상사고,0,0,1,0,차대차 - 측면충돌,교차로운행방법위반,건조,맑음,교차로 - 교차로안,승용,남,50세,상해없음,승용,남,56세,상해없음
2018071300100408,2018년 7월 13일 17시,금요일,충청북도 괴산군 괴산읍,중상사고,0,1,0,0,차대차 - 기타,신호위반,건조,맑음,교차로 - 교차로안,승용,남,34세,상해없음,승용,여,38세,중상
2018071300100409,2018년 7월 13일 17시,금요일,충청북도 진천군 진천읍,경상사고,0,0,4,0,차대차 - 측면충돌,안전운전불이행,건조,맑음,교차로 - 교차로안,이륜,남,22세,경상,승용,여,61세,경상
2018071300100410,2018년 7월 13일 17시,금요일,충청북도 청주시 상당구 미원면,경상사고,0,0,1,0,차대차 - 측면충돌,교차로운행방법위반,건조,맑음,교차로 - 교차로안,원동기,남,71세,경상,화물,남,61세,상해없음
2018071300100470,2018년 7월 13일 18시,금요일,충청북도 청주시 청원구 오창읍,중상사고,0,1,0,0,차대차 - 측면충돌,중앙선침범,건조,맑음,교차로 - 교차로부근,승용,남,27세,상해없음,승용,남,39세,중상
2018071300100471,2018년 7월 13일 18시,금요일,충청북도 충주시 칠금동,경상사고,0,0,1,0,차대사람 - 횡단중,보행자보호의무위반,건조,맑음,교차로 - 교차로횡단보도내,승용,남,35세,상해없음,보행자,남,8세,경상
2018071300100518,2018년 7월 13일 19시,금요일,충청북도 청주시 흥덕구 신봉동,중상사고,0,1,0,0,차대차 - 측면충돌,안전운전불이행,건조,맑음,교차로 - 교차로안,승합,남,25세,상해없음,자전거,여,71세,중상
2018071300100553,2018년 7월 13일 20시,금요일,충청북도 청주시 청원구 내수읍,경상사고,0,0,1,0,차대차 - 정면충돌,안전운전불이행,건조,맑음,교차로 - 교차로안,승용,여,79세,상해없음,화물,남,26세,경상
2018071300100554,2018년 7월 13일 20시,금요일,충청북도 충주시 교현동,경상사고,0,0,2,0,차대차 - 기타,안전운전불이행,건조,맑음,교차로 - 교차로부근,승용,남,52세,경상,승용,여,52세,경상
2018071300100555,2018년 7월 13일 20시,금요일,충청북도 영동군 영동읍,사망사고,1,1,0,0,차량단독 - 전도전복 - 전도,안전운전불이행,건조,맑음,단일로 - 기타,이륜,여,51세,사망,미분류,미분류,미분류,미분류
2018071300100557,2018년 7월 13일 20시,금요일,충청북도 청주시 상당구 서문동,경상사고,0,0,2,0,차대차 - 측면충돌,안전운전불이행,건조,맑음,주차장 - 주차장,승용,여,23세,상해없음,승용,남,44세,경상
2018071300100594,2018년 7월 13일 21시,금요일,충청북도 청주시 청원구 내덕동,중상사고,0,1,0,0,차대사람 - 기타,안전운전불이행,건조,맑음,교차로 - 교차로부근,승용,남,24세,상해없음,보행자,여,55세,중상
2018071300100646,2018년 7월 13일 23시,금요일,충청북도 청주시 흥덕구 가경동,중상사고,0,1,0,0,차대사람 - 횡단중,안전운전불이행,건조,맑음,교차로 - 교차로횡단보도내,승용,남,27세,상해없음,보행자,남,48세,중상
2018071300100647,2018년 7월 13일 23시,금요일,충청북도 청주시 상당구 문화동,경상사고,0,0,1,0,차대차 - 측면충돌,안전운전불이행,건조,맑음,교차로 - 교차로부근,승용,여,21세,상해없음,자전거,남,33세,경상
2018071300100648,2018년 7월 13일 23시,금요일,충청북도 청주시 상당구 영운동,경상사고,0,0,3,0,차대차 - 측면충돌,신호위반,건조,맑음,교차로 - 교차로안,승용,남,30세,상해없음,승합,남,44세,경상
2018071400100019,2018년 7월 14일 01시,토요일,충청북도 청주시 흥덕구 복대동,경상사고,0,0,1,0,차대차 - 추돌,안전운전불이행,건조,맑음,교차로 - 교차로부근,승용,남,23세,상해없음,승용,남,32세,경상
2018071400100020,2018년 7월 14일 01시,토요일,충청북도 청주시 상당구 남일면,중상사고,0,1,0,0,차량단독 - 공작물충돌,안전운전불이행,건조,맑음,교차로 - 교차로부근,화물,남,37세,중상,,,,
2018071400100060,2018년 7월 14일 04시,토요일,충청북도 청주시 상당구 남일면,경상사고,0,0,1,0,차량단독 - 공작물충돌,안전운전불이행,젖음/습기,맑음,단일로 - 지하차도(도로)내,승용,남,35세,경상,,,,
2018071400100095,2018년 7월 14일 07시,토요일,충청북도 제천시 청전동,중상사고,0,1,0,0,차대차 - 추돌,안전운전불이행,건조,맑음,교차로 - 교차로부근,승용,남,28세,상해없음,승용,여,53세,중상
2018071400100096,2018년 7월 14일 07시,토요일,충청북도 청주시 서원구 수곡동,경상사고,0,0,1,0,차대차 - 측면충돌,안전운전불이행,건조,맑음,단일로 - 지하차도(도로)내,승용,남,29세,상해없음,화물,남,45세,기타불명
2018071400100111,2018년 7월 14일 08시,토요일,충청북도 청주시 상당구 용정동,중상사고,0,1,0,0,차대사람 - 기타,안전운전불이행,건조,맑음,단일로 - 기타,승용,남,62세,상해없음,보행자,남,35세,중상
2018071400100138,2018년 7월 14일 09시,토요일,충청북도 충주시 성내동,경상사고,0,0,1,0,차대차 - 기타,안전운전불이행,건조,맑음,단일로 - 기타,승용,남,46세,상해없음,자전거,남,19세,경상
2018071400100139,2018년 7월 14일 09시,토요일,충청북도 음성군 금왕읍,경상사고,0,0,1,0,차대사람 - 횡단중,보행자보호의무위반,건조,맑음,교차로 - 교차로횡단보도내,승용,남,53세,상해없음,보행자,여,4세,경상
2018071400100140,2018년 7월 14일 09시,토요일,충청북도 진천군 광혜원면,경상사고,0,0,2,0,차대차 - 추돌,안전거리미확보,건조,맑음,단일로 - 기타,승용,남,80세,상해없음,농기계,남,64세,경상
2018071400100141,2018년 7월 14일 09시,토요일,충청북도 청주시 흥덕구 복대동,경상사고,0,0,1,0,차대차 - 기타,안전운전불이행,건조,맑음,교차로 - 교차로부근,화물,남,41세,상해없음,자전거,남,8세,경상
2018071400100142,2018년 7월 14일 09시,토요일,충청북도 청주시 상당구 탑동,경상사고,0,0,1,0,차대차 - 측면충돌,안전운전불이행,건조,맑음,단일로 - 지하차도(도로)내,승용,남,66세,상해없음,승용,여,53세,경상
2018071400100170,2018년 7월 14일 10시,토요일,충청북도 청주시 청원구 율량동,경상사고,0,0,1,0,차대차 - 기타,안전운전불이행,건조,맑음,교차로 - 교차로안,승용,남,37세,상해없음,승용,남,32세,경상
2018071400100171,2018년 7월 14일 10시,토요일,충청북도 옥천군 안내면,중상사고,0,1,0,0,차량단독 - 도로외이탈 - 기타,안전운전불이행,건조,맑음,교차로 - 교차로안,농기계,남,76세,중상,,,,
2018071400100244,2018년 7월 14일 12시,토요일,충청북도 충주시 단월동,경상사고,0,0,1,0,차대차 - 기타,안전운전불이행,건조,맑음,단일로 - 기타,승용,남,55세,상해없음,승용,남,31세,경상
2018071400100286,2018년 7월 14일 13시,토요일,충청북도 청주시 서원구 수곡동,경상사고,0,0,2,0,차대차 - 측면충돌,안전운전불이행,건조,맑음,교차로 - 교차로안,승용,여,47세,상해없음,승용,남,58세,경상
2018071400100316,2018년 7월 14일 14시,토요일,충청북도 충주시 대소원면,경상사고,0,0,1,0,차대차 - 기타,차로위반,건조,맑음,단일로 - 기타,화물,남,39세,상해없음,승용,여,57세,경상
2018071400100317,2018년 7월 14일 14시,토요일,충청북도 괴산군 사리면,경상사고,0,0,3,0,차대차 - 기타,직진우회전진행방해,건조,맑음,교차로 - 교차로안,화물,남,64세,상해없음,승용,남,42세,경상
2018071400100318,2018년 7월 14일 14시,토요일,충청북도 청주시 상당구 금천동,경상사고,0,0,1,0,차대차 - 측면충돌,기타,건조,맑음,교차로 - 교차로횡단보도내,승용,여,55세,상해없음,자전거,남,7세,경상
2018071400100356,2018년 7월 14일 15시,토요일,충청북도 청주시 흥덕구 봉명동,경상사고,0,0,2,0,차대차 - 기타,신호위반,건조,맑음,교차로 - 교차로안,승용,여,70세,상해없음,승용,남,32세,경상
2018071400100396,2018년 7월 14일 16시,토요일,충청북도 청주시 흥덕구 옥산면,중상사고,0,1,0,0,차대차 - 측면충돌,교차로운행방법위반,건조,맑음,교차로 - 교차로안,승용,남,50세,상해없음,승용,남,27세,중상
2018071400100397,2018년 7월 14일 16시,토요일,충청북도 진천군 초평면,경상사고,0,0,2,1,차대차 - 추돌,안전거리미확보,건조,맑음,단일로 - 기타,승용,남,52세,상해없음,화물,남,32세,부상신고
2018071400100448,2018년 7월 14일 17시,토요일,충청북도 청주시 청원구 내덕동,경상사고,0,0,1,0,차대사람 - 횡단중,보행자보호의무위반,건조,맑음,단일로 - 기타,화물,남,41세,상해없음,보행자,남,61세,경상
2018071400100449,2018년 7월 14일 17시,토요일,충청북도 옥천군 옥천읍,경상사고,0,0,1,0,차대사람 - 보도통행중,보행자보호의무위반,건조,맑음,교차로 - 교차로횡단보도내,승용,여,55세,상해없음,보행자,남,54세,경상
2018071400100488,2018년 7월 14일 18시,토요일,충청북도 청주시 흥덕구 봉명동,경상사고,0,0,1,0,차대차 - 측면충돌,안전운전불이행,건조,맑음,교차로 - 교차로안,이륜,남,22세,상해없음,승용,남,57세,경상
2018071400100552,2018년 7월 14일 20시,토요일,충청북도 충주시 칠금동,중상사고,0,1,0,0,차대사람 - 횡단중,안전운전불이행,건조,맑음,교차로 - 교차로안,승용,남,32세,상해없음,보행자,여,42세,중상
2018071400100592,2018년 7월 14일 21시,토요일,충청북도 청주시 청원구 오창읍,경상사고,0,0,1,0,차대차 - 기타,안전운전불이행,건조,맑음,교차로 - 교차로부근,승용,남,56세,상해없음,이륜,남,21세,경상
2018071400100624,2018년 7월 14일 22시,토요일,충청북도 제천시 하소동,경상사고,0,0,1,0,차대사람 - 차도통행중,보행자보호의무위반,건조,맑음,단일로 - 기타,승용,남,47세,상해없음,보행자,여,9세,경상
2018071400100643,2018년 7월 14일 23시,토요일,충청북도 청주시 서원구 사직동,중상사고,0,1,0,0,차대차 - 추돌,안전운전불이행,건조,맑음,교차로 - 교차로부근,승용,남,66세,상해없음,승용,남,62세,중상
2018071500100011,2018년 7월 15일 00시,일요일,충청북도 청주시 상당구 남주동,경상사고,0,0,1,0,차대차 - 측면충돌,신호위반,건조,맑음,교차로 - 교차로안,승용,여,37세,상해없음,승용,여,52세,경상
2018071500100050,2018년 7월 15일 04시,일요일,충청북도 청주시 서원구 산남동,경상사고,0,0,1,0,차대차 - 측면충돌,안전운전불이행,건조,맑음,교차로 - 교차로부근,승용,여,21세,상해없음,승용,남,27세,경상
2018071500100070,2018년 7월 15일 06시,일요일,충청북도 음성군 생극면,중상사고,0,1,0,0,차대차 - 측면충돌,안전운전불이행,건조,맑음,교차로 - 교차로부근,승용,남,57세,상해없음,이륜,남,74세,중상
2018071500100123,2018년 7월 15일 10시,일요일,충청북도 청주시 청원구 내수읍,사망사고,1,0,0,0,차량단독 - 도로외이탈 - 추락,중앙선침범,건조,맑음,단일로 - 기타,이륜,여,61세,사망,,,,
2018071500100124,2018년 7월 15일 10시,일요일,충청북도 충주시 용산동,중상사고,0,1,1,0,차대차 - 기타,안전운전불이행,건조,맑음,기타 - 기타,승용,남,26세,경상,원동기,남,25세,상해없음
2018071500100125,2018년 7월 15일 10시,일요일,충청북도 보은군 회남면,경상사고,0,0,5,0,차대차 - 정면충돌,중앙선침범,건조,맑음,단일로 - 지하차도(도로)내,승용,여,64세,상해없음,승합,남,54세,경상
2018071500100149,2018년 7월 15일 11시,일요일,충청북도 괴산군 칠성면,경상사고,0,0,1,0,차대차 - 추돌,안전거리미확보,건조,맑음,단일로 - 기타,승용,여,30세,상해없음,이륜,남,36세,경상
2018071500100150,2018년 7월 15일 11시,일요일,충청북도 청주시 서원구 산남동,경상사고,0,0,1,0,차대차 - 기타,안전운전불이행,건조,맑음,단일로 - 기타,승용,남,39세,상해없음,이륜,남,44세,경상
2018071500100175,2018년 7월 15일 12시,일요일,충청북도 괴산군 괴산읍,경상사고,0,0,1,0,차대차 - 기타,안전운전불이행,건조,맑음,단일로 - 기타,승용,남,47세,상해없음,승용,남,56세,기타불명
2018071500100206,2018년 7월 15일 13시,일요일,충청북도 청주시 흥덕구 복대동,경상사고,0,0,1,0,차대차 - 추돌,안전운전불이행,건조,맑음,단일로 - 기타,승용,남,53세,상해없음,이륜,남,37세,경상
2018071500100237,2018년 7월 15일 14시,일요일,충청북도 괴산군 칠성면,중상사고,0,1,0,0,차대차 - 측면충돌,안전운전불이행,건조,맑음,단일로 - 기타,화물,남,60세,상해없음,이륜,남,57세,중상
2018071500100238,2018년 7월 15일 14시,일요일,충청북도 청주시 서원구 산남동,경상사고,0,0,1,0,차대차 - 측면충돌,안전운전불이행,건조,맑음,단일로 - 지하차도(도로)내,승용,여,58세,상해없음,자전거,남,51세,경상
2018071500100239,2018년 7월 15일 14시,일요일,충청북도 음성군 삼성면,경상사고,0,0,2,0,차대차 - 측면충돌,안전운전불이행,건조,맑음,단일로 - 기타,승용,여,55세,경상,승합,여,34세,경상
2018071500100266,2018년 7월 15일 15시,일요일,충청북도 청주시 상당구 금천동,경상사고,0,0,3,0,차대차 - 측면충돌,신호위반,건조,맑음,교차로 - 교차로안,승용,여,26세,상해없음,승용,남,39세,경상
2018071500100293,2018년 7월 15일 16시,일요일,충청북도 충주시 금릉동,경상사고,0,0,1,0,차대차 - 기타,안전운전불이행,건조,맑음,단일로 - 기타,승용,남,55세,상해없음,화물,남,63세,경상
2018071500100294,2018년 7월 15일 16시,일요일,충청북도 제천시 고암동,경상사고,0,0,1,0,차대차 - 추돌,안전운전불이행,건조,맑음,단일로 - 기타,승용,남,53세,상해없음,승용,여,57세,경상
2018071500100324,2018년 7월 15일 17시,일요일,충청북도 청주시 서원구 남이면,경상사고,0,0,1,0,차대차 - 기타,안전거리미확보,건조,맑음,기타 - 기타,승용,남,42세,상해없음,승용,남,29세,경상
2018071500100329,2018년 7월 15일 17시,일요일,충청북도 청주시 흥덕구 강내면,중상사고,0,2,21,1,차대차 - 기타,안전운전불이행,건조,맑음,단일로 - 기타,승용,남,72세,중상,승용,남,47세,경상
2018071500100376,2018년 7월 15일 19시,일요일,충청북도 진천군 진천읍,경상사고,0,0,3,0,차대차 - 추돌,안전운전불이행,건조,맑음,교차로 - 교차로부근,승용,남,64세,상해없음,승용,남,27세,경상
2018071500100377,2018년 7월 15일 19시,일요일,충청북도 청주시 서원구 산남동,경상사고,0,0,2,0,차대차 - 추돌,안전운전불이행,건조,맑음,단일로 - 기타,승용,남,39세,상해없음,승용,여,29세,경상
2018071500100402,2018년 7월 15일 20시,일요일,충청북도 청주시 흥덕구 송정동,중상사고,0,1,0,0,차대차 - 기타,기타,건조,맑음,단일로 - 기타,승용,남,35세,상해없음,자전거,남,58세,중상
2018071500100404,2018년 7월 15일 20시,일요일,충청북도 청주시 흥덕구 옥산면,경상사고,0,0,1,0,차대차 - 추돌,안전운전불이행,건조,맑음,단일로 - 기타,승용,남,27세,상해없음,승용,남,65세,경상
2018071500100430,2018년 7월 15일 21시,일요일,충청북도 증평군 증평읍,경상사고,0,0,2,0,차대차 - 추돌,안전운전불이행,건조,맑음,단일로 - 기타,승용,남,28세,상해없음,승용,남,63세,경상
2018071500100454,2018년 7월 15일 22시,일요일,충청북도 청주시 서원구 산남동,중상사고,0,1,1,0,차대차 - 측면충돌,안전운전불이행,건조,맑음,교차로 - 교차로안,이륜,남,31세,중상,승용,남,22세,경상
2018071600100009,2018년 7월 16일 00시,월요일,충청북도 충주시 연수동,중상사고,0,1,0,0,차대차 - 기타,안전운전불이행,건조,맑음,단일로 - 기타,승용,남,23세,상해없음,이륜,남,39세,중상
2018071600100010,2018년 7월 16일 00시,월요일,충청북도 청주시 상당구 영운동,중상사고,0,1,0,0,차대사람 - 길가장자리구역통행중,기타,건조,맑음,단일로 - 지하차도(도로)내,승용,남,48세,상해없음,보행자,여,19세,중상
2018071600100049,2018년 7월 16일 06시,월요일,충청북도 제천시 화산동,사망사고,1,0,1,0,차대차 - 측면충돌,안전운전불이행,건조,맑음,교차로 - 교차로안,이륜,남,67세,사망,승용,남,51세,경상
2018071600100076,2018년 7월 16일 07시,월요일,충청북도 괴산군 청안면,경상사고,0,0,1,0,차대차 - 측면충돌,안전운전불이행,건조,맑음,단일로 - 기타,자전거,남,52세,경상,승용,남,47세,상해없음
2018071600100113,2018년 7월 16일 08시,월요일,충청북도 청주시 청원구 우암동,사망사고,1,0,0,0,차대사람 - 횡단중,안전운전불이행,건조,맑음,단일로 - 기타,승용,남,70세,상해없음,보행자,여,42세,사망
2018071600100114,2018년 7월 16일 08시,월요일,충청북도 청주시 서원구 모충동,경상사고,0,0,1,0,차대차 - 측면충돌,안전운전불이행,건조,맑음,교차로 - 교차로부근,승용,남,56세,상해없음,자전거,남,14세,경상
2018071600100157,2018년 7월 16일 09시,월요일,충청북도 청주시 흥덕구 봉명동,경상사고,0,0,2,0,차대차 - 측면충돌,안전거리미확보,건조,맑음,교차로 - 교차로부근,승용,남,53세,경상,승용,여,39세,경상
2018071600100224,2018년 7월 16일 11시,월요일,충청북도 충주시 호암동,중상사고,0,1,0,0,차대차 - 기타,교차로운행방법위반,건조,맑음,교차로 - 교차로부근,승용,여,35세,상해없음,이륜,여,58세,중상
2018071600100396,2018년 7월 16일 16시,월요일,충청북도 청주시 서원구 성화동,경상사고,0,0,1,0,차대차 - 기타,안전거리미확보,건조,맑음,교차로 - 교차로부근,승용,남,26세,상해없음,승용,남,47세,경상
2018071600100438,2018년 7월 16일 17시,월요일,충청북도 청주시 청원구 오창읍,경상사고,0,0,1,0,차대차 - 후진중충돌,안전운전불이행,건조,맑음,주차장 - 주차장,승합,여,68세,상해없음,승용,여,27세,경상
2018071600100439,2018년 7월 16일 17시,월요일,충청북도 보은군 삼승면,중상사고,0,1,0,0,차대차 - 측면충돌,안전운전불이행,건조,맑음,단일로 - 지하차도(도로)내,이륜,여,76세,중상,승용,남,36세,상해없음
2018071600100440,2018년 7월 16일 17시,월요일,충청북도 단양군 단양읍,중상사고,0,2,0,0,차대차 - 기타,불법유턴,건조,맑음,단일로 - 기타,승용,남,74세,상해없음,이륜,남,17세,중상
2018071600100441,2018년 7월 16일 17시,월요일,충청북도 진천군 진천읍,중상사고,0,1,0,0,차대차 - 정면충돌,안전운전불이행,건조,맑음,교차로 - 교차로안,승용,여,45세,상해없음,이륜,남,66세,중상
2018071600100491,2018년 7월 16일 18시,월요일,충청북도 충주시 대소원면,중상사고,0,1,0,0,차량단독 - 도로외이탈 - 기타,안전운전불이행,건조,맑음,기타 - 기타,농기계,남,80세,중상,,,,
2018071600100492,2018년 7월 16일 18시,월요일,충청북도 충주시 연수동,경상사고,0,0,1,0,차대차 - 기타,교차로운행방법위반,건조,맑음,교차로 - 교차로안,승용,여,36세,상해없음,자전거,남,10세,경상
2018071600100493,2018년 7월 16일 18시,월요일,충청북도 충주시 봉방동,경상사고,0,0,1,0,차대차 - 측면충돌,신호위반,건조,맑음,기타 - 기타,이륜,남,25세,경상,자전거,남,57세,상해없음
2018071600100494,2018년 7월 16일 18시,월요일,충청북도 음성군 맹동면,경상사고,0,0,1,0,차대차 - 측면충돌,안전거리미확보,건조,맑음,교차로 - 교차로안,승용,여,75세,경상,화물,남,46세,상해없음
2018071600100495,2018년 7월 16일 18시,월요일,충청북도 청주시 흥덕구 복대동,경상사고,0,0,1,0,차대차 - 기타,안전거리미확보,건조,맑음,교차로 - 교차로안,승용,남,49세,상해없음,승용,남,63세,경상
2018071600100496,2018년 7월 16일 18시,월요일,충청북도 청주시 흥덕구 옥산면,중상사고,0,1,0,0,차대차 - 측면충돌,안전운전불이행,건조,맑음,교차로 - 교차로부근,승용,여,43세,상해없음,이륜,남,73세,중상
2018071600100540,2018년 7월 16일 19시,월요일,충청북도 증평군 증평읍,경상사고,0,0,1,0,차대차 - 측면충돌,교차로운행방법위반,건조,맑음,교차로 - 교차로안,자전거,남,12세,경상,승용,남,65세,상해없음
2018071600100541,2018년 7월 16일 19시,월요일,충청북도 청주시 흥덕구 봉명동,경상사고,0,0,1,0,차대차 - 기타,안전운전불이행,건조,맑음,단일로 - 기타,승용,남,28세,상해없음,이륜,남,18세,경상
2018071600100568,2018년 7월 16일 20시,월요일,충청북도 청주시 서원구 분평동,경상사고,0,0,2,0,차대차 - 측면충돌,신호위반,건조,맑음,교차로 - 교차로안,승합,남,55세,상해없음,승용,여,44세,경상
2018071600100593,2018년 7월 16일 21시,월요일,충청북도 제천시 명동,부상신고사고,0,0,0,1,차대차 - 측면충돌,신호위반,건조,맑음,교차로 - 교차로안,승용,남,23세,상해없음,화물,남,57세,상해없음
2018071600100594,2018년 7월 16일 21시,월요일,충청북도 청주시 흥덕구 복대동,중상사고,0,1,0,0,차대사람 - 횡단중,안전운전불이행,건조,맑음,교차로 - 교차로안,승용,남,67세,상해없음,보행자,여,57세,중상
2018071600100595,2018년 7월 16일 21시,월요일,충청북도 청주시 흥덕구 오송읍,경상사고,0,0,2,0,차대차 - 측면충돌,교차로운행방법위반,건조,맑음,교차로 - 교차로안,승용,남,57세,경상,승용,여,40세,경상
2018071600100617,2018년 7월 16일 22시,월요일,충청북도 청주시 흥덕구 옥산면,경상사고,0,0,2,0,차대차 - 측면충돌,안전운전불이행,건조,맑음,단일로 - 기타,승용,남,49세,상해없음,승용,남,61세,경상
2018071600100618,2018년 7월 16일 22시,월요일,충청북도 청주시 흥덕구 송절동,부상신고사고,0,0,0,1,차대사람 - 길가장자리구역통행중,안전운전불이행,건조,맑음,교차로 - 교차로부근,승용,남,33세,상해없음,보행자,남,21세,부상신고
2018071700100031,2018년 7월 17일 02시,화요일,충청북도 청주시 흥덕구 복대동,경상사고,0,0,1,0,차대차 - 추돌,안전운전불이행,건조,맑음,교차로 - 교차로부근,승용,여,41세,상해없음,승용,남,56세,경상
2018071700100077,2018년 7월 17일 06시,화요일,충청북도 청주시 서원구 현도면,경상사고,0,0,1,0,차대차 - 기타,중앙선침범,건조,맑음,단일로 - 기타,승용,남,29세,상해없음,승용,남,50세,경상
2018071700100087,2018년 7월 17일 07시,화요일,충청북도 청주시 청원구 사천동,경상사고,0,0,2,0,차대차 - 기타,안전운전불이행,건조,맑음,교차로 - 교차로부근,승용,남,25세,상해없음,승용,남,32세,경상
2018071700100088,2018년 7월 17일 07시,화요일,충청북도 청주시 흥덕구 오송읍,경상사고,0,0,3,0,차대차 - 측면충돌,신호위반,건조,맑음,교차로 - 교차로안,승용,남,57세,경상,승용,여,22세,경상
2018071700100127,2018년 7월 17일 08시,화요일,충청북도 증평군 증평읍,경상사고,0,0,1,0,차대사람 - 차도통행중,안전운전불이행,건조,맑음,단일로 - 기타,승용,여,71세,상해없음,보행자,여,15세,경상
2018071700100128,2018년 7월 17일 08시,화요일,충청북도 음성군 맹동면,경상사고,0,0,1,0,차대사람 - 보도통행중,기타,건조,맑음,단일로 - 기타,화물,남,27세,상해없음,보행자,여,47세,경상
2018071700100205,2018년 7월 17일 10시,화요일,충청북도 청주시 청원구 내덕동,경상사고,0,0,1,0,차대차 - 기타,안전운전불이행,건조,맑음,교차로 - 교차로부근,승용,남,53세,상해없음,화물,남,36세,경상
2018071700100206,2018년 7월 17일 10시,화요일,충청북도 청주시 상당구 석교동,경상사고,0,0,1,0,차대차 - 기타,교차로운행방법위반,건조,맑음,단일로 - 기타,이륜,남,41세,경상,승용,여,51세,상해없음
2018071700100243,2018년 7월 17일 11시,화요일,충청북도 청주시 흥덕구 비하동,중상사고,0,1,0,0,차대차 - 측면충돌,교차로운행방법위반,건조,맑음,교차로 - 교차로안,승용,여,56세,상해없음,자전거,남,42세,중상
2018071700100283,2018년 7월 17일 12시,화요일,충청북도 진천군 진천읍,경상사고,0,0,2,0,차대차 - 기타,직진우회전진행방해,건조,맑음,교차로 - 교차로안,승용,남,72세,상해없음,승용,남,66세,경상
2018071700100316,2018년 7월 17일 13시,화요일,충청북도 진천군 진천읍,경상사고,0,0,2,0,차대차 - 기타,직진우회전진행방해,건조,맑음,교차로 - 교차로안,이륜,남,77세,상해없음,승용,여,44세,경상
2018071700100341,2018년 7월 17일 14시,화요일,충청북도 청주시 흥덕구 복대동,경상사고,0,0,1,0,차대사람 - 기타,신호위반,건조,맑음,교차로 - 교차로횡단보도내,승용,여,39세,상해없음,보행자,남,10세,경상
2018071700100390,2018년 7월 17일 15시,화요일,충청북도 충주시 봉방동,중상사고,0,1,1,0,차대차 - 기타,직진우회전진행방해,건조,맑음,교차로 - 교차로안,승합,남,48세,상해없음,승용,남,44세,경상
2018071700100391,2018년 7월 17일 15시,화요일,충청북도 충주시 문화동,경상사고,0,0,1,0,차대사람 - 횡단중,안전운전불이행,건조,맑음,단일로 - 기타,승용,남,60세,상해없음,보행자,여,19세,경상