사고번호,사고일시,요일,시군구,사고내용,사망자수,중상자수,경상자수,부상신고자수,사고유형,법규위반,노면상태,기상상태,도로형태,가해운전자 차종,가해운전자 성별,가해운전자 연령,가해운전자 상해정도,피해운전자 차종,피해운전자 성별,피해운전자 연령,피해운전자 상해정도
2018072100100429,2018년 7월 21일 17시,토요일,충청북도 제천시 하소동,경상사고,0,0,1,0,차대차 - 기타,안전운전불이행,건조,맑음,기타 - 기타,원동기,남,22세,경상,승용,남,57세,상해없음
2018072100100475,2018년 7월 21일 18시,토요일,충청북도 청주시 청원구 율량동,경상사고,0,0,1,0,차대차 - 기타,안전운전불이행,건조,맑음,단일로 - 기타,승용,남,66세,상해없음,승용,여,55세,경상
2018072100100476,2018년 7월 21일 18시,토요일,충청북도 청주시 흥덕구 가경동,부상신고사고,0,0,0,1,차대차 - 기타,안전운전불이행,건조,맑음,교차로 - 교차로안,이륜,남,65세,부상신고,승용,남,51세,상해없음
2018072100100506,2018년 7월 21일 19시,토요일,충청북도 제천시 중앙로2가,경상사고,0,0,2,0,차대차 - 측면충돌,안전운전불이행,건조,맑음,교차로 - 교차로부근,승용,남,48세,상해없음,승용,남,32세,경상
2018072100100537,2018년 7월 21일 20시,토요일,충청북도 청주시 흥덕구 복대동,중상사고,0,1,0,0,차대사람 - 횡단중,안전운전불이행,건조,맑음,단일로 - 기타,승용,남,36세,상해없음,보행자,남,54세,중상
2018072100100596,2018년 7월 21일 22시,토요일,충청북도 청주시 흥덕구 석소동,경상사고,0,0,2,0,차대차 - 측면충돌,안전거리미확보,건조,맑음,단일로 - 기타,승합,남,38세,상해없음,승용,남,29세,경상
2018072200100012,2018년 7월 22일 00시,일요일,충청북도 청주시 서원구 개신동,경상사고,0,0,1,0,차대차 - 기타,안전운전불이행,건조,맑음,교차로 - 교차로부근,이륜,남,21세,경상,승용,남,26세,상해없음
2018072200100013,2018년 7월 22일 00시,일요일,충청북도 음성군 생극면,중상사고,0,1,2,0,차대차 - 측면충돌,안전운전불이행,건조,맑음,단일로 - 기타,승합,남,31세,상해없음,승용,남,52세,중상
2018072200100025,2018년 7월 22일 01시,일요일,충청북도 청주시 청원구 율량동,경상사고,0,0,4,0,차대차 - 측면충돌,안전운전불이행,건조,맑음,교차로 - 교차로안,승용,남,34세,상해없음,승용,남,46세,경상
2018072200100051,2018년 7월 22일 04시,일요일,충청북도 충주시 연수동,경상사고,0,0,4,0,차대차 - 기타,안전운전불이행,건조,맑음,교차로 - 교차로안,화물,남,53세,상해없음,승용,남,25세,경상
2018072200100076,2018년 7월 22일 06시,일요일,충청북도 증평군 증평읍,중상사고,0,1,0,0,차대차 - 기타,안전운전불이행,건조,맑음,교차로 - 교차로안,승용,남,54세,상해없음,자전거,남,62세,중상
2018072200100085,2018년 7월 22일 07시,일요일,충청북도 청주시 청원구 우암동,경상사고,0,0,1,0,차대차 - 기타,교차로운행방법위반,건조,맑음,교차로 - 교차로부근,승용,남,52세,상해없음,자전거,남,61세,경상
2018072200100086,2018년 7월 22일 07시,일요일,충청북도 청주시 흥덕구 비하동,경상사고,0,0,1,0,차량단독 - 기타,안전운전불이행,건조,맑음,단일로 - 기타,승용,남,62세,상해없음,,,,
2018072200100118,2018년 7월 22일 09시,일요일,충청북도 충주시 달천동,부상신고사고,0,0,0,1,차량단독 - 공작물충돌,안전운전불이행,건조,맑음,단일로 - 기타,승용,여,50세,부상신고,,,,
2018072200100119,2018년 7월 22일 09시,일요일,충청북도 제천시 송학면,중상사고,0,2,3,0,차량단독 - 공작물충돌,안전운전불이행,건조,맑음,단일로 - 기타,승합,남,59세,상해없음,,,,
2018072200100186,2018년 7월 22일 12시,일요일,충청북도 진천군 광혜원면,중상사고,0,1,1,0,차대차 - 측면충돌,안전운전불이행,건조,맑음,단일로 - 기타,승용,남,63세,상해없음,승용,남,22세,중상
2018072200100221,2018년 7월 22일 13시,일요일,충청북도 제천시 장락동,경상사고,0,0,2,0,차대차 - 측면충돌,안전운전불이행,건조,맑음,교차로 - 교차로안,승용,남,48세,상해없음,승용,여,61세,경상
2018072200100247,2018년 7월 22일 14시,일요일,충청북도 청주시 상당구 남주동,중상사고,0,1,0,0,차대차 - 측면충돌,교차로운행방법위반,건조,맑음,교차로 - 교차로안,승용,남,29세,상해없음,이륜,남,61세,중상
2018072200100346,2018년 7월 22일 17시,일요일,충청북도 충주시 칠금동,경상사고,0,0,1,0,차대차 - 기타,안전운전불이행,건조,맑음,교차로 - 교차로횡단보도내,승합,남,45세,상해없음,자전거,남,10세,경상
2018072200100373,2018년 7월 22일 18시,일요일,충청북도 충주시 성남동,경상사고,0,0,1,0,차대차 - 기타,직진우회전진행방해,건조,맑음,교차로 - 교차로안,승용,남,55세,상해없음,승용,남,21세,경상
2018072200100405,2018년 7월 22일 19시,일요일,충청북도 청주시 청원구 오창읍,경상사고,0,0,3,0,차대차 - 기타,신호위반,건조,맑음,교차로 - 교차로부근,승용,여,61세,상해없음,승용,남,48세,상해없음
2018072200100406,2018년 7월 22일 19시,일요일,충청북도 제천시 청전동,중상사고,0,1,0,0,차대차 - 정면충돌,교차로운행방법위반,건조,맑음,교차로 - 교차로안,승용,남,61세,상해없음,화물,남,57세,상해없음
2018072200100436,2018년 7월 22일 20시,일요일,충청북도 청주시 청원구 오창읍,경상사고,0,0,2,0,차대차 - 후진중충돌,안전운전불이행,건조,맑음,단일로 - 기타,승용,여,54세,상해없음,승용,여,24세,경상
2018072200100437,2018년 7월 22일 20시,일요일,충청북도 충주시 연수동,중상사고,0,2,0,0,차대차 - 기타,신호위반,건조,흐림,교차로 - 교차로안,화물,여,50세,상해없음,이륜,남,17세,중상
2018072200100438,2018년 7월 22일 20시,일요일,충청북도 충주시 연수동,경상사고,0,0,1,0,차대차 - 측면충돌,중앙선침범,건조,맑음,단일로 - 기타,승용,남,62세,상해없음,승용,남,49세,경상
2018072200100439,2018년 7월 22일 20시,일요일,충청북도 청주시 흥덕구 봉명동,부상신고사고,0,0,0,1,차대차 - 측면충돌,차로위반,건조,맑음,단일로 - 기타,승용,남,33세,상해없음,승용,남,40세,상해없음
2018072200100467,2018년 7월 22일 21시,일요일,충청북도 청주시 흥덕구 강서동,경상사고,0,0,1,0,차대차 - 기타,교차로운행방법위반,건조,맑음,교차로 - 교차로안,승용,남,25세,상해없음,승용,여,24세,경상
2018072200100495,2018년 7월 22일 22시,일요일,충청북도 충주시 교현동,경상사고,0,0,2,1,차대차 - 기타,직진우회전진행방해,건조,맑음,교차로 - 교차로안,승용,여,52세,부상신고,승용,남,58세,경상
2018072200100496,2018년 7월 22일 22시,일요일,충청북도 청주시 흥덕구 신봉동,경상사고,0,0,4,0,차대차 - 측면충돌,신호위반,건조,맑음,교차로 - 교차로안,승용,남,69세,상해없음,승용,남,29세,경상
2018072200100497,2018년 7월 22일 22시,일요일,충청북도 청주시 흥덕구 옥산면,중상사고,0,2,0,1,차대차 - 정면충돌,신호위반,건조,맑음,교차로 - 교차로안,승용,남,59세,부상신고,승용,남,45세,중상
2018072200100507,2018년 7월 22일 23시,일요일,충청북도 청주시 상당구 금천동,경상사고,0,0,1,0,차대차 - 측면충돌,신호위반,건조,맑음,교차로 - 교차로안,승용,남,33세,상해없음,승용,남,59세,경상
2018072300100017,2018년 7월 23일 01시,월요일,충청북도 청주시 서원구 수곡동,경상사고,0,0,2,0,차대차 - 측면충돌,안전운전불이행,건조,맑음,단일로 - 지하차도(도로)내,승용,남,39세,상해없음,승용,여,51세,경상
2018072300100024,2018년 7월 23일 02시,월요일,충청북도 청주시 서원구 남이면,경상사고,0,0,2,0,차대차 - 측면충돌,안전거리미확보,건조,맑음,기타 - 기타,승용,남,57세,기타불명,화물,남,36세,상해없음
2018072300100045,2018년 7월 23일 05시,월요일,충청북도 음성군 원남면,중상사고,0,2,0,0,차대차 - 추돌,안전운전불이행,건조,맑음,단일로 - 기타,승용,남,48세,중상,건설기계,남,53세,중상
2018072300100111,2018년 7월 23일 08시,월요일,충청북도 청주시 청원구 내덕동,중상사고,0,1,0,0,차대차 - 기타,교차로운행방법위반,건조,맑음,교차로 - 교차로안,승용,남,20세,상해없음,승용,남,31세,중상
2018072300100112,2018년 7월 23일 08시,월요일,충청북도 증평군 증평읍,중상사고,0,1,3,0,차대차 - 기타,신호위반,건조,맑음,교차로 - 교차로안,승용,남,49세,상해없음,승용,남,59세,중상
2018072300100214,2018년 7월 23일 11시,월요일,충청북도 청주시 청원구 우암동,경상사고,0,0,1,0,차대차 - 측면충돌,안전거리미확보,건조,맑음,단일로 - 기타,승용,남,69세,상해없음,이륜,남,26세,경상
2018072300100215,2018년 7월 23일 11시,월요일,충청북도 청주시 상당구 석교동,중상사고,0,2,1,0,차대차 - 측면충돌,신호위반,건조,맑음,교차로 - 교차로안,승용,여,45세,경상,승용,여,47세,중상
2018072300100216,2018년 7월 23일 11시,월요일,충청북도 청주시 상당구 남일면,중상사고,0,1,0,0,차대사람 - 횡단중,안전운전불이행,건조,맑음,교차로 - 교차로부근,승용,남,56세,상해없음,보행자,남,49세,중상
2018072300100310,2018년 7월 23일 14시,월요일,충청북도 충주시 중앙탑면,경상사고,0,0,1,1,차대차 - 기타,안전운전불이행,건조,맑음,단일로 - 기타,승용,여,56세,부상신고,승용,남,52세,경상
2018072300100311,2018년 7월 23일 14시,월요일,충청북도 충주시 교현동,중상사고,0,1,0,0,차대차 - 기타,안전거리미확보,건조,맑음,단일로 - 기타,승용,남,48세,상해없음,이륜,남,32세,중상
2018072300100312,2018년 7월 23일 14시,월요일,충청북도 청주시 서원구 현도면,경상사고,0,0,1,0,차대차 - 기타,신호위반,건조,맑음,교차로 - 교차로안,화물,남,58세,상해없음,화물,남,36세,경상
2018072300100344,2018년 7월 23일 15시,월요일,충청북도 옥천군 군서면,경상사고,0,0,3,0,차대차 - 측면충돌,교차로운행방법위반,건조,맑음,교차로 - 교차로안,승용,남,70세,경상,화물,남,51세,경상
2018072300100345,2018년 7월 23일 15시,월요일,충청북도 청주시 흥덕구 오송읍,경상사고,0,0,1,0,차대차 - 측면충돌,안전운전불이행,건조,맑음,교차로 - 교차로부근,승용,남,64세,상해없음,농기계,남,78세,경상
2018072300100346,2018년 7월 23일 15시,월요일,충청북도 청주시 흥덕구 지동동,경상사고,0,0,1,0,차대차 - 기타,안전운전불이행,건조,맑음,교차로 - 교차로안,승용,여,45세,상해없음,화물,남,25세,경상
2018072300100389,2018년 7월 23일 16시,월요일,충청북도 청주시 청원구 오창읍,부상신고사고,0,0,0,1,차량단독 - 기타,안전운전불이행,건조,맑음,교차로 - 교차로부근,이륜,남,16세,부상신고,,,,
2018072300100425,2018년 7월 23일 17시,월요일,충청북도 진천군 진천읍,경상사고,0,0,1,0,차대차 - 추돌,안전거리미확보,건조,맑음,교차로 - 교차로부근,이륜,남,62세,경상,화물,여,52세,상해없음
2018072300100426,2018년 7월 23일 17시,월요일,충청북도 청주시 흥덕구 오송읍,경상사고,0,0,2,0,차대사람 - 기타,신호위반,건조,맑음,단일로 - 기타,승용,남,68세,상해없음,보행자,여,37세,경상
2018072300100479,2018년 7월 23일 18시,월요일,충청북도 진천군 진천읍,중상사고,0,4,0,0,차대차 - 기타,안전운전불이행,건조,맑음,교차로 - 교차로안,승용,여,47세,상해없음,승용,여,38세,중상
2018072300100480,2018년 7월 23일 18시,월요일,충청북도 청주시 흥덕구 봉명동,경상사고,0,0,1,0,차대차 - 측면충돌,차로위반,건조,맑음,교차로 - 교차로부근,승용,여,30세,상해없음,승용,남,56세,상해없음
2018072300100481,2018년 7월 23일 18시,월요일,충청북도 청주시 흥덕구 강내면,중상사고,0,1,1,0,차대차 - 측면충돌,안전운전불이행,건조,맑음,교차로 - 교차로안,이륜,남,17세,중상,승용,남,21세,경상
2018072300100482,2018년 7월 23일 18시,월요일,충청북도 청주시 서원구 모충동,경상사고,0,0,1,0,차대차 - 측면충돌,안전거리미확보,건조,맑음,단일로 - 기타,승용,남,69세,상해없음,승용,여,66세,경상
2018072300100521,2018년 7월 23일 19시,월요일,충청북도 진천군 진천읍,중상사고,0,1,0,0,차대차 - 측면충돌,안전거리미확보,건조,맑음,교차로 - 교차로부근,자전거,남,12세,중상,승용,여,27세,상해없음
2018072300100549,2018년 7월 23일 20시,월요일,충청북도 충주시 중앙탑면,중상사고,0,1,0,0,차대차 - 기타,중앙선침범,건조,맑음,단일로 - 기타,자전거,남,15세,중상,승용,남,42세,상해없음
2018072300100550,2018년 7월 23일 20시,월요일,충청북도 제천시 영천동,중상사고,0,1,0,0,차대사람 - 횡단중,안전운전불이행,건조,맑음,단일로 - 기타,승용,남,43세,상해없음,보행자,여,77세,중상
2018072400100032,2018년 7월 24일 03시,화요일,충청북도 청주시 흥덕구 강내면,경상사고,0,0,1,0,차대차 - 추돌,안전운전불이행,건조,맑음,단일로 - 기타,화물,남,63세,경상,화물,남,43세,기타불명
2018072400100039,2018년 7월 24일 04시,화요일,충청북도 단양군 매포읍,중상사고,0,1,0,0,차량단독 - 기타,안전운전불이행,건조,맑음,단일로 - 기타,승용,남,36세,중상,,,,
2018072400100061,2018년 7월 24일 06시,화요일,충청북도 옥천군 옥천읍,사망사고,1,0,0,0,차대차 - 기타,신호위반,건조,맑음,교차로 - 교차로안,화물,남,65세,상해없음,화물,남,68세,사망
2018072400100079,2018년 7월 24일 07시,화요일,충청북도 충주시 동량면,경상사고,0,0,1,0,차량단독 - 전도전복 - 전도,안전운전불이행,건조,맑음,단일로 - 기타,자전거,남,48세,경상,미분류,미분류,미분류,미분류
2018072400100116,2018년 7월 24일 08시,화요일,충청북도 영동군 영동읍,사망사고,1,0,0,0,차대차 - 측면충돌,안전운전불이행,건조,맑음,단일로 - 기타,화물,남,75세,상해없음,이륜,남,79세,사망
2018072400100117,2018년 7월 24일 08시,화요일,충청북도 옥천군 옥천읍,중상사고,0,1,0,0,차대차 - 측면충돌,신호위반,건조,맑음,교차로 - 교차로안,이륜,남,71세,중상,승용,남,35세,상해없음
2018072400100162,2018년 7월 24일 09시,화요일,충청북도 충주시 살미면,중상사고,0,2,3,1,차대차 - 측면충돌,중앙선침범,건조,맑음,단일로 - 기타,승용,남,64세,부상신고,승용,남,41세,중상
2018072400100163,2018년 7월 24일 09시,화요일,충청북도 충주시 칠금동,경상사고,0,0,1,0,차대차 - 기타,안전운전불이행,건조,맑음,단일로 - 기타,승용,남,71세,상해없음,승용,남,44세,경상
2018072400100164,2018년 7월 24일 09시,화요일,충청북도 옥천군 옥천읍,경상사고,0,0,1,0,차대차 - 측면충돌,교차로운행방법위반,건조,맑음,교차로 - 교차로안,승용,남,41세,상해없음,승용,남,44세,경상
2018072400100165,2018년 7월 24일 09시,화요일,충청북도 옥천군 군북면,경상사고,0,0,1,0,차대차 - 기타,안전운전불이행,건조,맑음,교차로 - 교차로안,이륜,남,75세,경상,화물,남,64세,상해없음
2018072400100166,2018년 7월 24일 09시,화요일,충청북도 청주시 서원구 모충동,중상사고,0,2,0,0,차대차 - 측면충돌,교차로운행방법위반,건조,맑음,교차로 - 교차로안,승용,남,25세,상해없음,이륜,남,76세,중상
2018072400100207,2018년 7월 24일 10시,화요일,충청북도 청주시 청원구 우암동,경상사고,0,0,1,0,차대차 - 기타,기타,건조,맑음,단일로 - 기타,승용,여,52세,경상,승용,남,50세,상해없음
2018072400100244,2018년 7월 24일 11시,화요일,충청북도 청주시 청원구 내덕동,중상사고,0,1,0,0,차대차 - 기타,안전운전불이행,건조,맑음,단일로 - 기타,이륜,남,32세,중상,승용,남,77세,상해없음
2018072400100245,2018년 7월 24일 11시,화요일,충청북도 음성군 삼성면,경상사고,0,0,1,0,차대차 - 측면충돌,중앙선침범,건조,맑음,교차로 - 교차로부근,화물,남,43세,상해없음,승용,여,37세,경상
2018072400100246,2018년 7월 24일 11시,화요일,충청북도 청주시 흥덕구 복대동,경상사고,0,0,1,0,차대차 - 측면충돌,안전운전불이행,건조,맑음,교차로 - 교차로안,승용,남,68세,상해없음,승용,여,57세,경상
2018072400100274,2018년 7월 24일 12시,화요일,충청북도 청주시 흥덕구 문암동,경상사고,0,0,2,0,차대차 - 추돌,안전운전불이행,건조,맑음,교차로 - 교차로부근,화물,남,27세,상해없음,승용,여,39세,경상
2018072400100308,2018년 7월 24일 13시,화요일,충청북도 진천군 덕산면,경상사고,0,0,1,0,차대차 - 기타,안전운전불이행,건조,맑음,단일로 - 기타,승용,여,56세,상해없음,승용,여,28세,경상
2018072400100346,2018년 7월 24일 14시,화요일,충청북도 청주시 청원구 오창읍,중상사고,0,1,0,0,차대차 - 측면충돌,안전거리미확보,건조,맑음,교차로 - 교차로부근,승용,남,50세,상해없음,승용,여,26세,중상
2018072400100347,2018년 7월 24일 14시,화요일,충청북도 충주시 대소원면,경상사고,0,0,3,0,차대차 - 기타,안전운전불이행,건조,맑음,단일로 - 기타,화물,남,55세,상해없음,화물,남,49세,경상
2018072400100348,2018년 7월 24일 14시,화요일,충청북도 영동군 영동읍,경상사고,0,0,1,0,차대차 - 후진중충돌,안전운전불이행,건조,맑음,교차로 - 교차로안,화물,남,49세,상해없음,이륜,남,38세,경상
2018072400100349,2018년 7월 24일 14시,화요일,충청북도 청주시 서원구 현도면,경상사고,0,0,1,0,차대차 - 추돌,안전운전불이행,건조,맑음,단일로 - 기타,승합,남,47세,상해없음,승용,남,35세,경상
2018072400100350,2018년 7월 24일 14시,화요일,충청북도 청주시 흥덕구 복대동,경상사고,0,0,1,0,차대차 - 측면충돌,교차로운행방법위반,건조,맑음,교차로 - 교차로안,승용,남,48세,상해없음,승용,여,58세,경상
2018072400100391,2018년 7월 24일 15시,화요일,충청북도 충주시 교현동,중상사고,0,1,0,0,차대차 - 기타,안전운전불이행,건조,맑음,교차로 - 교차로부근,승용,남,43세,상해없음,이륜,남,33세,중상
2018072400100392,2018년 7월 24일 15시,화요일,충청북도 청주시 서원구 분평동,경상사고,0,0,1,1,차대차 - 정면충돌,중앙선침범,건조,맑음,단일로 - 기타,승용,남,79세,부상신고,승용,남,47세,경상
2018072400100393,2018년 7월 24일 15시,화요일,충청북도 청주시 서원구 모충동,경상사고,0,0,1,0,차대차 - 추돌,안전운전불이행,건조,맑음,단일로 - 지하차도(도로)내,승용,여,62세,상해없음,승용,남,40세,경상
2018072400100395,2018년 7월 24일 15시,화요일,충청북도 청주시 서원구 남이면,경상사고,0,0,3,0,차대차 - 기타,안전운전불이행,건조,맑음,기타 - 기타,화물,남,49세,상해없음,승용,남,41세,경상
2018072400100423,2018년 7월 24일 16시,화요일,충청북도 제천시 동현동,중상사고,0,1,0,1,차량단독 - 공작물충돌,안전운전불이행,건조,맑음,단일로 - 지하차도(도로)내,승용,여,65세,상해없음,,,,
2018072400100424,2018년 7월 24일 16시,화요일,충청북도 청주시 서원구 개신동,경상사고,0,0,1,0,차대차 - 기타,교차로운행방법위반,건조,맑음,교차로 - 교차로부근,화물,남,45세,상해없음,승용,남,45세,경상
2018072400100468,2018년 7월 24일 17시,화요일,충청북도 청주시 서원구 사직동,중상사고,0,1,0,0,차대차 - 기타,안전운전불이행,건조,맑음,단일로 - 기타,승용,남,48세,상해없음,승용,여,35세,중상
2018072400100469,2018년 7월 24일 17시,화요일,충청북도 충주시 주덕읍,중상사고,0,1,0,0,차대사람 - 횡단중,안전운전불이행,건조,맑음,단일로 - 기타,화물,남,57세,상해없음,보행자,남,66세,중상
2018072400100470,2018년 7월 24일 17시,화요일,충청북도 청주시 흥덕구 향정동,중상사고,0,1,0,0,차대차 - 측면충돌,신호위반,건조,맑음,단일로 - 기타,이륜,남,43세,중상,승용,남,22세,상해없음
2018072400100471,2018년 7월 24일 17시,화요일,충청북도 청주시 상당구 운동동,중상사고,0,1,0,0,차대사람 - 기타,안전운전불이행,건조,맑음,단일로 - 기타,화물,남,46세,상해없음,보행자,남,78세,중상
2018072400100472,2018년 7월 24일 17시,화요일,충청북도 청주시 상당구 남일면,경상사고,0,0,1,0,차대차 - 후진중충돌,안전운전불이행,건조,맑음,교차로 - 교차로안,승용,남,48세,상해없음,승용,남,30세,경상
2018072400100518,2018년 7월 24일 18시,화요일,충청북도 음성군 금왕읍,경상사고,0,0,1,0,차대차 - 정면충돌,안전운전불이행,건조,맑음,단일로 - 기타,승용,남,56세,상해없음,이륜,남,24세,경상
2018072400100519,2018년 7월 24일 18시,화요일,충청북도 청주시 서원구 분평동,경상사고,0,0,1,1,차대차 - 추돌,안전운전불이행,건조,맑음,단일로 - 지하차도(도로)내,승용,여,48세,부상신고,승용,여,32세,경상
2018072400100560,2018년 7월 24일 19시,화요일,충청북도 충주시 용탄동,중상사고,0,1,1,0,차대차 - 기타,차로위반,건조,맑음,단일로 - 기타,승용,남,28세,상해없음,이륜,남,61세,중상
2018072400100595,2018년 7월 24일 20시,화요일,충청북도 충주시 호암동,중상사고,0,1,0,0,차대차 - 기타,안전운전불이행,건조,맑음,교차로 - 교차로안,승용,남,35세,상해없음,이륜,남,64세,중상
2018072400100596,2018년 7월 24일 20시,화요일,충청북도 청주시 상당구 석교동,경상사고,0,0,1,0,차대사람 - 횡단중,안전운전불이행,건조,맑음,교차로 - 교차로안,승용,남,30세,상해없음,보행자,남,44세,경상
2018072400100619,2018년 7월 24일 21시,화요일,충청북도 청주시 흥덕구 오송읍,중상사고,0,1,2,0,차대차 - 측면충돌,안전운전불이행,건조,맑음,교차로 - 교차로안,승용,여,57세,경상,승용,남,52세,중상
2018072400100672,2018년 7월 24일 23시,화요일,충청북도 충주시 연수동,경상사고,0,0,1,0,차대차 - 기타,안전운전불이행,건조,흐림,단일로 - 기타,승용,남,29세,상해없음,이륜,남,45세,경상
2018072400100673,2018년 7월 24일 23시,화요일,충청북도 청주시 흥덕구 가경동,경상사고,0,0,2,0,차대차 - 측면충돌,안전거리미확보,건조,맑음,기타 - 기타,승용,남,59세,상해없음,승용,남,37세,경상
2018072500100071,2018년 7월 25일 06시,수요일,충청북도 충주시 안림동,중상사고,0,1,0,0,차대차 - 기타,신호위반,건조,맑음,교차로 - 교차로안,승용,남,42세,상해없음,자전거,남,85세,중상
2018072500100072,2018년 7월 25일 06시,수요일,충청북도 청주시 서원구 남이면,중상사고,0,1,1,0,차대차 - 정면충돌,중앙선침범,건조,맑음,단일로 - 기타,승용,여,50세,상해없음,승용,남,59세,중상
2018072500100088,2018년 7월 25일 07시,수요일,충청북도 청주시 흥덕구 상신동,사망사고,1,0,0,0,차대차 - 측면충돌,안전운전불이행,건조,맑음,교차로 - 교차로안,화물,남,65세,상해없음,이륜,남,81세,사망
2018072500100112,2018년 7월 25일 08시,수요일,충청북도 충주시 교현동,중상사고,0,1,0,0,차대차 - 측면충돌,안전운전불이행,건조,맑음,교차로 - 교차로안,승용,남,63세,상해없음,자전거,여,68세,중상
2018072500100113,2018년 7월 25일 08시,수요일,충청북도 청주시 흥덕구 비하동,중상사고,0,1,0,0,차대사람 - 기타,안전운전불이행,건조,맑음,교차로 - 교차로부근,승합,남,68세,상해없음,보행자,여,73세,중상
2018072500100145,2018년 7월 25일 09시,수요일,충청북도 청주시 상당구 용암동,경상사고,0,0,1,0,차대차 - 측면충돌,안전거리미확보,건조,맑음,교차로 - 교차로부근,화물,남,53세,상해없음,승용,남,54세,경상
2018072500100179,2018년 7월 25일 10시,수요일,충청북도 청주시 서원구 개신동,경상사고,0,0,1,0,차대사람 - 기타,안전운전불이행,건조,맑음,단일로 - 기타,기타불명,기타불명,미분류,기타불명,보행자,여,21세,경상
2018072500100180,2018년 7월 25일 10시,수요일,충청북도 청주시 흥덕구 서촌동,경상사고,0,0,1,0,차대차 - 측면충돌,교차로운행방법위반,건조,맑음,교차로 - 교차로안,승용,남,59세,상해없음,이륜,남,26세,경상
2018072500100220,2018년 7월 25일 11시,수요일,충청북도 충주시 교현동,경상사고,0,0,1,0,차대차 - 기타,안전운전불이행,건조,맑음,단일로 - 기타,승용,여,45세,상해없음,특수,남,52세,경상
2018072500100221,2018년 7월 25일 11시,수요일,충청북도 영동군 영동읍,경상사고,0,0,2,0,차대차 - 측면충돌,신호위반,건조,맑음,교차로 - 교차로안,승용,여,62세,상해없음,승용,여,80세,경상
2018072500100241,2018년 7월 25일 12시,수요일,충청북도 청주시 흥덕구 강내면,경상사고,0,0,1,0,차대차 - 측면충돌,안전운전불이행,건조,맑음,단일로 - 기타,승용,남,55세,상해없음,승용,남,21세,경상
2018072500100242,2018년 7월 25일 12시,수요일,충청북도 청주시 서원구 분평동,중상사고,0,1,0,0,차대차 - 기타,안전운전불이행,건조,맑음,단일로 - 기타,승용,남,34세,상해없음,이륜,남,21세,중상
2018072500100276,2018년 7월 25일 13시,수요일,충청북도 청주시 청원구 오창읍,경상사고,0,0,1,0,차대차 - 후진중충돌,안전운전불이행,건조,맑음,단일로 - 기타,승용,남,57세,상해없음,승용,남,46세,경상
2018072500100316,2018년 7월 25일 14시,수요일,충청북도 제천시 중앙로2가,경상사고,0,0,1,0,차대차 - 기타,안전운전불이행,건조,맑음,단일로 - 기타,이륜,남,17세,경상,화물,남,46세,상해없음
2018072500100317,2018년 7월 25일 14시,수요일,충청북도 청주시 흥덕구 복대동,경상사고,0,0,1,0,차대차 - 추돌,안전거리미확보,건조,맑음,단일로 - 기타,승용,남,62세,상해없음,승용,남,30세,경상
2018072500100353,2018년 7월 25일 15시,수요일,충청북도 청주시 서원구 현도면,부상신고사고,0,0,0,1,차대차 - 기타,안전운전불이행,건조,맑음,교차로 - 교차로부근,승용,남,43세,부상신고,승용,남,51세,상해없음
2018072500100427,2018년 7월 25일 17시,수요일,충청북도 제천시 중앙로2가,경상사고,0,0,1,0,차대차 - 추돌,기타,건조,맑음,교차로 - 교차로부근,승합,남,67세,상해없음,이륜,남,18세,경상
2018072500100428,2018년 7월 25일 17시,수요일,충청북도 증평군 증평읍,중상사고,0,1,1,0,차대차 - 추돌,안전운전불이행,건조,맑음,교차로 - 교차로부근,승용,남,75세,상해없음,화물,남,65세,중상
2018072500100431,2018년 7월 25일 17시,수요일,충청북도 청주시 흥덕구 옥산면,경상사고,0,0,1,0,차대차 - 추돌,안전운전불이행,건조,맑음,기타 - 기타,승용,남,30세,상해없음,승용,남,38세,경상
2018072500100519,2018년 7월 25일 19시,수요일,충청북도 충주시 동량면,중상사고,0,1,0,0,차대차 - 기타,안전거리미확보,건조,맑음,단일로 - 기타,승용,남,58세,상해없음,승용,남,27세,중상
2018072500100520,2018년 7월 25일 19시,수요일,충청북도 청주시 흥덕구 신촌동,경상사고,0,0,1,0,차대차 - 기타,안전운전불이행,건조,맑음,단일로 - 기타,승용,남,56세,상해없음,승용,여,55세,경상
2018072500100551,2018년 7월 25일 20시,수요일,충청북도 충주시 칠금동,경상사고,0,0,3,0,차대차 - 기타,안전거리미확보,건조,맑음,단일로 - 기타,승용,남,25세,상해없음,승용,남,38세,경상
2018072500100552,2018년 7월 25일 20시,수요일,충청북도 청주시 상당구 서운동,중상사고,0,1,0,0,차대차 - 추돌,교차로운행방법위반,건조,맑음,교차로 - 교차로안,승용,남,47세,상해없음,개인형이동수단(PM),남,75세,중상
2018072500100607,2018년 7월 25일 22시,수요일,충청북도 청주시 서원구 수곡동,경상사고,0,0,1,0,차대차 - 측면충돌,신호위반,건조,맑음,단일로 - 지하차도(도로)내,승용,남,24세,상해없음,이륜,남,48세,경상
2018072500100639,2018년 7월 25일 23시,수요일,충청북도 청주시 흥덕구 봉명동,경상사고,0,0,4,0,차대차 - 추돌,안전운전불이행,건조,맑음,단일로 - 기타,승용,남,59세,상해없음,승용,남,38세,경상