사고번호,사고일시,요일,시군구,사고내용,사망자수,중상자수,경상자수,부상신고자수,사고유형,법규위반,노면상태,기상상태,도로형태,가해운전자 차종,가해운전자 성별,가해운전자 연령,가해운전자 상해정도,피해운전자 차종,피해운전자 성별,피해운전자 연령,피해운전자 상해정도
2018073000100076,2018년 7월 30일 07시,월요일,충청북도 청주시 청원구 오창읍,중상사고,0,1,0,0,차대차 - 측면충돌,교차로운행방법위반,건조,맑음,교차로 - 교차로부근,승용,여,34세,기타불명,화물,남,56세,중상
2018073000100152,2018년 7월 30일 09시,월요일,충청북도 충주시 봉방동,중상사고,0,1,0,0,차대차 - 측면충돌,신호위반,건조,맑음,교차로 - 교차로안,원동기,남,77세,중상,승용,남,53세,상해없음
2018073000100153,2018년 7월 30일 09시,월요일,충청북도 청주시 흥덕구 봉명동,경상사고,0,0,1,0,차대사람 - 횡단중,안전운전불이행,건조,맑음,교차로 - 교차로안,승용,여,42세,상해없음,보행자,여,54세,경상
2018073000100183,2018년 7월 30일 10시,월요일,충청북도 진천군 백곡면,중상사고,0,2,1,0,차대차 - 기타,안전운전불이행,건조,맑음,단일로 - 기타,승용,남,70세,경상,승용,남,39세,상해없음
2018073000100184,2018년 7월 30일 10시,월요일,충청북도 청주시 흥덕구 복대동,경상사고,0,0,1,0,차대차 - 기타,중앙선침범,건조,맑음,단일로 - 기타,승용,남,42세,상해없음,승용,여,40세,경상
2018073000100185,2018년 7월 30일 10시,월요일,충청북도 청주시 흥덕구 가경동,경상사고,0,0,1,0,차대사람 - 기타,안전운전불이행,건조,맑음,단일로 - 기타,이륜,남,48세,상해없음,보행자,남,50세,경상
2018073000100218,2018년 7월 30일 11시,월요일,충청북도 청주시 흥덕구 봉명동,경상사고,0,0,1,0,차대차 - 측면충돌,교차로운행방법위반,건조,맑음,교차로 - 교차로안,승용,남,53세,상해없음,화물,여,54세,경상
2018073000100270,2018년 7월 30일 12시,월요일,충청북도 청주시 서원구 사직동,경상사고,0,0,1,0,차대차 - 측면충돌,안전운전불이행,건조,맑음,단일로 - 기타,승용,여,48세,상해없음,승용,남,50세,경상
2018073000100305,2018년 7월 30일 13시,월요일,충청북도 영동군 양강면,중상사고,0,1,2,0,차대차 - 측면충돌,안전운전불이행,건조,맑음,단일로 - 기타,화물,남,61세,상해없음,화물,남,41세,중상
2018073000100342,2018년 7월 30일 14시,월요일,충청북도 충주시 단월동,중상사고,0,2,2,0,차대차 - 기타,신호위반,건조,맑음,교차로 - 교차로안,승용,남,46세,중상,승용,남,19세,경상
2018073000100343,2018년 7월 30일 14시,월요일,충청북도 제천시 하소동,경상사고,0,0,1,0,차대사람 - 횡단중,안전운전불이행,건조,맑음,교차로 - 교차로안,승용,여,41세,상해없음,보행자,여,75세,경상
2018073000100344,2018년 7월 30일 14시,월요일,충청북도 청주시 상당구 용담동,경상사고,0,0,1,0,차대차 - 후진중충돌,안전운전불이행,건조,맑음,교차로 - 교차로안,승합,남,60세,상해없음,승용,남,51세,경상
2018073000100385,2018년 7월 30일 15시,월요일,충청북도 제천시 왕암동,경상사고,0,0,2,0,차대차 - 측면충돌,안전운전불이행,건조,맑음,교차로 - 교차로안,특수,남,40세,경상,승용,남,68세,경상
2018073000100511,2018년 7월 30일 18시,월요일,충청북도 청주시 청원구 내덕동,경상사고,0,0,1,0,차대사람 - 기타,안전운전불이행,건조,맑음,단일로 - 기타,승용,여,54세,상해없음,보행자,남,41세,경상
2018073000100512,2018년 7월 30일 18시,월요일,충청북도 충주시 교현동,중상사고,0,1,0,2,차대차 - 기타,안전운전불이행,건조,맑음,단일로 - 기타,승용,남,56세,상해없음,승용,남,27세,중상
2018073000100514,2018년 7월 30일 18시,월요일,충청북도 청주시 흥덕구 복대동,경상사고,0,0,2,0,차대차 - 기타,안전운전불이행,건조,맑음,단일로 - 기타,승용,남,56세,상해없음,승용,남,21세,경상
2018073000100515,2018년 7월 30일 18시,월요일,충청북도 청주시 서원구 수곡동,중상사고,0,1,0,0,차대차 - 측면충돌,교차로운행방법위반,건조,맑음,교차로 - 교차로안,승용,남,58세,상해없음,자전거,여,70세,중상
2018073000100516,2018년 7월 30일 18시,월요일,충청북도 청주시 서원구 수곡동,경상사고,0,0,2,0,차대차 - 측면충돌,안전운전불이행,건조,맑음,교차로 - 교차로부근,승용,남,28세,상해없음,승합,남,74세,경상
2018073000100517,2018년 7월 30일 18시,월요일,충청북도 청주시 상당구 용정동,경상사고,0,0,1,0,차대차 - 측면충돌,안전운전불이행,건조,맑음,단일로 - 지하차도(도로)내,승용,여,50세,상해없음,승용,여,33세,경상
2018073000100561,2018년 7월 30일 19시,월요일,충청북도 제천시 남천동,경상사고,0,0,1,0,차대차 - 정면충돌,직진우회전진행방해,건조,맑음,교차로 - 교차로안,승용,남,27세,상해없음,이륜,남,19세,경상
2018073000100562,2018년 7월 30일 19시,월요일,충청북도 청주시 흥덕구 복대동,부상신고사고,0,0,0,1,차대차 - 측면충돌,안전운전불이행,건조,맑음,기타 - 기타,자전거,남,49세,부상신고,승용,여,64세,상해없음
2018073000100588,2018년 7월 30일 20시,월요일,충청북도 충주시 성서동,경상사고,0,0,1,0,차대차 - 기타,안전운전불이행,건조,맑음,교차로 - 교차로부근,승용,남,57세,상해없음,승용,남,22세,경상
2018073000100589,2018년 7월 30일 20시,월요일,충청북도 청주시 서원구 수곡동,경상사고,0,0,1,0,차대차 - 기타,안전운전불이행,건조,맑음,교차로 - 교차로안,이륜,남,41세,경상,승용,여,44세,상해없음
2018073000100653,2018년 7월 30일 22시,월요일,충청북도 옥천군 옥천읍,경상사고,0,0,1,0,차대차 - 추돌,안전운전불이행,건조,맑음,교차로 - 교차로부근,특수,남,47세,상해없음,승용,남,26세,경상
2018073000100672,2018년 7월 30일 23시,월요일,충청북도 청주시 서원구 사창동,중상사고,0,2,0,0,차대차 - 기타,중앙선침범,건조,맑음,교차로 - 교차로부근,자전거,남,52세,중상,이륜,남,26세,중상
2018073100100017,2018년 7월 31일 01시,화요일,충청북도 청주시 청원구 내덕동,중상사고,0,1,1,0,차대차 - 측면충돌,신호위반,건조,맑음,교차로 - 교차로안,승용,남,64세,상해없음,승용,남,50세,중상
2018073100100109,2018년 7월 31일 08시,화요일,충청북도 청주시 서원구 성화동,경상사고,0,0,1,0,차대차 - 추돌,안전운전불이행,건조,맑음,교차로 - 교차로부근,승용,남,36세,상해없음,승용,남,24세,경상
2018073100100146,2018년 7월 31일 09시,화요일,충청북도 청주시 흥덕구 석소동,경상사고,0,0,1,1,차대차 - 추돌,안전운전불이행,건조,맑음,교차로 - 교차로부근,화물,남,35세,상해없음,화물,남,55세,부상신고
2018073100100180,2018년 7월 31일 10시,화요일,충청북도 청주시 청원구 내덕동,중상사고,0,1,0,0,차대차 - 측면충돌,교차로운행방법위반,건조,맑음,교차로 - 교차로안,승용,남,41세,상해없음,승용,남,65세,중상
2018073100100181,2018년 7월 31일 10시,화요일,충청북도 제천시 백운면,사망사고,1,0,1,0,차량단독 - 도로외이탈 - 기타,안전운전불이행,건조,맑음,단일로 - 기타,화물,남,58세,경상,,,,
2018073100100182,2018년 7월 31일 10시,화요일,충청북도 음성군 삼성면,경상사고,0,0,1,0,차대차 - 측면충돌,기타,건조,맑음,교차로 - 교차로안,승용,남,46세,상해없음,승용,남,33세,경상
2018073100100211,2018년 7월 31일 11시,화요일,충청북도 청주시 청원구 율량동,부상신고사고,0,0,0,1,차량단독 - 기타,안전운전불이행,건조,맑음,교차로 - 교차로안,이륜,남,25세,부상신고,,,,
2018073100100212,2018년 7월 31일 11시,화요일,충청북도 음성군 음성읍,경상사고,0,0,1,0,차대차 - 측면충돌,교차로운행방법위반,건조,맑음,교차로 - 교차로안,화물,여,65세,상해없음,원동기,남,57세,경상
2018073100100245,2018년 7월 31일 12시,화요일,충청북도 보은군 보은읍,경상사고,0,0,1,0,차대차 - 측면충돌,교차로운행방법위반,건조,맑음,교차로 - 교차로횡단보도내,화물,남,51세,상해없음,승용,남,30세,경상
2018073100100246,2018년 7월 31일 12시,화요일,충청북도 진천군 진천읍,경상사고,0,0,1,0,차대차 - 기타,안전운전불이행,건조,맑음,교차로 - 교차로안,승용,여,58세,상해없음,승용,남,37세,경상
2018073100100247,2018년 7월 31일 12시,화요일,충청북도 청주시 흥덕구 오송읍,중상사고,0,1,0,0,차대사람 - 횡단중,보행자보호의무위반,건조,맑음,교차로 - 교차로횡단보도내,승용,남,25세,기타불명,보행자,여,22세,중상
2018073100100281,2018년 7월 31일 13시,화요일,충청북도 청주시 청원구 내덕동,중상사고,0,1,0,0,차대차 - 기타,안전운전불이행,건조,맑음,단일로 - 기타,화물,남,53세,상해없음,이륜,남,27세,중상
2018073100100282,2018년 7월 31일 13시,화요일,충청북도 청주시 서원구 모충동,경상사고,0,0,2,1,차대차 - 정면충돌,교차로운행방법위반,건조,맑음,교차로 - 교차로안,승용,남,26세,경상,승용,여,35세,경상
2018073100100284,2018년 7월 31일 13시,화요일,충청북도 영동군 황간면,경상사고,0,0,3,0,차대차 - 추돌,안전운전불이행,건조,맑음,단일로 - 기타,화물,남,64세,상해없음,승용,여,37세,경상
2018073100100318,2018년 7월 31일 14시,화요일,충청북도 청주시 서원구 사창동,경상사고,0,0,1,0,차대차 - 기타,안전운전불이행,건조,맑음,교차로 - 교차로횡단보도내,자전거,남,75세,경상,승용,남,57세,상해없음
2018073100100319,2018년 7월 31일 14시,화요일,충청북도 제천시 교동,경상사고,0,0,2,0,차대차 - 측면충돌,교차로운행방법위반,건조,맑음,교차로 - 교차로안,승용,남,74세,상해없음,승용,남,63세,경상
2018073100100355,2018년 7월 31일 15시,화요일,충청북도 청주시 흥덕구 봉명동,경상사고,0,0,1,0,차대사람 - 기타,안전운전불이행,건조,맑음,단일로 - 기타,승용,남,36세,상해없음,보행자,남,29세,경상
2018073100100386,2018년 7월 31일 16시,화요일,충청북도 음성군 삼성면,경상사고,0,0,2,0,차대차 - 추돌,안전거리미확보,건조,맑음,단일로 - 기타,승용,여,40세,경상,승용,여,47세,경상
2018073100100421,2018년 7월 31일 17시,화요일,충청북도 청주시 흥덕구 석소동,경상사고,0,0,1,0,차대차 - 추돌,안전거리미확보,건조,맑음,단일로 - 기타,화물,남,62세,기타불명,승용,남,28세,경상
2018073100100422,2018년 7월 31일 17시,화요일,충청북도 청주시 흥덕구 복대동,경상사고,0,0,1,0,차대차 - 기타,안전운전불이행,건조,맑음,단일로 - 기타,이륜,남,43세,상해없음,승용,남,70세,경상
2018073100100467,2018년 7월 31일 18시,화요일,충청북도 청주시 서원구 개신동,경상사고,0,0,2,0,차대차 - 기타,안전운전불이행,건조,맑음,단일로 - 기타,승합,남,58세,상해없음,승용,남,24세,경상
2018073100100468,2018년 7월 31일 18시,화요일,충청북도 충주시 충의동,중상사고,0,1,0,0,차대사람 - 기타,신호위반,건조,맑음,교차로 - 교차로안,승용,남,46세,상해없음,보행자,여,48세,중상
2018073100100469,2018년 7월 31일 18시,화요일,충청북도 진천군 초평면,경상사고,0,0,1,0,차대차 - 추돌,안전운전불이행,건조,맑음,단일로 - 기타,화물,남,58세,상해없음,승용,여,48세,경상
2018073100100511,2018년 7월 31일 19시,화요일,충청북도 제천시 명동,경상사고,0,0,1,0,차대차 - 측면충돌,기타,건조,맑음,교차로 - 교차로안,승용,여,28세,경상,화물,남,52세,상해없음
2018073100100512,2018년 7월 31일 19시,화요일,충청북도 음성군 맹동면,경상사고,0,0,3,2,차대차 - 측면충돌,교차로운행방법위반,건조,맑음,교차로 - 교차로안,승용,여,35세,상해없음,승용,남,60세,경상
2018073100100513,2018년 7월 31일 19시,화요일,충청북도 청주시 상당구 금천동,중상사고,0,1,0,0,차대차 - 정면충돌,안전운전불이행,건조,맑음,교차로 - 교차로안,승용,남,65세,상해없음,이륜,남,67세,중상
2018073100100541,2018년 7월 31일 20시,화요일,충청북도 제천시 모산동,중상사고,0,1,1,0,차대차 - 정면충돌,직진우회전진행방해,건조,맑음,교차로 - 교차로안,승용,남,25세,경상,승용,여,52세,중상
2018073100100542,2018년 7월 31일 20시,화요일,충청북도 제천시 청전동,경상사고,0,0,1,0,차량단독 - 전도전복 - 전도,안전운전불이행,건조,맑음,단일로 - 기타,이륜,남,21세,경상,미분류,미분류,미분류,미분류
2018073100100543,2018년 7월 31일 20시,화요일,충청북도 청주시 서원구 산남동,경상사고,0,0,4,0,차대차 - 추돌,안전운전불이행,건조,맑음,교차로 - 교차로부근,승용,여,51세,상해없음,승용,여,38세,경상
2018073100100577,2018년 7월 31일 21시,화요일,충청북도 진천군 진천읍,경상사고,0,0,1,0,차대차 - 측면충돌,중앙선침범,건조,맑음,단일로 - 기타,승용,남,49세,상해없음,승용,남,49세,경상
2018080100100009,2018년 8월 1일 00시,수요일,충청북도 청주시 서원구 산남동,중상사고,0,1,1,0,차대차 - 정면충돌,신호위반,건조,맑음,교차로 - 교차로안,승용,남,37세,상해없음,승용,남,51세,경상
2018080100100025,2018년 8월 1일 01시,수요일,충청북도 청주시 흥덕구 봉명동,경상사고,0,0,1,0,차대차 - 기타,안전운전불이행,건조,맑음,교차로 - 교차로부근,승용,남,23세,상해없음,승용,남,47세,경상
2018080100100104,2018년 8월 1일 07시,수요일,충청북도 청주시 청원구 우암동,중상사고,0,1,0,0,차대차 - 기타,안전거리미확보,건조,맑음,교차로 - 교차로부근,승용,여,38세,상해없음,승합,남,59세,상해없음
2018080100100105,2018년 8월 1일 07시,수요일,충청북도 청주시 서원구 수곡동,중상사고,0,1,0,0,차대차 - 측면충돌,교차로운행방법위반,건조,맑음,교차로 - 교차로안,승용,여,41세,상해없음,이륜,남,25세,중상
2018080100100132,2018년 8월 1일 08시,수요일,충청북도 괴산군 감물면,중상사고,0,1,0,0,차대사람 - 기타,안전운전불이행,건조,맑음,단일로 - 기타,화물,남,33세,상해없음,보행자,남,60세,중상
2018080100100133,2018년 8월 1일 08시,수요일,충청북도 옥천군 옥천읍,중상사고,0,1,1,0,차대차 - 측면충돌,교차로운행방법위반,건조,맑음,교차로 - 교차로안,승용,남,77세,상해없음,승용,남,45세,경상
2018080100100164,2018년 8월 1일 09시,수요일,충청북도 청주시 청원구 주중동,사망사고,1,0,2,0,차대차 - 정면충돌,중앙선침범,건조,맑음,교차로 - 교차로안,승용,남,80세,사망,승용,남,31세,경상
2018080100100165,2018년 8월 1일 09시,수요일,충청북도 괴산군 문광면,경상사고,0,0,3,0,차대차 - 측면충돌,직진우회전진행방해,건조,맑음,교차로 - 교차로안,승용,남,54세,상해없음,승용,여,46세,경상
2018080100100166,2018년 8월 1일 09시,수요일,충청북도 청주시 흥덕구 송정동,경상사고,0,0,2,0,차대차 - 추돌,안전거리미확보,건조,맑음,단일로 - 기타,승합,남,55세,상해없음,화물,남,45세,경상
2018080100100167,2018년 8월 1일 09시,수요일,충청북도 청주시 서원구 분평동,중상사고,0,2,3,0,차대차 - 측면충돌,신호위반,건조,맑음,교차로 - 교차로부근,승용,남,55세,상해없음,승용,남,35세,중상
2018080100100201,2018년 8월 1일 10시,수요일,충청북도 충주시 수안보면,중상사고,0,2,0,0,차량단독 - 도로외이탈 - 추락,안전운전불이행,건조,맑음,단일로 - 기타,승용,여,54세,중상,,,,
2018080100100202,2018년 8월 1일 10시,수요일,충청북도 진천군 백곡면,경상사고,0,0,1,0,차량단독 - 전도전복 - 전도,안전운전불이행,건조,맑음,단일로 - 기타,승용,남,58세,경상,미분류,미분류,미분류,미분류
2018080100100204,2018년 8월 1일 10시,수요일,충청북도 청주시 상당구 용암동,중상사고,0,1,0,0,차대사람 - 횡단중,신호위반,건조,맑음,교차로 - 교차로횡단보도내,화물,남,57세,상해없음,보행자,여,52세,중상
2018080100100234,2018년 8월 1일 11시,수요일,충청북도 제천시 봉양읍,경상사고,0,0,2,0,차대차 - 측면충돌,교차로운행방법위반,건조,맑음,교차로 - 교차로안,화물,남,55세,경상,승용,남,66세,경상
2018080100100235,2018년 8월 1일 11시,수요일,충청북도 청주시 흥덕구 운천동,경상사고,0,0,1,0,차대차 - 측면충돌,안전운전불이행,건조,맑음,단일로 - 기타,승용,여,59세,상해없음,화물,남,67세,경상
2018080100100268,2018년 8월 1일 12시,수요일,충청북도 옥천군 이원면,사망사고,1,0,0,0,차대차 - 추돌,안전거리미확보,건조,맑음,단일로 - 기타,화물,남,43세,상해없음,화물,남,61세,사망
2018080100100269,2018년 8월 1일 12시,수요일,충청북도 청주시 서원구 모충동,경상사고,0,0,1,0,차대차 - 측면충돌,안전운전불이행,건조,맑음,교차로 - 교차로안,승용,남,30세,상해없음,이륜,남,41세,경상
2018080100100304,2018년 8월 1일 13시,수요일,충청북도 충주시 앙성면,부상신고사고,0,0,0,1,차량단독 - 전도전복 - 전도,안전운전불이행,건조,맑음,단일로 - 기타,화물,남,74세,부상신고,미분류,미분류,미분류,미분류
2018080100100334,2018년 8월 1일 14시,수요일,충청북도 제천시 청전동,경상사고,0,0,2,0,차대차 - 추돌,신호위반,건조,맑음,교차로 - 교차로안,승용,남,66세,경상,승용,여,62세,경상
2018080100100367,2018년 8월 1일 15시,수요일,충청북도 괴산군 괴산읍,경상사고,0,0,3,0,차대차 - 측면충돌,직진우회전진행방해,건조,맑음,교차로 - 교차로안,화물,남,62세,경상,승용,여,39세,경상
2018080100100368,2018년 8월 1일 15시,수요일,충청북도 청주시 서원구 모충동,중상사고,0,1,0,0,차대차 - 측면충돌,안전운전불이행,건조,맑음,교차로 - 교차로안,이륜,남,71세,중상,승용,남,26세,상해없음
2018080100100407,2018년 8월 1일 16시,수요일,충청북도 청주시 서원구 사창동,경상사고,0,0,1,0,차대차 - 측면충돌,직진우회전진행방해,건조,맑음,교차로 - 교차로안,승용,여,55세,상해없음,개인형이동수단(PM),여,26세,경상
2018080100100408,2018년 8월 1일 16시,수요일,충청북도 충주시 대소원면,중상사고,0,1,5,0,차대차 - 추돌,안전운전불이행,건조,맑음,단일로 - 기타,화물,남,50세,상해없음,승용,여,43세,경상
2018080100100409,2018년 8월 1일 16시,수요일,충청북도 청주시 흥덕구 강내면,경상사고,0,0,1,0,차대차 - 기타,교차로운행방법위반,건조,맑음,교차로 - 교차로안,승용,남,46세,상해없음,승용,여,43세,경상
2018080100100410,2018년 8월 1일 16시,수요일,충청북도 청주시 서원구 산남동,경상사고,0,0,3,0,차대차 - 기타,교차로운행방법위반,건조,맑음,교차로 - 교차로안,승용,여,26세,경상,승용,여,49세,경상
2018080100100454,2018년 8월 1일 17시,수요일,충청북도 증평군 증평읍,경상사고,0,0,1,0,차대차 - 측면충돌,안전운전불이행,건조,맑음,교차로 - 교차로안,승합,남,63세,상해없음,화물,남,37세,경상
2018080100100455,2018년 8월 1일 17시,수요일,충청북도 청주시 상당구 용암동,경상사고,0,0,3,0,차대차 - 측면충돌,안전운전불이행,건조,맑음,교차로 - 교차로부근,화물,여,52세,상해없음,승용,남,75세,경상
2018080100100543,2018년 8월 1일 19시,수요일,충청북도 충주시 교현동,중상사고,0,1,1,0,차대사람 - 횡단중,보행자보호의무위반,건조,맑음,기타 - 기타,이륜,남,27세,경상,보행자,남,50세,중상
2018080100100544,2018년 8월 1일 19시,수요일,충청북도 제천시 강제동,경상사고,0,0,7,0,차대차 - 정면충돌,신호위반,건조,맑음,교차로 - 교차로안,승용,여,29세,경상,승합,남,27세,경상
2018080100100566,2018년 8월 1일 20시,수요일,충청북도 진천군 이월면,중상사고,0,1,0,0,차대차 - 추돌,안전운전불이행,건조,맑음,단일로 - 기타,승용,남,39세,중상,승용,남,26세,기타불명
2018080100100601,2018년 8월 1일 21시,수요일,충청북도 충주시 대소원면,경상사고,0,0,1,0,차대사람 - 기타,안전운전불이행,건조,맑음,교차로 - 교차로부근,화물,남,59세,상해없음,보행자,여,80세,경상
2018080100100602,2018년 8월 1일 21시,수요일,충청북도 괴산군 연풍면,중상사고,0,1,0,0,차대차 - 기타,안전운전불이행,건조,맑음,단일로 - 기타,승합,남,55세,상해없음,승용,여,57세,중상
2018080100100604,2018년 8월 1일 21시,수요일,충청북도 청주시 상당구 용담동,경상사고,0,0,1,0,차대차 - 측면충돌,안전운전불이행,건조,맑음,단일로 - 지하차도(도로)내,승용,여,51세,상해없음,승용,남,25세,경상
2018080100100636,2018년 8월 1일 22시,수요일,충청북도 제천시 봉양읍,경상사고,0,0,1,0,차대차 - 추돌,안전운전불이행,건조,맑음,교차로 - 교차로부근,승합,남,39세,상해없음,승용,남,48세,경상
2018080100100670,2018년 8월 1일 23시,수요일,충청북도 제천시 봉양읍,경상사고,0,0,1,0,차대차 - 정면충돌,안전운전불이행,건조,맑음,단일로 - 기타,승용,남,54세,상해없음,화물,남,60세,기타불명
2018080200100018,2018년 8월 2일 01시,목요일,충청북도 청주시 서원구 사창동,경상사고,0,0,1,0,차대차 - 기타,차로위반,건조,맑음,단일로 - 기타,승용,남,25세,상해없음,승용,남,23세,경상
2018080200100059,2018년 8월 2일 05시,목요일,충청북도 청주시 청원구 율량동,경상사고,0,0,2,0,차대차 - 기타,신호위반,건조,맑음,교차로 - 교차로안,승용,남,42세,경상,승용,남,39세,경상
2018080200100060,2018년 8월 2일 05시,목요일,충청북도 제천시 화산동,경상사고,0,0,1,0,차대차 - 기타,안전운전불이행,건조,맑음,교차로 - 교차로안,자전거,여,72세,경상,화물,남,65세,상해없음
2018080200100070,2018년 8월 2일 06시,목요일,충청북도 제천시 대랑동,사망사고,1,1,0,0,차대차 - 추돌,안전운전불이행,건조,맑음,단일로 - 기타,화물,남,49세,상해없음,농기계,남,51세,중상
2018080200100071,2018년 8월 2일 06시,목요일,충청북도 청주시 상당구 탑동,경상사고,0,0,1,0,차대차 - 측면충돌,교차로운행방법위반,건조,맑음,교차로 - 교차로안,승용,남,38세,상해없음,이륜,남,39세,경상
2018080200100095,2018년 8월 2일 07시,목요일,충청북도 충주시 칠금동,경상사고,0,0,1,1,차대차 - 측면충돌,안전거리미확보,건조,맑음,교차로 - 교차로안,승용,남,67세,부상신고,승용,남,53세,경상
2018080200100096,2018년 8월 2일 07시,목요일,충청북도 음성군 금왕읍,중상사고,0,1,0,0,차대차 - 측면충돌,교차로운행방법위반,건조,맑음,교차로 - 교차로안,농기계,남,63세,중상,건설기계,남,49세,상해없음
2018080200100177,2018년 8월 2일 09시,목요일,충청북도 청주시 청원구 오창읍,경상사고,0,0,2,0,차대차 - 추돌,교차로운행방법위반,건조,맑음,교차로 - 교차로안,승용,남,58세,경상,승용,남,51세,상해없음
2018080200100178,2018년 8월 2일 09시,목요일,충청북도 청주시 서원구 사창동,경상사고,0,0,1,0,차대차 - 기타,안전운전불이행,건조,맑음,교차로 - 교차로부근,승용,남,83세,상해없음,승용,여,34세,경상
2018080200100179,2018년 8월 2일 09시,목요일,충청북도 충주시 목행동,경상사고,0,0,1,1,차대차 - 기타,안전운전불이행,건조,맑음,단일로 - 기타,승용,여,47세,부상신고,승용,남,78세,경상
2018080200100208,2018년 8월 2일 10시,목요일,충청북도 단양군 단양읍,중상사고,0,1,0,0,차대차 - 기타,안전운전불이행,건조,맑음,단일로 - 기타,이륜,남,28세,중상,승용,남,74세,상해없음
2018080200100209,2018년 8월 2일 10시,목요일,충청북도 진천군 진천읍,경상사고,0,0,1,0,차대차 - 정면충돌,안전운전불이행,건조,맑음,교차로 - 교차로안,승용,남,47세,상해없음,승용,남,53세,경상
2018080200100210,2018년 8월 2일 10시,목요일,충청북도 청주시 흥덕구 오송읍,경상사고,0,0,2,0,차대차 - 측면충돌,안전운전불이행,건조,맑음,단일로 - 기타,화물,여,65세,상해없음,화물,남,60세,경상
2018080200100272,2018년 8월 2일 12시,목요일,충청북도 진천군 덕산면,경상사고,0,0,1,0,차대차 - 추돌,안전운전불이행,건조,맑음,기타 - 기타,승용,여,36세,상해없음,승용,남,30세,경상
2018080200100298,2018년 8월 2일 13시,목요일,충청북도 제천시 백운면,경상사고,0,0,3,1,차대차 - 측면충돌,안전운전불이행,건조,맑음,기타 - 기타,승용,남,53세,상해없음,승용,남,59세,상해없음
2018080200100299,2018년 8월 2일 13시,목요일,충청북도 보은군 삼승면,중상사고,0,1,3,0,차대차 - 측면충돌,신호위반,건조,맑음,교차로 - 교차로안,승용,여,42세,경상,승용,남,46세,중상
2018080200100300,2018년 8월 2일 13시,목요일,충청북도 청주시 흥덕구 옥산면,경상사고,0,0,1,1,차대차 - 측면충돌,신호위반,건조,맑음,교차로 - 교차로안,화물,남,62세,부상신고,화물,남,61세,경상
2018080200100334,2018년 8월 2일 14시,목요일,충청북도 청주시 청원구 주성동,경상사고,0,0,6,0,차대차 - 측면충돌,교차로운행방법위반,건조,맑음,교차로 - 교차로안,승용,여,34세,경상,승용,여,44세,경상
2018080200100335,2018년 8월 2일 14시,목요일,충청북도 청주시 상당구 낭성면,경상사고,0,0,1,0,차대차 - 추돌,안전운전불이행,건조,맑음,단일로 - 지하차도(도로)내,승용,남,43세,상해없음,화물,남,69세,경상
2018080200100365,2018년 8월 2일 15시,목요일,충청북도 충주시 칠금동,경상사고,0,0,1,0,차대차 - 측면충돌,안전거리미확보,건조,맑음,단일로 - 기타,승용,남,54세,상해없음,승용,남,25세,경상
2018080200100366,2018년 8월 2일 15시,목요일,충청북도 청주시 서원구 미평동,경상사고,0,0,1,0,차대차 - 기타,안전운전불이행,건조,맑음,교차로 - 교차로안,승용,남,31세,상해없음,승용,여,42세,경상
2018080200100367,2018년 8월 2일 15시,목요일,충청북도 청주시 서원구 죽림동,경상사고,0,0,2,0,차대차 - 측면충돌,안전운전불이행,건조,맑음,단일로 - 기타,건설기계,남,59세,상해없음,승용,남,40세,경상
2018080200100439,2018년 8월 2일 17시,목요일,충청북도 청주시 서원구 수곡동,중상사고,0,1,0,0,차대사람 - 차도통행중,안전운전불이행,건조,맑음,단일로 - 지하차도(도로)내,화물,남,65세,상해없음,보행자,여,89세,중상
2018080200100474,2018년 8월 2일 18시,목요일,충청북도 음성군 삼성면,중상사고,0,1,0,0,차대차 - 정면충돌,중앙선침범,건조,맑음,교차로 - 교차로부근,원동기,남,77세,중상,화물,남,64세,상해없음
2018080200100475,2018년 8월 2일 18시,목요일,충청북도 진천군 광혜원면,중상사고,0,2,2,0,차대차 - 추돌,안전운전불이행,건조,맑음,단일로 - 기타,승용,남,54세,상해없음,승용,남,35세,중상
2018080200100546,2018년 8월 2일 20시,목요일,충청북도 청주시 청원구 우암동,경상사고,0,0,1,0,차대차 - 기타,신호위반,건조,맑음,교차로 - 교차로안,승용,남,71세,상해없음,승용,남,44세,경상
2018080200100547,2018년 8월 2일 20시,목요일,충청북도 진천군 진천읍,경상사고,0,0,1,0,차대차 - 기타,안전운전불이행,건조,맑음,교차로 - 교차로안,화물,남,39세,상해없음,승용,남,25세,경상
2018080200100548,2018년 8월 2일 20시,목요일,충청북도 청주시 흥덕구 복대동,중상사고,0,1,0,1,차대차 - 기타,안전운전불이행,건조,맑음,교차로 - 교차로부근,승용,남,35세,부상신고,승용,남,35세,중상
2018080200100577,2018년 8월 2일 21시,목요일,충청북도 음성군 금왕읍,경상사고,0,0,1,0,차대차 - 측면충돌,안전운전불이행,건조,맑음,단일로 - 기타,화물,남,44세,상해없음,승용,남,39세,경상
2018080200100630,2018년 8월 2일 23시,목요일,충청북도 청주시 상당구 북문로2가동,부상신고사고,0,0,0,1,차대차 - 측면충돌,신호위반,건조,맑음,교차로 - 교차로안,원동기,남,26세,부상신고,승용,남,48세,상해없음