사고번호,사고일시,요일,시군구,사고내용,사망자수,중상자수,경상자수,부상신고자수,사고유형,법규위반,노면상태,기상상태,도로형태,가해운전자 차종,가해운전자 성별,가해운전자 연령,가해운전자 상해정도,피해운전자 차종,피해운전자 성별,피해운전자 연령,피해운전자 상해정도
2018080300100047,2018년 8월 3일 04시,금요일,충청북도 제천시 서부동,부상신고사고,0,0,0,1,차대사람 - 횡단중,안전운전불이행,건조,맑음,기타 - 기타,승용,남,77세,상해없음,보행자,남,72세,부상신고
2018080300100072,2018년 8월 3일 06시,금요일,충청북도 청주시 흥덕구 비하동,경상사고,0,0,1,0,차대차 - 기타,교차로운행방법위반,건조,맑음,교차로 - 교차로안,승용,남,26세,상해없음,승용,여,19세,경상
2018080300100103,2018년 8월 3일 08시,금요일,충청북도 충주시 교현동,경상사고,0,0,1,0,차대차 - 기타,안전운전불이행,건조,맑음,교차로 - 교차로부근,이륜,남,71세,경상,승용,여,63세,상해없음
2018080300100130,2018년 8월 3일 09시,금요일,충청북도 청주시 서원구 사창동,경상사고,0,0,2,0,차대차 - 측면충돌,안전운전불이행,건조,맑음,교차로 - 교차로부근,승용,여,60세,상해없음,승용,남,28세,경상
2018080300100131,2018년 8월 3일 09시,금요일,충청북도 제천시 고암동,경상사고,0,0,6,0,차대차 - 측면충돌,중앙선침범,건조,맑음,단일로 - 기타,승용,남,71세,경상,승용,남,34세,경상
2018080300100132,2018년 8월 3일 09시,금요일,충청북도 영동군 영동읍,경상사고,0,0,1,0,차대차 - 측면충돌,신호위반,건조,맑음,교차로 - 교차로안,승용,남,66세,상해없음,승용,남,43세,상해없음
2018080300100133,2018년 8월 3일 09시,금요일,충청북도 옥천군 옥천읍,중상사고,0,2,0,0,차대차 - 측면충돌,직진우회전진행방해,건조,맑음,교차로 - 교차로부근,원동기,여,45세,중상,화물,남,44세,상해없음
2018080300100167,2018년 8월 3일 10시,금요일,충청북도 제천시 자작동,중상사고,0,1,1,0,차대차 - 정면충돌,중앙선침범,건조,맑음,단일로 - 지하차도(도로)내,화물,남,62세,상해없음,승용,남,49세,중상
2018080300100168,2018년 8월 3일 10시,금요일,충청북도 괴산군 소수면,경상사고,0,0,6,0,차대차 - 추돌,안전운전불이행,건조,맑음,단일로 - 기타,화물,남,28세,상해없음,승용,남,40세,경상
2018080300100169,2018년 8월 3일 10시,금요일,충청북도 청주시 서원구 모충동,중상사고,0,1,0,0,차대차 - 측면충돌,안전운전불이행,건조,맑음,교차로 - 교차로안,승용,여,60세,상해없음,자전거,남,86세,중상
2018080300100170,2018년 8월 3일 10시,금요일,충청북도 청주시 상당구 미원면,경상사고,0,0,2,0,차대차 - 추돌,기타,건조,맑음,단일로 - 지하차도(도로)내,화물,남,47세,상해없음,승용,남,50세,경상
2018080300100208,2018년 8월 3일 11시,금요일,충청북도 충주시 살미면,경상사고,0,0,2,0,차대차 - 측면충돌,중앙선침범,건조,맑음,단일로 - 기타,화물,남,70세,상해없음,승용,남,59세,경상
2018080300100232,2018년 8월 3일 12시,금요일,충청북도 단양군 단양읍,중상사고,0,1,0,0,차량단독 - 도로외이탈 - 추락,안전운전불이행,건조,맑음,단일로 - 기타,농기계,남,27세,중상,,,,
2018080300100266,2018년 8월 3일 13시,금요일,충청북도 청주시 흥덕구 복대동,경상사고,0,0,1,0,차량단독 - 기타,안전운전불이행,건조,맑음,기타 - 기타,이륜,남,30세,경상,,,,
2018080300100338,2018년 8월 3일 15시,금요일,충청북도 청주시 서원구 성화동,경상사고,0,0,2,0,차대차 - 기타,안전운전불이행,건조,맑음,단일로 - 기타,승용,남,54세,상해없음,승용,남,33세,상해없음
2018080300100339,2018년 8월 3일 15시,금요일,충청북도 청주시 상당구 방서동,경상사고,0,0,2,0,차대차 - 추돌,안전운전불이행,건조,맑음,교차로 - 교차로부근,화물,남,58세,상해없음,승용,남,52세,경상
2018080300100373,2018년 8월 3일 16시,금요일,충청북도 충주시 봉방동,경상사고,0,0,1,0,차대차 - 기타,안전운전불이행,건조,맑음,단일로 - 기타,승용,남,58세,상해없음,승용,여,58세,경상
2018080300100374,2018년 8월 3일 16시,금요일,충청북도 음성군 대소면,경상사고,0,0,5,2,차대차 - 측면충돌,안전운전불이행,건조,맑음,교차로 - 교차로부근,승합,여,32세,경상,건설기계,남,48세,상해없음
2018080300100416,2018년 8월 3일 17시,금요일,충청북도 제천시 신동,경상사고,0,0,1,0,차대차 - 측면충돌,안전거리미확보,건조,맑음,기타 - 기타,승용,남,56세,상해없음,승용,여,55세,경상
2018080300100453,2018년 8월 3일 18시,금요일,충청북도 청주시 상당구 가덕면,경상사고,0,0,2,0,차대차 - 측면충돌,안전운전불이행,건조,맑음,교차로 - 교차로안,승용,남,26세,경상,화물,남,49세,경상
2018080300100497,2018년 8월 3일 19시,금요일,충청북도 청주시 상당구 금천동,부상신고사고,0,0,0,1,차대차 - 측면충돌,신호위반,건조,맑음,교차로 - 교차로안,원동기,남,18세,부상신고,승용,남,43세,상해없음
2018080300100498,2018년 8월 3일 19시,금요일,충청북도 청주시 상당구 낭성면,경상사고,0,0,3,0,차대차 - 측면충돌,안전운전불이행,건조,맑음,교차로 - 교차로안,화물,남,58세,경상,화물,남,57세,경상
2018080300100499,2018년 8월 3일 19시,금요일,충청북도 청주시 상당구 서운동,경상사고,0,0,2,0,차대차 - 측면충돌,교차로운행방법위반,건조,맑음,교차로 - 교차로안,승용,남,53세,상해없음,화물,남,22세,경상
2018080300100530,2018년 8월 3일 20시,금요일,충청북도 충주시 지현동,중상사고,0,1,0,0,차대사람 - 횡단중,안전운전불이행,건조,맑음,교차로 - 교차로횡단보도내,승용,남,45세,상해없음,보행자,여,80세,중상
2018080300100531,2018년 8월 3일 20시,금요일,충청북도 청주시 흥덕구 복대동,경상사고,0,0,2,0,차대차 - 추돌,안전운전불이행,건조,맑음,교차로 - 교차로안,승용,남,60세,상해없음,승용,남,58세,경상
2018080300100532,2018년 8월 3일 20시,금요일,충청북도 청주시 흥덕구 가경동,경상사고,0,0,1,0,차대차 - 기타,안전거리미확보,건조,맑음,단일로 - 기타,승용,남,49세,상해없음,이륜,남,19세,경상
2018080300100535,2018년 8월 3일 20시,금요일,충청북도 영동군 용산면,경상사고,0,0,1,0,차대차 - 추돌,안전운전불이행,건조,맑음,단일로 - 기타,특수,남,54세,상해없음,승용,남,48세,경상
2018080300100564,2018년 8월 3일 21시,금요일,충청북도 충주시 칠금동,중상사고,0,1,1,0,차대차 - 기타,직진우회전진행방해,건조,맑음,교차로 - 교차로안,승용,남,43세,상해없음,승용,여,55세,경상
2018080300100565,2018년 8월 3일 21시,금요일,충청북도 청주시 상당구 석교동,경상사고,0,0,3,0,차대차 - 측면충돌,신호위반,건조,맑음,교차로 - 교차로안,승용,여,59세,상해없음,승합,남,46세,경상
2018080300100596,2018년 8월 3일 22시,금요일,충청북도 충주시 대소원면,경상사고,0,0,2,0,차대차 - 기타,안전운전불이행,건조,맑음,교차로 - 교차로부근,화물,남,58세,상해없음,승용,남,69세,경상
2018080300100597,2018년 8월 3일 22시,금요일,충청북도 충주시 주덕읍,경상사고,0,0,2,0,차대차 - 기타,차로위반,건조,맑음,단일로 - 기타,승용,남,71세,상해없음,승용,남,29세,경상
2018080300100622,2018년 8월 3일 23시,금요일,충청북도 청주시 청원구 오창읍,경상사고,0,0,2,0,차대차 - 기타,신호위반,건조,맑음,교차로 - 교차로안,이륜,남,19세,경상,승용,남,51세,경상
2018080300100623,2018년 8월 3일 23시,금요일,충청북도 단양군 단양읍,경상사고,0,0,2,0,차대사람 - 횡단중,보행자보호의무위반,건조,맑음,단일로 - 기타,승용,남,63세,상해없음,보행자,여,45세,경상
2018080400100016,2018년 8월 4일 00시,토요일,충청북도 청주시 흥덕구 복대동,경상사고,0,0,3,0,차대차 - 측면충돌,신호위반,건조,맑음,교차로 - 교차로안,승용,여,23세,경상,승용,남,58세,경상
2018080400100048,2018년 8월 4일 02시,토요일,충청북도 충주시 노은면,중상사고,0,2,1,0,차대차 - 추돌,안전운전불이행,건조,맑음,단일로 - 기타,승용,남,30세,상해없음,승용,남,48세,중상
2018080400100091,2018년 8월 4일 05시,토요일,충청북도 제천시 덕산면,중상사고,0,1,2,0,차대차 - 추돌,안전운전불이행,건조,흐림,단일로 - 기타,화물,남,52세,경상,농기계,남,78세,중상
2018080400100110,2018년 8월 4일 07시,토요일,충청북도 충주시 교현동,경상사고,0,0,1,0,차대차 - 기타,신호위반,건조,맑음,교차로 - 교차로안,승용,남,62세,상해없음,승용,남,74세,경상
2018080400100131,2018년 8월 4일 08시,토요일,충청북도 충주시 연수동,경상사고,0,0,1,0,차대차 - 기타,안전운전불이행,건조,맑음,교차로 - 교차로부근,화물,남,58세,상해없음,승용,남,55세,상해없음
2018080400100154,2018년 8월 4일 09시,토요일,충청북도 청주시 청원구 율량동,경상사고,0,0,2,0,차대차 - 기타,안전운전불이행,건조,맑음,교차로 - 교차로안,승용,여,43세,경상,승용,여,45세,경상
2018080400100155,2018년 8월 4일 09시,토요일,충청북도 청주시 청원구 율량동,경상사고,0,0,2,3,차대차 - 측면충돌,신호위반,건조,맑음,교차로 - 교차로안,승용,여,33세,경상,승용,여,33세,경상
2018080400100156,2018년 8월 4일 09시,토요일,충청북도 영동군 영동읍,경상사고,0,0,2,0,차대차 - 측면충돌,안전운전불이행,건조,맑음,교차로 - 교차로안,화물,남,58세,상해없음,승용,남,54세,경상
2018080400100157,2018년 8월 4일 09시,토요일,충청북도 청주시 서원구 산남동,중상사고,0,1,0,0,차대차 - 정면충돌,신호위반,건조,맑음,교차로 - 교차로안,화물,남,54세,상해없음,승용,남,38세,중상
2018080400100235,2018년 8월 4일 12시,토요일,충청북도 청주시 흥덕구 봉명동,경상사고,0,0,5,0,차대차 - 추돌,안전운전불이행,건조,맑음,교차로 - 교차로부근,승용,남,52세,상해없음,승용,남,29세,경상
2018080400100263,2018년 8월 4일 13시,토요일,충청북도 청주시 상당구 용암동,경상사고,0,0,1,0,차대차 - 추돌,안전운전불이행,건조,맑음,단일로 - 지하차도(도로)내,승용,남,75세,상해없음,승용,여,48세,상해없음
2018080400100264,2018년 8월 4일 13시,토요일,충청북도 청주시 상당구 남일면,경상사고,0,0,1,0,차대차 - 측면충돌,안전운전불이행,건조,맑음,단일로 - 지하차도(도로)내,이륜,남,54세,경상,화물,남,64세,상해없음
2018080400100381,2018년 8월 4일 17시,토요일,충청북도 옥천군 옥천읍,중상사고,0,1,0,0,차대차 - 측면충돌,교차로운행방법위반,건조,맑음,교차로 - 교차로안,승용,여,62세,상해없음,자전거,여,70세,중상
2018080400100444,2018년 8월 4일 19시,토요일,충청북도 청주시 흥덕구 가경동,경상사고,0,0,2,0,차대차 - 추돌,안전운전불이행,건조,맑음,교차로 - 교차로부근,승용,남,46세,상해없음,승용,남,56세,경상
2018080400100473,2018년 8월 4일 20시,토요일,충청북도 충주시 칠금동,경상사고,0,0,1,0,차대차 - 추돌,안전운전불이행,건조,맑음,교차로 - 교차로안,승용,남,37세,상해없음,이륜,남,22세,상해없음
2018080400100501,2018년 8월 4일 21시,토요일,충청북도 충주시 봉방동,경상사고,0,0,2,1,차대차 - 측면충돌,기타,건조,맑음,교차로 - 교차로안,원동기,남,21세,부상신고,승용,남,52세,경상
2018080400100548,2018년 8월 4일 23시,토요일,충청북도 청주시 흥덕구 향정동,경상사고,0,0,1,0,차대차 - 측면충돌,교차로운행방법위반,건조,맑음,교차로 - 교차로안,승합,남,54세,상해없음,승용,남,24세,경상
2018080500100046,2018년 8월 5일 03시,일요일,충청북도 괴산군 장연면,경상사고,0,0,1,0,차대사람 - 횡단중,안전운전불이행,건조,맑음,단일로 - 기타,승용,남,50세,상해없음,보행자,남,69세,경상
2018080500100070,2018년 8월 5일 05시,일요일,충청북도 청주시 서원구 개신동,경상사고,0,0,1,0,차대차 - 기타,안전운전불이행,건조,맑음,단일로 - 기타,승용,남,31세,상해없음,승용,남,25세,경상
2018080500100076,2018년 8월 5일 06시,일요일,충청북도 청주시 서원구 산남동,경상사고,0,0,3,0,차대차 - 추돌,안전운전불이행,건조,맑음,교차로 - 교차로부근,승용,남,49세,상해없음,승합,남,44세,경상
2018080500100140,2018년 8월 5일 10시,일요일,충청북도 청주시 흥덕구 수의동,경상사고,0,0,1,0,차대차 - 측면충돌,안전거리미확보,건조,맑음,교차로 - 교차로부근,승용,남,52세,상해없음,승용,남,58세,상해없음
2018080500100141,2018년 8월 5일 10시,일요일,충청북도 청주시 상당구 용담동,중상사고,0,1,0,0,차대차 - 측면충돌,안전거리미확보,건조,맑음,교차로 - 교차로부근,승용,남,26세,상해없음,이륜,남,26세,중상
2018080500100161,2018년 8월 5일 11시,일요일,충청북도 청주시 서원구 모충동,경상사고,0,0,2,0,차대차 - 측면충돌,안전운전불이행,건조,맑음,교차로 - 교차로안,승용,여,57세,상해없음,이륜,남,18세,경상
2018080500100181,2018년 8월 5일 12시,일요일,충청북도 청주시 청원구 율량동,경상사고,0,0,2,0,차대차 - 기타,직진우회전진행방해,건조,맑음,교차로 - 교차로안,승용,남,45세,상해없음,승용,남,36세,경상
2018080500100182,2018년 8월 5일 12시,일요일,충청북도 청주시 상당구 서운동,경상사고,0,0,1,0,차대사람 - 길가장자리구역통행중,기타,건조,맑음,단일로 - 지하차도(도로)내,화물,남,60세,기타불명,보행자,남,85세,경상
2018080500100183,2018년 8월 5일 12시,일요일,충청북도 청주시 서원구 현도면,경상사고,0,0,1,0,차대차 - 후진중충돌,안전운전불이행,건조,맑음,기타 - 기타,승용,남,31세,상해없음,승용,남,34세,경상
2018080500100208,2018년 8월 5일 13시,일요일,충청북도 음성군 금왕읍,경상사고,0,0,1,0,차대차 - 측면충돌,안전운전불이행,건조,맑음,교차로 - 교차로부근,승용,여,52세,상해없음,승용,여,40세,경상
2018080500100304,2018년 8월 5일 16시,일요일,충청북도 괴산군 청천면,중상사고,0,1,0,0,차대사람 - 기타,불법유턴,건조,맑음,주차장 - 주차장,승용,남,52세,상해없음,보행자,여,35세,중상
2018080500100333,2018년 8월 5일 17시,일요일,충청북도 청주시 흥덕구 지동동,경상사고,0,0,1,0,차대차 - 추돌,안전거리미확보,건조,맑음,단일로 - 기타,기타불명,남,36세,상해없음,승용,남,42세,경상
2018080500100361,2018년 8월 5일 18시,일요일,충청북도 충주시 호암동,경상사고,0,0,1,0,차대차 - 측면충돌,안전운전불이행,건조,맑음,교차로 - 교차로안,이륜,남,20세,경상,승용,남,61세,상해없음
2018080500100391,2018년 8월 5일 19시,일요일,충청북도 제천시 남천동,중상사고,0,1,0,0,차대차 - 정면충돌,교차로운행방법위반,건조,맑음,교차로 - 교차로안,승용,남,43세,상해없음,이륜,남,77세,중상
2018080500100416,2018년 8월 5일 20시,일요일,충청북도 청주시 청원구 주중동,경상사고,0,0,1,0,차대차 - 측면충돌,안전운전불이행,건조,맑음,교차로 - 교차로부근,화물,남,42세,상해없음,승용,남,22세,경상
2018080500100417,2018년 8월 5일 20시,일요일,충청북도 청주시 서원구 사창동,경상사고,0,0,1,0,차대차 - 측면충돌,신호위반,건조,맑음,교차로 - 교차로부근,승용,남,73세,상해없음,이륜,남,21세,경상
2018080500100418,2018년 8월 5일 20시,일요일,충청북도 청주시 청원구 내수읍,중상사고,0,2,0,0,차대차 - 기타,신호위반,건조,맑음,교차로 - 교차로안,화물,남,69세,상해없음,화물,남,68세,중상
2018080500100419,2018년 8월 5일 20시,일요일,충청북도 청주시 서원구 모충동,중상사고,0,1,0,0,차대차 - 기타,안전운전불이행,건조,맑음,교차로 - 교차로안,승용,여,49세,상해없음,원동기,남,28세,중상
2018080500100443,2018년 8월 5일 21시,일요일,충청북도 음성군 맹동면,경상사고,0,0,3,0,차대차 - 측면충돌,신호위반,건조,맑음,교차로 - 교차로안,승용,남,56세,경상,승용,남,27세,경상
2018080500100444,2018년 8월 5일 21시,일요일,충청북도 청주시 흥덕구 오송읍,중상사고,0,1,2,0,차대차 - 측면충돌,신호위반,건조,맑음,교차로 - 교차로안,승용,남,47세,경상,승용,남,60세,경상
2018080500100471,2018년 8월 5일 22시,일요일,충청북도 충주시 봉방동,경상사고,0,0,5,0,차대차 - 기타,안전운전불이행,건조,맑음,단일로 - 기타,승용,남,30세,상해없음,승용,남,57세,경상
2018080500100472,2018년 8월 5일 22시,일요일,충청북도 제천시 청전동,경상사고,0,0,1,0,차대사람 - 횡단중,보행자보호의무위반,건조,맑음,교차로 - 교차로안,이륜,남,18세,상해없음,보행자,남,36세,경상
2018080600100011,2018년 8월 6일 01시,월요일,충청북도 증평군 증평읍,경상사고,0,0,1,0,차대차 - 측면충돌,안전운전불이행,건조,맑음,단일로 - 기타,화물,남,66세,경상,승용,남,55세,기타불명
2018080600100051,2018년 8월 6일 06시,월요일,충청북도 보은군 보은읍,중상사고,0,1,0,0,차대차 - 측면충돌,신호위반,건조,맑음,교차로 - 교차로안,화물,남,71세,상해없음,이륜,남,83세,중상
2018080600100082,2018년 8월 6일 08시,월요일,충청북도 제천시 중앙로2가,경상사고,0,0,3,0,차대차 - 추돌,안전운전불이행,건조,맑음,단일로 - 지하차도(도로)내,승용,여,69세,경상,승용,남,41세,경상
2018080600100114,2018년 8월 6일 09시,월요일,충청북도 제천시 영천동,경상사고,0,0,1,0,차대차 - 정면충돌,안전운전불이행,건조,맑음,교차로 - 교차로안,승용,남,73세,상해없음,자전거,남,49세,경상
2018080600100142,2018년 8월 6일 10시,월요일,충청북도 청주시 상당구 석교동,중상사고,0,1,0,0,차대사람 - 횡단중,기타,건조,맑음,단일로 - 지하차도(도로)내,화물,남,53세,상해없음,보행자,여,83세,중상
2018080600100182,2018년 8월 6일 11시,월요일,충청북도 단양군 어상천면,중상사고,0,1,1,0,차대차 - 측면충돌,안전운전불이행,건조,맑음,교차로 - 교차로안,건설기계,남,49세,상해없음,승용,여,35세,상해없음
2018080600100183,2018년 8월 6일 11시,월요일,충청북도 청주시 흥덕구 복대동,경상사고,0,0,1,0,차대사람 - 기타,안전운전불이행,건조,맑음,교차로 - 교차로부근,승용,남,25세,상해없음,보행자,여,44세,경상
2018080600100229,2018년 8월 6일 12시,월요일,충청북도 보은군 보은읍,중상사고,0,1,0,0,차대차 - 측면충돌,교차로운행방법위반,건조,맑음,교차로 - 교차로안,승용,남,85세,상해없음,승합,남,58세,상해없음
2018080600100250,2018년 8월 6일 13시,월요일,충청북도 제천시 영천동,경상사고,0,0,3,0,차대차 - 측면충돌,신호위반,건조,맑음,교차로 - 교차로안,화물,남,57세,경상,승용,여,39세,경상
2018080600100279,2018년 8월 6일 14시,월요일,충청북도 청주시 흥덕구 강내면,부상신고사고,0,0,0,1,차량단독 - 기타,안전운전불이행,건조,맑음,단일로 - 기타,승용,남,28세,부상신고,,,,
2018080600100396,2018년 8월 6일 17시,월요일,충청북도 제천시 중앙로2가,경상사고,0,0,1,0,차대사람 - 횡단중,보행자보호의무위반,건조,맑음,교차로 - 교차로안,승용,여,38세,상해없음,보행자,여,52세,경상
2018080600100442,2018년 8월 6일 18시,월요일,충청북도 청주시 청원구 율량동,경상사고,0,0,1,0,차대사람 - 기타,안전운전불이행,건조,맑음,단일로 - 기타,승용,여,32세,상해없음,보행자,여,65세,경상
2018080600100443,2018년 8월 6일 18시,월요일,충청북도 음성군 대소면,경상사고,0,0,1,0,차대사람 - 보도통행중,보행자보호의무위반,건조,맑음,교차로 - 교차로횡단보도내,승용,여,52세,상해없음,보행자,남,43세,경상
2018080600100476,2018년 8월 6일 19시,월요일,충청북도 충주시 대소원면,경상사고,0,0,1,0,차대차 - 추돌,안전운전불이행,건조,맑음,단일로 - 기타,승용,남,25세,상해없음,승용,남,32세,경상
2018080600100500,2018년 8월 6일 20시,월요일,충청북도 충주시 봉방동,경상사고,0,0,1,0,차대사람 - 횡단중,안전운전불이행,건조,맑음,단일로 - 기타,승용,여,56세,상해없음,보행자,남,82세,경상
2018080600100501,2018년 8월 6일 20시,월요일,충청북도 청주시 서원구 산남동,경상사고,0,0,1,0,차대차 - 정면충돌,신호위반,건조,맑음,교차로 - 교차로안,승용,남,26세,상해없음,원동기,남,22세,경상
2018080600100531,2018년 8월 6일 21시,월요일,충청북도 증평군 증평읍,중상사고,0,4,0,0,차대차 - 측면충돌,신호위반,건조,맑음,교차로 - 교차로안,화물,남,54세,상해없음,승용,여,70세,중상
2018080600100553,2018년 8월 6일 22시,월요일,충청북도 충주시 주덕읍,중상사고,0,1,0,1,차대차 - 측면충돌,신호위반,건조,맑음,교차로 - 교차로안,승용,여,46세,부상신고,승용,남,27세,중상
2018080600100573,2018년 8월 6일 23시,월요일,충청북도 청주시 청원구 오창읍,경상사고,0,0,2,0,차대차 - 기타,안전거리미확보,건조,맑음,교차로 - 교차로부근,승용,남,59세,상해없음,승용,남,56세,상해없음
2018080600100574,2018년 8월 6일 23시,월요일,충청북도 제천시 영천동,경상사고,0,0,1,0,차대차 - 측면충돌,중앙선침범,건조,맑음,교차로 - 교차로안,이륜,남,56세,경상,승용,여,42세,상해없음
2018080600100575,2018년 8월 6일 23시,월요일,충청북도 청주시 상당구 용암동,중상사고,0,1,0,0,차대사람 - 횡단중,안전운전불이행,건조,맑음,단일로 - 기타,승용,여,45세,상해없음,보행자,여,59세,중상
2018080700100036,2018년 8월 7일 03시,화요일,충청북도 청주시 청원구 오창읍,경상사고,0,0,1,0,차대차 - 기타,안전운전불이행,건조,맑음,단일로 - 기타,승용,여,41세,상해없음,개인형이동수단(PM),남,31세,경상
2018080700100037,2018년 8월 7일 03시,화요일,충청북도 청주시 서원구 죽림동,경상사고,0,0,1,0,차대차 - 측면충돌,신호위반,건조,맑음,교차로 - 교차로안,승용,여,50세,상해없음,승합,남,47세,경상
2018080700100100,2018년 8월 7일 08시,화요일,충청북도 음성군 대소면,중상사고,0,3,2,0,차대차 - 측면충돌,교차로운행방법위반,건조,맑음,교차로 - 교차로안,승용,남,48세,경상,화물,남,67세,중상
2018080700100101,2018년 8월 7일 08시,화요일,충청북도 청주시 흥덕구 비하동,중상사고,0,1,0,0,차대차 - 측면충돌,교차로운행방법위반,건조,맑음,교차로 - 교차로안,승용,남,41세,상해없음,승용,남,40세,중상
2018080700100128,2018년 8월 7일 09시,화요일,충청북도 제천시 송학면,부상신고사고,0,0,0,1,차대차 - 측면충돌,안전운전불이행,건조,맑음,단일로 - 기타,승용,여,47세,부상신고,건설기계,남,62세,상해없음
2018080700100129,2018년 8월 7일 09시,화요일,충청북도 음성군 삼성면,중상사고,0,1,1,0,차대차 - 측면충돌,중앙선침범,건조,맑음,단일로 - 기타,승합,여,50세,경상,승용,남,69세,중상
2018080700100130,2018년 8월 7일 09시,화요일,충청북도 진천군 덕산면,경상사고,0,0,1,0,차대차 - 측면충돌,교차로운행방법위반,건조,맑음,교차로 - 교차로안,승용,남,47세,상해없음,승용,여,70세,경상
2018080700100159,2018년 8월 7일 10시,화요일,충청북도 진천군 덕산면,중상사고,0,1,0,0,차대차 - 기타,안전운전불이행,건조,맑음,교차로 - 교차로안,승용,남,69세,상해없음,자전거,여,58세,중상
2018080700100226,2018년 8월 7일 12시,화요일,충청북도 제천시 신백동,경상사고,0,0,2,0,차대차 - 측면충돌,교차로운행방법위반,건조,맑음,교차로 - 교차로안,승용,여,53세,경상,승용,남,32세,경상
2018080700100227,2018년 8월 7일 12시,화요일,충청북도 청주시 흥덕구 봉명동,경상사고,0,0,3,0,차대차 - 측면충돌,신호위반,건조,맑음,교차로 - 교차로부근,승용,남,23세,상해없음,승용,여,32세,경상
2018080700100262,2018년 8월 7일 13시,화요일,충청북도 괴산군 칠성면,중상사고,0,1,0,0,차대사람 - 횡단중,안전운전불이행,건조,맑음,단일로 - 기타,승합,남,61세,상해없음,보행자,여,66세,중상
2018080700100263,2018년 8월 7일 13시,화요일,충청북도 청주시 상당구 영운동,중상사고,0,1,2,0,차대차 - 추돌,안전운전불이행,건조,맑음,단일로 - 지하차도(도로)내,승용,남,77세,중상,특수,남,39세,경상
2018080700100264,2018년 8월 7일 13시,화요일,충청북도 청주시 서원구 모충동,경상사고,0,0,2,0,차대차 - 기타,안전운전불이행,건조,맑음,단일로 - 기타,승용,남,67세,상해없음,승용,남,60세,경상
2018080700100333,2018년 8월 7일 15시,화요일,충청북도 청주시 청원구 율량동,경상사고,0,0,1,0,차대차 - 기타,신호위반,건조,맑음,교차로 - 교차로부근,승용,여,22세,상해없음,승용,여,30세,경상
2018080700100402,2018년 8월 7일 17시,화요일,충청북도 충주시 산척면,중상사고,0,1,1,0,차대차 - 기타,안전운전불이행,건조,맑음,단일로 - 기타,화물,남,50세,상해없음,이륜,기타불명,미분류,기타불명
2018080700100403,2018년 8월 7일 17시,화요일,충청북도 청주시 서원구 산남동,중상사고,0,1,0,0,차대사람 - 보도통행중,기타,건조,맑음,기타 - 기타,승용,남,32세,상해없음,보행자,여,83세,중상
2018080700100404,2018년 8월 7일 17시,화요일,충청북도 청주시 서원구 수곡동,중상사고,0,1,0,0,차대사람 - 길가장자리구역통행중,안전운전불이행,건조,맑음,교차로 - 교차로부근,승용,남,67세,상해없음,보행자,여,88세,중상
2018080700100491,2018년 8월 7일 19시,화요일,충청북도 괴산군 괴산읍,경상사고,0,0,2,0,차대차 - 정면충돌,중앙선침범,건조,맑음,단일로 - 기타,승용,남,68세,경상,승용,여,68세,경상
2018080700100512,2018년 8월 7일 20시,화요일,충청북도 청주시 흥덕구 운천동,중상사고,0,1,0,0,차대차 - 측면충돌,안전운전불이행,건조,맑음,단일로 - 기타,승용,남,57세,상해없음,승용,여,44세,중상
2018080700100513,2018년 8월 7일 20시,화요일,충청북도 청주시 상당구 석교동,중상사고,0,1,0,0,차대차 - 측면충돌,신호위반,건조,맑음,교차로 - 교차로안,승용,남,45세,상해없음,승용,남,32세,중상
2018080700100539,2018년 8월 7일 21시,화요일,충청북도 충주시 동량면,중상사고,0,1,0,0,차량단독 - 공작물충돌,안전운전불이행,건조,맑음,교차로 - 교차로안,승용,남,27세,중상,,,,
2018080800100024,2018년 8월 8일 02시,수요일,충청북도 청주시 서원구 성화동,사망사고,1,0,0,0,차량단독 - 공작물충돌,안전운전불이행,건조,맑음,단일로 - 기타,이륜,남,31세,사망,,,,
2018080800100070,2018년 8월 8일 07시,수요일,충청북도 청주시 청원구 사천동,중상사고,0,1,0,0,차대차 - 측면충돌,신호위반,건조,맑음,교차로 - 교차로횡단보도내,화물,남,63세,상해없음,자전거,남,66세,중상
2018080800100071,2018년 8월 8일 07시,수요일,충청북도 청주시 청원구 우암동,경상사고,0,0,1,0,차대차 - 추돌,안전운전불이행,건조,맑음,교차로 - 교차로부근,승용,여,29세,상해없음,승용,남,62세,경상
2018080800100072,2018년 8월 8일 07시,수요일,충청북도 제천시 중앙로1가,경상사고,0,0,1,0,차대차 - 측면충돌,안전운전불이행,건조,흐림,교차로 - 교차로안,화물,남,70세,상해없음,이륜,여,40세,경상
2018080800100073,2018년 8월 8일 07시,수요일,충청북도 청주시 흥덕구 옥산면,경상사고,0,0,1,0,차대차 - 후진중충돌,신호위반,건조,맑음,교차로 - 교차로안,화물,남,59세,상해없음,승용,남,56세,경상
2018080800100099,2018년 8월 8일 08시,수요일,충청북도 청주시 청원구 내덕동,경상사고,0,0,1,0,차대차 - 기타,직진우회전진행방해,건조,맑음,교차로 - 교차로안,화물,남,58세,상해없음,승용,여,54세,경상
2018080800100100,2018년 8월 8일 08시,수요일,충청북도 청주시 서원구 사창동,중상사고,0,1,2,0,차대차 - 기타,직진우회전진행방해,건조,맑음,교차로 - 교차로안,승용,남,59세,경상,승용,남,65세,중상
2018080800100101,2018년 8월 8일 08시,수요일,충청북도 음성군 대소면,중상사고,0,2,1,0,차대차 - 측면충돌,신호위반,건조,맑음,교차로 - 교차로안,승용,여,24세,중상,승용,남,56세,중상