사고번호,사고일시,요일,시군구,사고내용,사망자수,중상자수,경상자수,부상신고자수,사고유형,법규위반,노면상태,기상상태,도로형태,가해운전자 차종,가해운전자 성별,가해운전자 연령,가해운전자 상해정도,피해운전자 차종,피해운전자 성별,피해운전자 연령,피해운전자 상해정도
2018080800100102,2018년 8월 8일 08시,수요일,충청북도 진천군 진천읍,경상사고,0,0,1,0,차대차 - 기타,직진우회전진행방해,건조,맑음,교차로 - 교차로안,승용,여,35세,상해없음,이륜,남,89세,경상
2018080800100103,2018년 8월 8일 08시,수요일,충청북도 청주시 서원구 성화동,경상사고,0,0,1,0,차대차 - 측면충돌,안전운전불이행,건조,맑음,교차로 - 교차로부근,승용,여,45세,상해없음,승용,여,24세,경상
2018080800100174,2018년 8월 8일 10시,수요일,충청북도 청주시 청원구 우암동,사망사고,1,0,0,0,차대사람 - 기타,안전운전불이행,건조,맑음,단일로 - 기타,화물,남,34세,상해없음,보행자,여,81세,사망
2018080800100202,2018년 8월 8일 11시,수요일,충청북도 청주시 흥덕구 봉명동,경상사고,0,0,1,0,차대차 - 추돌,안전운전불이행,건조,맑음,교차로 - 교차로횡단보도내,화물,남,26세,상해없음,승용,남,63세,경상
2018080800100224,2018년 8월 8일 12시,수요일,충청북도 충주시 중앙탑면,경상사고,0,0,3,0,차대차 - 측면충돌,안전운전불이행,건조,맑음,교차로 - 교차로부근,승용,남,57세,상해없음,화물,남,44세,경상
2018080800100359,2018년 8월 8일 16시,수요일,충청북도 보은군 보은읍,경상사고,0,0,1,0,차대차 - 측면충돌,기타,건조,맑음,교차로 - 교차로안,이륜,남,75세,경상,기타불명,기타불명,미분류,기타불명
2018080800100385,2018년 8월 8일 17시,수요일,충청북도 제천시 화산동,중상사고,0,1,1,0,차대차 - 측면충돌,신호위반,건조,맑음,교차로 - 교차로안,승용,남,29세,중상,이륜,남,22세,경상
2018080800100387,2018년 8월 8일 17시,수요일,충청북도 청주시 흥덕구 오송읍,경상사고,0,0,2,0,차대차 - 측면충돌,교차로운행방법위반,건조,맑음,교차로 - 교차로안,승용,여,26세,경상,화물,남,26세,경상
2018080800100432,2018년 8월 8일 18시,수요일,충청북도 충주시 연수동,경상사고,0,0,1,0,차대차 - 추돌,안전운전불이행,건조,맑음,기타 - 기타,승용,남,24세,상해없음,승용,남,54세,경상
2018080800100433,2018년 8월 8일 18시,수요일,충청북도 제천시 하소동,경상사고,0,0,2,0,차대차 - 측면충돌,안전운전불이행,건조,맑음,교차로 - 교차로안,화물,남,49세,경상,승용,남,62세,경상
2018080800100434,2018년 8월 8일 18시,수요일,충청북도 제천시 청전동,경상사고,0,0,2,0,차대차 - 추돌,안전거리미확보,건조,맑음,단일로 - 기타,승용,여,56세,경상,화물,남,49세,경상
2018080800100435,2018년 8월 8일 18시,수요일,충청북도 음성군 감곡면,중상사고,0,1,0,0,차대차 - 측면충돌,교차로운행방법위반,건조,맑음,교차로 - 교차로안,이륜,남,72세,중상,승용,여,38세,상해없음
2018080800100436,2018년 8월 8일 18시,수요일,충청북도 청주시 흥덕구 복대동,경상사고,0,0,3,0,차대차 - 측면충돌,안전운전불이행,건조,맑음,교차로 - 교차로부근,승용,여,59세,상해없음,승용,남,22세,경상
2018080800100473,2018년 8월 8일 19시,수요일,충청북도 단양군 단양읍,사망사고,1,0,0,0,차대사람 - 기타,보행자보호의무위반,건조,맑음,기타 - 기타,화물,남,52세,상해없음,보행자,여,77세,사망
2018080800100525,2018년 8월 8일 21시,수요일,충청북도 청주시 청원구 북이면,경상사고,0,0,1,0,차대차 - 기타,중앙선침범,건조,맑음,교차로 - 교차로안,승용,남,38세,상해없음,승용,남,46세,경상
2018080800100526,2018년 8월 8일 21시,수요일,충청북도 증평군 증평읍,경상사고,0,0,2,0,차대차 - 정면충돌,직진우회전진행방해,건조,맑음,교차로 - 교차로안,승합,남,63세,상해없음,승용,남,36세,경상
2018080800100568,2018년 8월 8일 23시,수요일,충청북도 제천시 명동,중상사고,0,3,1,0,차대차 - 측면충돌,안전거리미확보,건조,맑음,기타 - 기타,승용,남,62세,경상,승용,여,44세,중상
2018080800100569,2018년 8월 8일 23시,수요일,충청북도 음성군 맹동면,경상사고,0,0,3,0,차대차 - 추돌,안전운전불이행,건조,맑음,교차로 - 교차로부근,승용,남,45세,상해없음,승용,남,37세,경상
2018080900100049,2018년 8월 9일 04시,목요일,충청북도 청주시 흥덕구 외북동,중상사고,0,1,0,0,차대사람 - 기타,신호위반,건조,맑음,교차로 - 교차로횡단보도내,승용,남,31세,상해없음,보행자,남,47세,중상
2018080900100062,2018년 8월 9일 05시,목요일,충청북도 청주시 흥덕구 오송읍,경상사고,0,0,1,0,차대차 - 기타,신호위반,건조,맑음,교차로 - 교차로안,승용,남,42세,상해없음,화물,남,63세,경상
2018080900100215,2018년 8월 9일 11시,목요일,충청북도 청주시 청원구 주성동,경상사고,0,0,2,0,차대차 - 추돌,안전거리미확보,건조,맑음,교차로 - 교차로부근,승용,여,27세,경상,승용,여,50세,경상
2018080900100216,2018년 8월 9일 11시,목요일,충청북도 청주시 흥덕구 강내면,경상사고,0,0,1,0,차대차 - 측면충돌,안전운전불이행,건조,맑음,단일로 - 기타,건설기계,남,55세,상해없음,승용,여,59세,경상
2018080900100243,2018년 8월 9일 12시,목요일,충청북도 청주시 청원구 오동동,중상사고,0,1,0,0,차량단독 - 전도전복 - 전도,안전운전불이행,건조,맑음,교차로 - 교차로부근,화물,남,51세,중상,미분류,미분류,미분류,미분류
2018080900100244,2018년 8월 9일 12시,목요일,충청북도 청주시 상당구 미원면,중상사고,0,1,0,0,차대사람 - 기타,기타,건조,맑음,단일로 - 기타,화물,남,53세,상해없음,보행자,남,24세,중상
2018080900100280,2018년 8월 9일 13시,목요일,충청북도 청주시 청원구 내덕동,경상사고,0,0,1,0,차대차 - 추돌,안전운전불이행,건조,맑음,교차로 - 교차로부근,화물,남,63세,상해없음,승용,남,25세,경상
2018080900100281,2018년 8월 9일 13시,목요일,충청북도 청주시 서원구 사직동,부상신고사고,0,0,0,1,차대차 - 기타,안전운전불이행,건조,맑음,단일로 - 기타,자전거,남,76세,부상신고,승용,남,53세,상해없음
2018080900100346,2018년 8월 9일 15시,목요일,충청북도 청주시 청원구 우암동,중상사고,0,1,0,0,차대차 - 기타,안전운전불이행,건조,맑음,단일로 - 기타,승용,남,26세,상해없음,자전거,남,71세,중상
2018080900100347,2018년 8월 9일 15시,목요일,충청북도 충주시 앙성면,중상사고,0,1,0,0,차대차 - 기타,안전거리미확보,건조,맑음,단일로 - 고가도로위,기타불명,기타불명,미분류,기타불명,승용,남,52세,중상
2018080900100348,2018년 8월 9일 15시,목요일,충청북도 충주시 단월동,경상사고,0,0,2,0,차대차 - 기타,안전운전불이행,건조,맑음,교차로 - 교차로안,승합,남,65세,상해없음,승합,남,70세,경상
2018080900100349,2018년 8월 9일 15시,목요일,충청북도 청주시 상당구 용암동,중상사고,0,1,0,0,차대차 - 측면충돌,신호위반,건조,맑음,교차로 - 교차로안,승용,남,30세,상해없음,이륜,남,34세,중상
2018080900100392,2018년 8월 9일 16시,목요일,충청북도 제천시 청전동,경상사고,0,0,2,0,차대차 - 측면충돌,직진우회전진행방해,건조,맑음,교차로 - 교차로안,승용,남,54세,경상,승용,여,65세,경상
2018080900100393,2018년 8월 9일 16시,목요일,충청북도 진천군 진천읍,중상사고,0,1,0,0,차대차 - 측면충돌,안전거리미확보,건조,맑음,단일로 - 기타,승용,여,48세,상해없음,이륜,남,80세,중상
2018080900100431,2018년 8월 9일 17시,목요일,충청북도 옥천군 옥천읍,중상사고,0,1,0,0,차대차 - 측면충돌,교차로운행방법위반,건조,맑음,교차로 - 교차로안,승용,남,47세,상해없음,이륜,남,63세,중상
2018080900100432,2018년 8월 9일 17시,목요일,충청북도 진천군 덕산면,경상사고,0,0,1,0,차대차 - 기타,안전운전불이행,건조,맑음,교차로 - 교차로부근,자전거,남,15세,경상,승용,남,44세,상해없음
2018080900100516,2018년 8월 9일 19시,목요일,충청북도 충주시 단월동,중상사고,0,1,1,0,차대차 - 측면충돌,안전운전불이행,젖음/습기,비,단일로 - 기타,화물,남,60세,상해없음,승용,남,70세,중상
2018080900100517,2018년 8월 9일 19시,목요일,충청북도 보은군 탄부면,경상사고,0,0,6,1,차대차 - 기타,안전거리미확보,건조,맑음,단일로 - 기타,기타불명,기타불명,미분류,기타불명,승용,남,23세,경상
2018080900100540,2018년 8월 9일 20시,목요일,충청북도 음성군 맹동면,경상사고,0,0,2,0,차대차 - 추돌,안전운전불이행,건조,맑음,단일로 - 기타,승용,남,20세,기타불명,승용,남,32세,경상
2018080900100572,2018년 8월 9일 21시,목요일,충청북도 청주시 흥덕구 가경동,경상사고,0,0,1,0,차대차 - 측면충돌,교차로운행방법위반,건조,맑음,교차로 - 교차로안,승용,남,21세,상해없음,승용,여,47세,경상
2018080900100621,2018년 8월 9일 23시,목요일,충청북도 청주시 청원구 주성동,경상사고,0,0,1,0,차대사람 - 기타,안전운전불이행,건조,맑음,단일로 - 기타,승용,남,38세,상해없음,보행자,남,28세,경상
2018080900100622,2018년 8월 9일 23시,목요일,충청북도 청주시 서원구 사창동,중상사고,0,1,0,0,차대사람 - 횡단중,안전운전불이행,건조,흐림,단일로 - 기타,승용,남,61세,상해없음,보행자,남,26세,중상
2018081000100007,2018년 8월 10일 00시,금요일,충청북도 청주시 청원구 오창읍,경상사고,0,0,3,0,차대차 - 추돌,안전운전불이행,건조,맑음,교차로 - 교차로부근,승용,남,25세,경상,승용,남,29세,경상
2018081000100031,2018년 8월 10일 02시,금요일,충청북도 청주시 청원구 오창읍,경상사고,0,0,2,0,차대차 - 측면충돌,안전운전불이행,건조,맑음,교차로 - 교차로부근,승용,남,29세,상해없음,승용,남,30세,경상
2018081000100036,2018년 8월 10일 03시,금요일,충청북도 괴산군 사리면,경상사고,0,0,1,0,차량단독 - 공작물충돌,안전운전불이행,건조,맑음,단일로 - 기타,승합,남,39세,경상,,,,
2018081000100077,2018년 8월 10일 06시,금요일,충청북도 청주시 상당구 월오동,중상사고,0,1,0,0,차대차 - 측면충돌,안전운전불이행,건조,맑음,단일로 - 기타,승합,남,54세,상해없음,승용,남,57세,중상
2018081000100126,2018년 8월 10일 08시,금요일,충청북도 청주시 서원구 사직동,경상사고,0,0,2,0,차대차 - 추돌,안전운전불이행,건조,맑음,교차로 - 교차로부근,승용,여,58세,상해없음,승용,남,67세,경상
2018081000100149,2018년 8월 10일 09시,금요일,충청북도 제천시 청전동,경상사고,0,0,2,0,차대차 - 측면충돌,중앙선침범,건조,맑음,교차로 - 교차로부근,승용,여,31세,경상,승용,남,67세,경상
2018081000100174,2018년 8월 10일 10시,금요일,충청북도 제천시 청풍면,경상사고,0,0,4,0,차대차 - 추돌,안전거리미확보,건조,맑음,교차로 - 교차로안,건설기계,남,61세,상해없음,승용,남,57세,경상
2018081000100175,2018년 8월 10일 10시,금요일,충청북도 괴산군 청안면,사망사고,1,0,0,0,차대사람 - 횡단중,안전운전불이행,건조,맑음,교차로 - 교차로안,승용,남,75세,상해없음,보행자,남,56세,사망
2018081000100207,2018년 8월 10일 11시,금요일,충청북도 영동군 영동읍,중상사고,0,1,0,0,차대사람 - 횡단중,보행자보호의무위반,건조,맑음,교차로 - 교차로안,승용,남,46세,상해없음,보행자,여,84세,중상
2018081000100278,2018년 8월 10일 13시,금요일,충청북도 청주시 흥덕구 봉명동,경상사고,0,0,3,0,차대차 - 측면충돌,신호위반,건조,맑음,교차로 - 교차로안,승용,남,36세,경상,승용,남,25세,경상
2018081000100312,2018년 8월 10일 14시,금요일,충청북도 청주시 상당구 금천동,부상신고사고,0,0,0,4,차대차 - 측면충돌,신호위반,건조,맑음,교차로 - 교차로안,화물,남,52세,상해없음,승용,남,24세,부상신고
2018081000100359,2018년 8월 10일 15시,금요일,충청북도 제천시 신백동,부상신고사고,0,0,0,1,차대차 - 측면충돌,안전운전불이행,건조,맑음,교차로 - 교차로부근,이륜,남,18세,부상신고,승합,남,66세,상해없음
2018081000100396,2018년 8월 10일 16시,금요일,충청북도 진천군 진천읍,경상사고,0,0,2,0,차대차 - 측면충돌,안전운전불이행,건조,맑음,단일로 - 기타,승용,남,53세,상해없음,승용,여,40세,경상
2018081000100436,2018년 8월 10일 17시,금요일,충청북도 청주시 청원구 주중동,경상사고,0,0,1,0,차대차 - 기타,중앙선침범,건조,맑음,단일로 - 기타,승용,여,49세,상해없음,승용,남,28세,경상
2018081000100437,2018년 8월 10일 17시,금요일,충청북도 청주시 흥덕구 봉명동,경상사고,0,0,1,0,차대사람 - 기타,보행자보호의무위반,건조,맑음,교차로 - 교차로횡단보도내,화물,남,43세,상해없음,보행자,여,46세,경상
2018081000100438,2018년 8월 10일 17시,금요일,충청북도 진천군 문백면,중상사고,0,3,4,1,차대차 - 추돌,안전운전불이행,건조,맑음,단일로 - 기타,승용,남,41세,경상,화물,남,55세,경상
2018081000100484,2018년 8월 10일 18시,금요일,충청북도 충주시 살미면,경상사고,0,0,1,0,차대차 - 정면충돌,중앙선침범,건조,맑음,교차로 - 교차로안,화물,남,72세,상해없음,화물,남,43세,경상
2018081000100485,2018년 8월 10일 18시,금요일,충청북도 제천시 고명동,사망사고,1,2,0,0,차대차 - 정면충돌,과속,젖음/습기,비,교차로 - 교차로부근,승용,남,45세,중상,화물,남,70세,중상
2018081000100486,2018년 8월 10일 18시,금요일,충청북도 청주시 흥덕구 복대동,중상사고,0,1,0,0,차대차 - 기타,안전운전불이행,건조,맑음,단일로 - 기타,이륜,남,26세,중상,승용,남,27세,상해없음
2018081000100532,2018년 8월 10일 19시,금요일,충청북도 보은군 수한면,중상사고,0,1,1,0,차대차 - 측면충돌,중앙선침범,건조,맑음,단일로 - 지하차도(도로)내,승용,여,57세,경상,승용,여,59세,중상
2018081000100606,2018년 8월 10일 21시,금요일,충청북도 청주시 상당구 용암동,경상사고,0,0,2,0,차대차 - 정면충돌,중앙선침범,건조,맑음,교차로 - 교차로부근,승용,남,30세,상해없음,승용,남,49세,경상
2018081100100014,2018년 8월 11일 00시,토요일,충청북도 청주시 상당구 용암동,경상사고,0,0,1,0,차대차 - 후진중충돌,안전운전불이행,건조,맑음,단일로 - 기타,승용,남,22세,상해없음,이륜,남,17세,경상
2018081100100033,2018년 8월 11일 01시,토요일,충청북도 영동군 황간면,중상사고,0,1,0,0,차대차 - 정면충돌,중앙선침범,건조,맑음,단일로 - 기타,승용,여,46세,상해없음,화물,남,53세,중상
2018081100100051,2018년 8월 11일 02시,토요일,충청북도 청주시 서원구 사창동,경상사고,0,0,2,0,차대차 - 기타,안전운전불이행,건조,맑음,교차로 - 교차로부근,승용,남,20세,기타불명,이륜,남,16세,경상
2018081100100123,2018년 8월 11일 08시,토요일,충청북도 청주시 상당구 영운동,경상사고,0,0,2,0,차대차 - 측면충돌,신호위반,건조,맑음,교차로 - 교차로안,승용,남,43세,상해없음,승용,여,52세,경상
2018081100100150,2018년 8월 11일 09시,토요일,충청북도 청주시 서원구 사창동,경상사고,0,0,1,0,차대차 - 기타,안전운전불이행,건조,맑음,단일로 - 기타,자전거,남,47세,경상,승용,남,46세,상해없음
2018081100100151,2018년 8월 11일 09시,토요일,충청북도 음성군 음성읍,중상사고,0,1,0,0,차대사람 - 보도통행중,안전운전불이행,건조,맑음,교차로 - 교차로부근,화물,남,51세,상해없음,보행자,여,82세,중상
2018081100100178,2018년 8월 11일 10시,토요일,충청북도 음성군 음성읍,경상사고,0,0,3,0,차대차 - 측면충돌,차로위반,건조,맑음,교차로 - 교차로부근,화물,남,48세,상해없음,승용,남,37세,경상
2018081100100179,2018년 8월 11일 10시,토요일,충청북도 청주시 흥덕구 송절동,중상사고,0,1,0,1,차대차 - 측면충돌,안전운전불이행,건조,맑음,교차로 - 교차로안,승용,남,39세,부상신고,승용,남,21세,중상
2018081100100180,2018년 8월 11일 10시,토요일,충청북도 청주시 상당구 문화동,경상사고,0,0,1,0,차대차 - 추돌,안전운전불이행,건조,맑음,교차로 - 교차로부근,이륜,남,20세,상해없음,승용,남,61세,상해없음
2018081100100203,2018년 8월 11일 11시,토요일,충청북도 충주시 대소원면,중상사고,0,1,1,0,차대차 - 기타,안전운전불이행,건조,맑음,교차로 - 교차로안,화물,남,34세,중상,승용,남,47세,경상
2018081100100204,2018년 8월 11일 11시,토요일,충청북도 충주시 수안보면,중상사고,0,1,0,0,차량단독 - 기타,기타,건조,맑음,단일로 - 기타,승합,남,53세,상해없음,,,,
2018081100100205,2018년 8월 11일 11시,토요일,충청북도 청주시 서원구 분평동,경상사고,0,0,3,0,차대차 - 측면충돌,안전운전불이행,건조,맑음,교차로 - 교차로안,승용,남,75세,경상,건설기계,남,49세,경상
2018081100100236,2018년 8월 11일 12시,토요일,충청북도 충주시 엄정면,중상사고,0,1,0,0,차량단독 - 기타,안전운전불이행,건조,맑음,단일로 - 기타,승합,남,66세,중상,,,,
2018081100100270,2018년 8월 11일 13시,토요일,충청북도 음성군 금왕읍,경상사고,0,0,3,0,차대차 - 측면충돌,차로위반,건조,맑음,교차로 - 교차로안,승용,남,28세,경상,승용,여,37세,상해없음
2018081100100351,2018년 8월 11일 15시,토요일,충청북도 진천군 광혜원면,경상사고,0,0,1,0,차대차 - 기타,직진우회전진행방해,건조,맑음,교차로 - 교차로안,승합,남,64세,상해없음,승용,남,40세,경상
2018081100100384,2018년 8월 11일 16시,토요일,충청북도 제천시 백운면,경상사고,0,0,1,0,차량단독 - 전도전복 - 전도,기타,건조,맑음,단일로 - 기타,이륜,남,63세,경상,미분류,미분류,미분류,미분류
2018081100100413,2018년 8월 11일 17시,토요일,충청북도 음성군 음성읍,중상사고,0,1,0,0,차대차 - 측면충돌,기타,건조,맑음,교차로 - 교차로안,화물,남,47세,상해없음,승용,남,35세,중상
2018081100100451,2018년 8월 11일 18시,토요일,충청북도 청주시 청원구 내덕동,경상사고,0,0,1,0,차대차 - 측면충돌,교차로운행방법위반,건조,맑음,교차로 - 교차로안,승용,여,43세,상해없음,승용,남,36세,상해없음
2018081100100452,2018년 8월 11일 18시,토요일,충청북도 음성군 맹동면,중상사고,0,1,1,0,차대차 - 추돌,안전운전불이행,건조,맑음,단일로 - 기타,승용,남,67세,중상,화물,남,52세,경상
2018081100100453,2018년 8월 11일 18시,토요일,충청북도 청주시 흥덕구 가경동,경상사고,0,0,1,0,차대차 - 측면충돌,안전운전불이행,건조,맑음,교차로 - 교차로부근,기타불명,기타불명,미분류,기타불명,자전거,남,13세,경상
2018081100100482,2018년 8월 11일 19시,토요일,충청북도 청주시 서원구 사직동,경상사고,0,0,1,0,차대차 - 기타,안전운전불이행,건조,맑음,교차로 - 교차로부근,이륜,남,18세,경상,승용,여,47세,상해없음
2018081100100483,2018년 8월 11일 19시,토요일,충청북도 음성군 대소면,중상사고,0,1,1,0,차대차 - 측면충돌,안전운전불이행,건조,맑음,교차로 - 교차로안,승용,남,23세,상해없음,승용,남,25세,경상
2018081100100484,2018년 8월 11일 19시,토요일,충청북도 진천군 이월면,중상사고,0,1,1,0,차대차 - 추돌,안전운전불이행,건조,맑음,단일로 - 기타,승용,남,57세,중상,화물,남,56세,경상
2018081100100509,2018년 8월 11일 20시,토요일,충청북도 청주시 흥덕구 복대동,경상사고,0,0,1,0,차대차 - 측면충돌,교차로운행방법위반,건조,맑음,교차로 - 교차로안,승용,남,54세,상해없음,이륜,남,39세,경상
2018081100100510,2018년 8월 11일 20시,토요일,충청북도 청주시 서원구 산남동,경상사고,0,0,1,0,차대차 - 측면충돌,안전운전불이행,건조,맑음,단일로 - 기타,승용,남,69세,상해없음,승용,남,38세,경상
2018081100100533,2018년 8월 11일 21시,토요일,충청북도 진천군 문백면,경상사고,0,0,1,0,차대차 - 추돌,안전거리미확보,건조,맑음,기타 - 기타,승용,남,28세,상해없음,승용,여,46세,경상
2018081100100534,2018년 8월 11일 21시,토요일,충청북도 청주시 서원구 성화동,경상사고,0,0,2,0,차대차 - 기타,안전거리미확보,건조,맑음,단일로 - 기타,승용,남,31세,상해없음,승용,남,51세,경상
2018081100100535,2018년 8월 11일 21시,토요일,충청북도 청주시 흥덕구 가경동,경상사고,0,0,1,0,차대차 - 측면충돌,교차로운행방법위반,건조,맑음,교차로 - 교차로부근,승용,남,18세,상해없음,승용,남,27세,경상
2018081100100571,2018년 8월 11일 23시,토요일,충청북도 충주시 중앙탑면,경상사고,0,0,1,0,차대차 - 기타,중앙선침범,건조,맑음,교차로 - 교차로부근,승용,남,24세,상해없음,이륜,남,31세,경상
2018081100100572,2018년 8월 11일 23시,토요일,충청북도 단양군 영춘면,경상사고,0,0,4,0,차대차 - 기타,중앙선침범,건조,맑음,단일로 - 기타,승용,남,46세,상해없음,승용,남,18세,경상
2018081100100573,2018년 8월 11일 23시,토요일,충청북도 청주시 서원구 미평동,경상사고,0,0,2,0,차대차 - 측면충돌,안전운전불이행,건조,맑음,교차로 - 교차로안,승용,여,56세,경상,승용,남,72세,경상
2018081200100006,2018년 8월 12일 00시,일요일,충청북도 제천시 청전동,경상사고,0,0,2,0,차대차 - 측면충돌,신호위반,건조,맑음,교차로 - 교차로안,승합,남,61세,경상,승용,남,27세,경상
2018081200100022,2018년 8월 12일 01시,일요일,충청북도 음성군 금왕읍,중상사고,0,1,0,0,차대차 - 추돌,안전운전불이행,건조,맑음,교차로 - 교차로안,승용,남,39세,상해없음,승용,남,47세,중상
2018081200100079,2018년 8월 12일 06시,일요일,충청북도 충주시 교현동,중상사고,0,3,2,1,차대차 - 측면충돌,신호위반,건조,맑음,교차로 - 교차로안,승용,여,64세,부상신고,승용,남,50세,경상
2018081200100085,2018년 8월 12일 07시,일요일,충청북도 청주시 상당구 금천동,경상사고,0,0,1,0,차대차 - 측면충돌,안전운전불이행,건조,맑음,교차로 - 교차로부근,승용,남,49세,상해없음,승용,여,64세,경상
2018081200100117,2018년 8월 12일 09시,일요일,충청북도 진천군 진천읍,경상사고,0,0,1,0,차량단독 - 공작물충돌,안전운전불이행,건조,맑음,단일로 - 기타,승합,남,73세,경상,,,,
2018081200100118,2018년 8월 12일 09시,일요일,충청북도 청주시 상당구 문화동,중상사고,0,1,0,0,차대차 - 기타,안전운전불이행,건조,맑음,단일로 - 기타,승용,여,52세,상해없음,이륜,남,18세,중상
2018081200100131,2018년 8월 12일 10시,일요일,충청북도 청주시 청원구 오동동,경상사고,0,0,3,0,차대차 - 추돌,안전운전불이행,건조,맑음,교차로 - 교차로안,승용,여,28세,상해없음,승용,남,35세,상해없음
2018081200100132,2018년 8월 12일 10시,일요일,충청북도 보은군 보은읍,경상사고,0,0,2,0,차대차 - 추돌,안전운전불이행,건조,맑음,교차로 - 교차로안,승용,여,34세,상해없음,이륜,남,75세,경상
2018081200100147,2018년 8월 12일 11시,일요일,충청북도 청주시 청원구 오창읍,경상사고,0,0,2,0,차대차 - 기타,안전운전불이행,건조,맑음,교차로 - 교차로부근,승용,남,28세,상해없음,승용,남,57세,경상
2018081200100197,2018년 8월 12일 13시,일요일,충청북도 청주시 청원구 오창읍,경상사고,0,0,2,0,차대차 - 추돌,안전운전불이행,건조,맑음,교차로 - 교차로안,승용,여,54세,상해없음,승용,남,37세,경상
2018081200100198,2018년 8월 12일 13시,일요일,충청북도 청주시 흥덕구 운천동,경상사고,0,0,1,0,차대차 - 측면충돌,교차로운행방법위반,건조,맑음,교차로 - 교차로안,승용,남,54세,상해없음,이륜,남,18세,경상
2018081200100199,2018년 8월 12일 13시,일요일,충청북도 청주시 흥덕구 오송읍,경상사고,0,0,2,0,차대차 - 기타,교차로운행방법위반,건조,맑음,교차로 - 교차로안,승용,여,61세,경상,승용,여,45세,경상
2018081200100254,2018년 8월 12일 15시,일요일,충청북도 제천시 청전동,경상사고,0,0,1,0,차대차 - 측면충돌,기타,건조,맑음,교차로 - 교차로안,승용,남,29세,상해없음,이륜,남,31세,경상
2018081200100255,2018년 8월 12일 15시,일요일,충청북도 단양군 매포읍,경상사고,0,0,2,0,차대차 - 추돌,안전거리미확보,건조,맑음,단일로 - 기타,화물,남,60세,상해없음,승용,남,61세,경상
2018081200100256,2018년 8월 12일 15시,일요일,충청북도 청주시 상당구 북문로1가동,경상사고,0,0,1,0,차대차 - 후진중충돌,안전운전불이행,건조,맑음,단일로 - 기타,승용,남,48세,상해없음,승용,여,27세,경상
2018081200100295,2018년 8월 12일 16시,일요일,충청북도 제천시 하소동,경상사고,0,0,1,0,차대사람 - 횡단중,안전운전불이행,건조,맑음,교차로 - 교차로안,승합,남,45세,상해없음,보행자,여,9세,경상
2018081200100296,2018년 8월 12일 16시,일요일,충청북도 청주시 흥덕구 옥산면,경상사고,0,0,4,0,차대차 - 정면충돌,중앙선침범,건조,맑음,단일로 - 기타,승용,남,27세,상해없음,승용,남,23세,경상
2018081200100399,2018년 8월 12일 20시,일요일,충청북도 청주시 서원구 사창동,경상사고,0,0,1,0,차대차 - 정면충돌,중앙선침범,기타,비,교차로 - 교차로부근,원동기,남,21세,경상,승용,남,61세,상해없음
2018081200100400,2018년 8월 12일 20시,일요일,충청북도 제천시 화산동,중상사고,0,1,0,0,차대차 - 측면충돌,교차로운행방법위반,건조,맑음,교차로 - 교차로안,승용,남,43세,상해없음,이륜,여,60세,중상
2018081200100401,2018년 8월 12일 20시,일요일,충청북도 음성군 삼성면,경상사고,0,0,1,0,차대차 - 측면충돌,중앙선침범,건조,맑음,교차로 - 교차로부근,승용,남,43세,상해없음,화물,남,28세,경상
2018081200100402,2018년 8월 12일 20시,일요일,충청북도 청주시 서원구 성화동,경상사고,0,0,1,0,차대차 - 측면충돌,안전운전불이행,젖음/습기,비,교차로 - 교차로부근,승용,남,53세,상해없음,승용,남,31세,경상
2018081200100403,2018년 8월 12일 20시,일요일,충청북도 청주시 상당구 금천동,경상사고,0,0,2,0,차대차 - 측면충돌,안전운전불이행,건조,맑음,교차로 - 교차로안,승용,남,19세,상해없음,승용,남,33세,경상
2018081200100404,2018년 8월 12일 20시,일요일,충청북도 청주시 상당구 남일면,중상사고,0,1,0,0,차량단독 - 전도전복 - 전도,안전운전불이행,건조,맑음,교차로 - 교차로부근,이륜,남,66세,중상,미분류,미분류,미분류,미분류
2018081200100422,2018년 8월 12일 21시,일요일,충청북도 충주시 노은면,경상사고,0,0,1,0,차대차 - 측면충돌,안전거리미확보,건조,맑음,단일로 - 기타,승용,남,28세,상해없음,승용,여,52세,경상
2018081200100453,2018년 8월 12일 23시,일요일,충청북도 청주시 서원구 장암동,중상사고,0,1,0,0,차대차 - 측면충돌,신호위반,건조,맑음,교차로 - 교차로안,승용,남,24세,상해없음,이륜,남,44세,중상
2018081300100013,2018년 8월 13일 01시,월요일,충청북도 제천시 화산동,경상사고,0,0,1,0,차대차 - 추돌,안전운전불이행,건조,맑음,교차로 - 교차로부근,승용,여,35세,상해없음,승용,남,48세,경상
2018081300100014,2018년 8월 13일 01시,월요일,충청북도 청주시 상당구 용암동,경상사고,0,0,1,0,차대차 - 측면충돌,안전운전불이행,건조,맑음,단일로 - 지하차도(도로)내,승용,남,33세,상해없음,승용,남,22세,경상
2018081300100037,2018년 8월 13일 04시,월요일,충청북도 청주시 청원구 오동동,중상사고,0,3,0,0,차대차 - 정면충돌,중앙선침범,건조,맑음,교차로 - 교차로부근,이륜,남,16세,중상,승용,남,59세,중상
2018081300100056,2018년 8월 13일 06시,월요일,충청북도 청주시 흥덕구 수의동,경상사고,0,0,1,0,차대차 - 기타,차로위반,건조,맑음,단일로 - 기타,승용,남,37세,상해없음,승용,남,57세,경상