사고번호,사고일시,요일,시군구,사고내용,사망자수,중상자수,경상자수,부상신고자수,사고유형,법규위반,노면상태,기상상태,도로형태,가해운전자 차종,가해운전자 성별,가해운전자 연령,가해운전자 상해정도,피해운전자 차종,피해운전자 성별,피해운전자 연령,피해운전자 상해정도
2018081300100079,2018년 8월 13일 07시,월요일,충청북도 충주시 봉방동,경상사고,0,0,1,0,차대사람 - 횡단중,보행자보호의무위반,건조,맑음,교차로 - 교차로횡단보도내,승용,남,57세,상해없음,보행자,여,60세,경상
2018081300100080,2018년 8월 13일 07시,월요일,충청북도 보은군 보은읍,경상사고,0,0,1,0,차대차 - 추돌,안전운전불이행,건조,맑음,단일로 - 지하차도(도로)내,자전거,남,62세,경상,승용,남,60세,기타불명
2018081300100081,2018년 8월 13일 07시,월요일,충청북도 진천군 진천읍,경상사고,0,0,2,0,차대차 - 기타,안전운전불이행,건조,맑음,교차로 - 교차로안,승합,남,47세,경상,승용,남,18세,경상
2018081300100082,2018년 8월 13일 07시,월요일,충청북도 청주시 흥덕구 지동동,경상사고,0,0,1,0,차대차 - 추돌,안전거리미확보,건조,맑음,단일로 - 기타,승용,남,47세,상해없음,승용,남,39세,경상
2018081300100116,2018년 8월 13일 08시,월요일,충청북도 제천시 동현동,경상사고,0,0,4,0,차대차 - 추돌,안전운전불이행,건조,맑음,교차로 - 교차로안,승용,남,77세,상해없음,승용,남,37세,경상
2018081300100152,2018년 8월 13일 09시,월요일,충청북도 음성군 맹동면,중상사고,0,1,0,0,차대차 - 측면충돌,기타,건조,맑음,단일로 - 교량,승용,여,49세,상해없음,이륜,남,84세,중상
2018081300100185,2018년 8월 13일 10시,월요일,충청북도 청주시 청원구 북이면,경상사고,0,0,1,0,차량단독 - 기타,안전운전불이행,건조,맑음,단일로 - 기타,승용,여,70세,경상,,,,
2018081300100186,2018년 8월 13일 10시,월요일,충청북도 청주시 서원구 사직동,경상사고,0,0,1,0,차대차 - 기타,안전운전불이행,건조,맑음,단일로 - 기타,승용,남,65세,상해없음,승용,남,50세,상해없음
2018081300100187,2018년 8월 13일 10시,월요일,충청북도 청주시 흥덕구 송정동,경상사고,0,0,2,0,차대차 - 측면충돌,안전운전불이행,건조,맑음,교차로 - 교차로안,건설기계,남,59세,상해없음,승용,여,31세,경상
2018081300100224,2018년 8월 13일 11시,월요일,충청북도 청주시 흥덕구 비하동,경상사고,0,0,1,0,차대차 - 기타,신호위반,건조,맑음,교차로 - 교차로안,승용,남,25세,상해없음,승용,남,52세,경상
2018081300100225,2018년 8월 13일 11시,월요일,충청북도 청주시 흥덕구 운천동,경상사고,0,0,5,0,차대차 - 기타,안전거리미확보,건조,맑음,교차로 - 교차로안,승합,남,66세,상해없음,승용,여,46세,경상
2018081300100292,2018년 8월 13일 13시,월요일,충청북도 충주시 달천동,중상사고,0,1,1,0,차대차 - 기타,신호위반,건조,맑음,교차로 - 교차로안,화물,남,27세,상해없음,화물,남,67세,경상
2018081300100293,2018년 8월 13일 13시,월요일,충청북도 음성군 맹동면,부상신고사고,0,0,0,1,차대차 - 측면충돌,안전운전불이행,건조,맑음,단일로 - 기타,이륜,남,25세,부상신고,승용,남,63세,상해없음
2018081300100294,2018년 8월 13일 13시,월요일,충청북도 청주시 서원구 성화동,사망사고,1,0,2,0,차대차 - 측면충돌,신호위반,건조,맑음,교차로 - 교차로안,이륜,남,37세,사망,화물,남,27세,경상
2018081300100337,2018년 8월 13일 14시,월요일,충청북도 충주시 문화동,중상사고,0,1,0,0,차대차 - 측면충돌,안전운전불이행,건조,맑음,교차로 - 교차로안,승용,남,28세,상해없음,자전거,남,75세,중상
2018081300100338,2018년 8월 13일 14시,월요일,충청북도 제천시 신백동,경상사고,0,0,1,0,차대차 - 후진중충돌,안전운전불이행,건조,맑음,단일로 - 기타,승용,여,55세,상해없음,승용,남,58세,경상
2018081300100339,2018년 8월 13일 14시,월요일,충청북도 청주시 흥덕구 오송읍,경상사고,0,0,1,0,차량단독 - 기타,안전운전불이행,건조,맑음,단일로 - 기타,승합,남,55세,상해없음,,,,
2018081300100340,2018년 8월 13일 14시,월요일,충청북도 청주시 서원구 모충동,경상사고,0,0,1,0,차대사람 - 횡단중,안전운전불이행,건조,맑음,단일로 - 지하차도(도로)내,승용,남,78세,상해없음,보행자,여,68세,경상
2018081300100341,2018년 8월 13일 14시,월요일,충청북도 청주시 상당구 서문동,경상사고,0,0,1,0,차대사람 - 횡단중,보행자보호의무위반,건조,맑음,교차로 - 교차로횡단보도내,승용,여,35세,상해없음,보행자,여,59세,경상
2018081300100509,2018년 8월 13일 18시,월요일,충청북도 청주시 서원구 사직동,경상사고,0,0,1,0,차대사람 - 기타,안전운전불이행,건조,맑음,단일로 - 기타,승용,남,35세,상해없음,보행자,남,58세,경상
2018081300100510,2018년 8월 13일 18시,월요일,충청북도 청주시 청원구 내덕동,경상사고,0,0,3,0,차대차 - 추돌,안전운전불이행,건조,맑음,교차로 - 교차로부근,승용,남,62세,상해없음,승용,여,30세,경상
2018081300100547,2018년 8월 13일 19시,월요일,충청북도 증평군 증평읍,경상사고,0,0,2,0,차대차 - 측면충돌,직진우회전진행방해,젖음/습기,흐림,교차로 - 교차로안,승용,남,41세,상해없음,승용,여,45세,경상
2018081300100623,2018년 8월 13일 21시,월요일,충청북도 음성군 맹동면,경상사고,0,0,2,0,차대차 - 측면충돌,신호위반,건조,맑음,교차로 - 교차로안,승용,여,45세,경상,승용,남,52세,경상
2018081300100624,2018년 8월 13일 21시,월요일,충청북도 청주시 흥덕구 가경동,경상사고,0,0,1,0,차대차 - 측면충돌,안전거리미확보,건조,맑음,단일로 - 기타,승용,남,53세,상해없음,이륜,남,43세,경상
2018081300100649,2018년 8월 13일 22시,월요일,충청북도 청주시 청원구 오창읍,경상사고,0,0,1,0,차대차 - 기타,안전거리미확보,건조,맑음,단일로 - 기타,승용,여,58세,상해없음,승용,남,30세,경상
2018081300100650,2018년 8월 13일 22시,월요일,충청북도 진천군 문백면,경상사고,0,0,1,0,차량단독 - 공작물충돌,안전운전불이행,건조,맑음,교차로 - 교차로안,승용,남,46세,경상,,,,
2018081400100013,2018년 8월 14일 00시,화요일,충청북도 청주시 청원구 율량동,경상사고,0,0,2,0,차대차 - 측면충돌,안전운전불이행,건조,맑음,교차로 - 교차로안,승용,남,23세,상해없음,승용,남,23세,경상
2018081400100028,2018년 8월 14일 01시,화요일,충청북도 청주시 흥덕구 강서동,경상사고,0,0,2,0,차량단독 - 공작물충돌,안전운전불이행,건조,맑음,교차로 - 교차로안,승용,남,45세,경상,,,,
2018081400100088,2018년 8월 14일 07시,화요일,충청북도 청주시 청원구 오창읍,경상사고,0,0,1,0,차대차 - 기타,신호위반,건조,맑음,교차로 - 교차로안,승용,여,32세,상해없음,승용,여,28세,경상
2018081400100089,2018년 8월 14일 07시,화요일,충청북도 음성군 대소면,중상사고,0,1,1,0,차대차 - 측면충돌,안전운전불이행,건조,맑음,교차로 - 교차로안,승용,남,52세,경상,승용,여,62세,중상
2018081400100122,2018년 8월 14일 08시,화요일,충청북도 보은군 보은읍,중상사고,0,1,0,0,차대차 - 추돌,안전거리미확보,건조,맑음,단일로 - 지하차도(도로)내,승용,여,26세,상해없음,이륜,남,77세,중상
2018081400100166,2018년 8월 14일 09시,화요일,충청북도 청주시 흥덕구 가경동,중상사고,0,1,0,0,차대사람 - 기타,안전운전불이행,건조,맑음,교차로 - 교차로부근,승용,남,65세,상해없음,보행자,여,81세,중상
2018081400100225,2018년 8월 14일 11시,화요일,충청북도 제천시 청전동,경상사고,0,0,1,0,차대사람 - 기타,안전운전불이행,건조,맑음,단일로 - 기타,화물,남,32세,상해없음,보행자,여,44세,경상
2018081400100291,2018년 8월 14일 13시,화요일,충청북도 청주시 서원구 성화동,경상사고,0,0,1,0,차대차 - 추돌,불법유턴,건조,맑음,단일로 - 기타,승용,여,51세,상해없음,이륜,남,26세,경상
2018081400100292,2018년 8월 14일 13시,화요일,충청북도 괴산군 연풍면,경상사고,0,0,2,0,차대차 - 추돌,안전운전불이행,건조,맑음,단일로 - 기타,화물,남,33세,상해없음,승용,여,52세,경상
2018081400100329,2018년 8월 14일 14시,화요일,충청북도 제천시 송학면,경상사고,0,0,1,0,차대차 - 측면충돌,안전운전불이행,건조,맑음,단일로 - 고가도로위,화물,남,51세,상해없음,승용,남,65세,경상
2018081400100330,2018년 8월 14일 14시,화요일,충청북도 청주시 상당구 석교동,중상사고,0,1,0,0,차대사람 - 횡단중,안전운전불이행,건조,맑음,단일로 - 지하차도(도로)내,이륜,남,51세,상해없음,보행자,남,83세,중상
2018081400100362,2018년 8월 14일 15시,화요일,충청북도 청주시 서원구 장암동,중상사고,0,1,0,0,차대차 - 정면충돌,신호위반,건조,맑음,교차로 - 교차로안,승용,남,77세,상해없음,이륜,남,40세,중상
2018081400100396,2018년 8월 14일 16시,화요일,충청북도 제천시 신백동,경상사고,0,0,1,0,차대차 - 측면충돌,안전운전불이행,건조,맑음,교차로 - 교차로안,승용,여,39세,상해없음,승용,여,51세,경상
2018081400100397,2018년 8월 14일 16시,화요일,충청북도 증평군 증평읍,경상사고,0,0,3,0,차대차 - 측면충돌,직진우회전진행방해,건조,맑음,교차로 - 교차로안,승용,여,45세,경상,승용,남,38세,경상
2018081400100445,2018년 8월 14일 17시,화요일,충청북도 청주시 청원구 내덕동,경상사고,0,0,2,0,차대차 - 기타,안전운전불이행,건조,맑음,교차로 - 교차로안,승용,남,63세,상해없음,승용,남,33세,경상
2018081400100501,2018년 8월 14일 18시,화요일,충청북도 충주시 호암동,경상사고,0,0,1,0,차대차 - 기타,차로위반,건조,맑음,단일로 - 기타,승용,여,46세,상해없음,승용,여,56세,경상
2018081400100502,2018년 8월 14일 18시,화요일,충청북도 충주시 노은면,부상신고사고,0,0,0,1,차량단독 - 전도전복 - 전복,안전운전불이행,건조,맑음,기타 - 기타,승용,남,61세,부상신고,미분류,미분류,미분류,미분류
2018081400100503,2018년 8월 14일 18시,화요일,충청북도 청주시 서원구 성화동,경상사고,0,0,2,0,차대차 - 측면충돌,교차로운행방법위반,건조,맑음,교차로 - 교차로안,승용,남,78세,상해없음,승용,남,34세,경상
2018081400100504,2018년 8월 14일 18시,화요일,충청북도 청주시 상당구 용담동,중상사고,0,1,0,0,차대차 - 측면충돌,안전운전불이행,건조,맑음,교차로 - 교차로안,자전거,남,9세,중상,승용,여,26세,상해없음
2018081400100549,2018년 8월 14일 19시,화요일,충청북도 진천군 이월면,경상사고,0,0,1,0,차대차 - 기타,안전운전불이행,건조,맑음,교차로 - 교차로안,기타불명,기타불명,미분류,기타불명,승용,여,34세,경상
2018081400100550,2018년 8월 14일 19시,화요일,충청북도 청주시 흥덕구 정봉동,경상사고,0,0,1,0,차대차 - 기타,안전운전불이행,건조,맑음,교차로 - 교차로안,승용,남,29세,경상,승용,남,23세,상해없음
2018081400100580,2018년 8월 14일 20시,화요일,충청북도 제천시 모산동,중상사고,0,1,0,0,차대사람 - 횡단중,보행자보호의무위반,건조,맑음,교차로 - 교차로횡단보도내,승용,남,24세,상해없음,보행자,여,67세,중상
2018081400100581,2018년 8월 14일 20시,화요일,충청북도 청주시 서원구 모충동,경상사고,0,0,2,0,차대차 - 추돌,안전운전불이행,건조,맑음,교차로 - 교차로부근,승용,남,57세,상해없음,승용,여,37세,경상
2018081400100636,2018년 8월 14일 22시,화요일,충청북도 음성군 대소면,경상사고,0,0,1,0,차량단독 - 공작물충돌,안전운전불이행,건조,맑음,주차장 - 주차장,승용,남,66세,경상,,,,
2018081400100637,2018년 8월 14일 22시,화요일,충청북도 음성군 금왕읍,경상사고,0,0,1,0,차대차 - 정면충돌,교차로운행방법위반,건조,맑음,교차로 - 교차로안,승용,여,40세,경상,승용,남,59세,상해없음
2018081500100054,2018년 8월 15일 03시,수요일,충청북도 청주시 흥덕구 운천동,경상사고,0,0,2,0,차대차 - 측면충돌,신호위반,건조,맑음,교차로 - 교차로안,승용,남,64세,상해없음,승용,남,39세,경상
2018081500100082,2018년 8월 15일 06시,수요일,충청북도 괴산군 괴산읍,경상사고,0,0,1,0,차대차 - 추돌,안전운전불이행,건조,맑음,단일로 - 기타,화물,남,58세,경상,화물,남,37세,상해없음
2018081500100102,2018년 8월 15일 07시,수요일,충청북도 청주시 흥덕구 옥산면,사망사고,1,0,0,0,차대차 - 기타,안전운전불이행,건조,맑음,단일로 - 기타,승용,남,31세,상해없음,농기계,남,78세,사망
2018081500100163,2018년 8월 15일 10시,수요일,충청북도 영동군 영동읍,경상사고,0,0,1,0,차대사람 - 횡단중,보행자보호의무위반,건조,맑음,단일로 - 기타,이륜,남,55세,상해없음,보행자,남,18세,경상
2018081500100164,2018년 8월 15일 10시,수요일,충청북도 청주시 상당구 문의면,경상사고,0,0,1,0,차대차 - 측면충돌,중앙선침범,건조,맑음,단일로 - 지하차도(도로)내,원동기,남,71세,경상,승용,남,43세,상해없음
2018081500100210,2018년 8월 15일 12시,수요일,충청북도 제천시 고명동,경상사고,0,0,1,0,차대차 - 추돌,안전거리미확보,건조,맑음,단일로 - 지하차도(도로)내,승용,남,39세,상해없음,승용,남,56세,경상
2018081500100211,2018년 8월 15일 12시,수요일,충청북도 청주시 흥덕구 복대동,중상사고,0,1,2,0,차대차 - 측면충돌,신호위반,건조,맑음,교차로 - 교차로안,승용,남,71세,중상,승용,남,30세,경상
2018081500100212,2018년 8월 15일 12시,수요일,충청북도 청주시 흥덕구 비하동,경상사고,0,0,3,0,차대차 - 측면충돌,안전운전불이행,건조,맑음,단일로 - 기타,승용,여,27세,경상,승용,남,58세,경상
2018081500100248,2018년 8월 15일 13시,수요일,충청북도 괴산군 청천면,경상사고,0,0,2,0,차대차 - 측면충돌,불법유턴,건조,맑음,단일로 - 기타,승용,여,57세,상해없음,이륜,남,52세,경상
2018081500100249,2018년 8월 15일 13시,수요일,충청북도 진천군 이월면,사망사고,1,0,0,0,차량단독 - 전도전복 - 전도,안전운전불이행,건조,맑음,단일로 - 기타,사륜오토바이(ATV),남,71세,사망,미분류,미분류,미분류,미분류
2018081500100276,2018년 8월 15일 14시,수요일,충청북도 청주시 청원구 우암동,경상사고,0,0,1,0,차대사람 - 기타,안전운전불이행,건조,맑음,단일로 - 기타,승용,남,75세,상해없음,보행자,여,52세,경상
2018081500100277,2018년 8월 15일 14시,수요일,충청북도 제천시 청전동,경상사고,0,0,1,0,차대차 - 측면충돌,직진우회전진행방해,건조,맑음,교차로 - 교차로부근,승용,남,39세,상해없음,승용,여,31세,경상
2018081500100306,2018년 8월 15일 15시,수요일,충청북도 충주시 문화동,경상사고,0,0,1,0,차대차 - 측면충돌,안전운전불이행,건조,맑음,기타 - 기타,화물,남,49세,상해없음,승용,여,47세,경상
2018081500100307,2018년 8월 15일 15시,수요일,충청북도 청주시 상당구 서문동,경상사고,0,0,2,0,차대차 - 측면충돌,교차로운행방법위반,건조,맑음,교차로 - 교차로안,승용,여,40세,상해없음,승용,남,28세,경상
2018081500100347,2018년 8월 15일 16시,수요일,충청북도 청주시 흥덕구 신봉동,중상사고,0,1,0,0,차대사람 - 기타,안전운전불이행,건조,맑음,교차로 - 교차로안,승용,남,45세,상해없음,보행자,남,54세,중상
2018081500100348,2018년 8월 15일 16시,수요일,충청북도 청주시 서원구 모충동,중상사고,0,1,0,0,차대차 - 측면충돌,교차로운행방법위반,건조,맑음,교차로 - 교차로안,이륜,여,50세,중상,승용,남,23세,상해없음
2018081500100349,2018년 8월 15일 16시,수요일,충청북도 청주시 상당구 용암동,경상사고,0,0,4,0,차대차 - 기타,안전운전불이행,건조,맑음,교차로 - 교차로안,건설기계,남,60세,상해없음,승용,남,31세,경상
2018081500100410,2018년 8월 15일 18시,수요일,충청북도 충주시 소태면,경상사고,0,0,1,0,차대차 - 기타,안전운전불이행,건조,맑음,단일로 - 기타,사륜오토바이(ATV),남,69세,상해없음,승용,여,26세,경상
2018081500100411,2018년 8월 15일 18시,수요일,충청북도 단양군 단양읍,중상사고,0,1,0,0,차대차 - 추돌,기타,건조,맑음,단일로 - 기타,개인형이동수단(PM),남,49세,상해없음,개인형이동수단(PM),남,46세,중상
2018081500100436,2018년 8월 15일 19시,수요일,충청북도 충주시 교현동,중상사고,0,1,0,0,차대사람 - 횡단중,신호위반,건조,맑음,교차로 - 교차로횡단보도내,이륜,남,17세,상해없음,보행자,여,28세,중상
2018081500100459,2018년 8월 15일 20시,수요일,충청북도 제천시 의림동,경상사고,0,0,1,0,차대차 - 측면충돌,안전운전불이행,건조,맑음,교차로 - 교차로안,원동기,남,20세,경상,승용,여,46세,상해없음
2018081500100494,2018년 8월 15일 21시,수요일,충청북도 충주시 용산동,경상사고,0,0,1,0,차대사람 - 횡단중,보행자보호의무위반,건조,맑음,단일로 - 기타,승용,여,44세,상해없음,보행자,남,63세,경상
2018081500100495,2018년 8월 15일 21시,수요일,충청북도 청주시 상당구 용암동,경상사고,0,0,1,0,차대차 - 측면충돌,중앙선침범,건조,맑음,단일로 - 기타,승용,남,65세,상해없음,승용,남,27세,경상
2018081500100496,2018년 8월 15일 21시,수요일,충청북도 청주시 서원구 현도면,경상사고,0,0,1,0,차대차 - 측면충돌,안전운전불이행,건조,맑음,단일로 - 기타,승용,남,48세,상해없음,승용,남,31세,경상
2018081600100008,2018년 8월 16일 00시,목요일,충청북도 청주시 서원구 산남동,경상사고,0,0,2,0,차대차 - 추돌,안전운전불이행,건조,맑음,교차로 - 교차로부근,승용,남,62세,상해없음,승용,남,26세,경상
2018081600100028,2018년 8월 16일 02시,목요일,충청북도 청주시 흥덕구 송정동,중상사고,0,1,0,1,차대차 - 정면충돌,신호위반,건조,맑음,교차로 - 교차로안,승용,남,46세,부상신고,화물,남,44세,중상
2018081600100048,2018년 8월 16일 05시,목요일,충청북도 충주시 칠금동,중상사고,0,1,0,0,차대차 - 측면충돌,안전운전불이행,건조,맑음,교차로 - 교차로안,승용,남,47세,상해없음,자전거,남,79세,중상
2018081600100049,2018년 8월 16일 05시,목요일,충청북도 청주시 서원구 개신동,경상사고,0,0,1,0,차대사람 - 횡단중,안전운전불이행,건조,맑음,교차로 - 교차로안,승용,남,54세,상해없음,보행자,남,19세,경상
2018081600100077,2018년 8월 16일 07시,목요일,충청북도 청주시 청원구 율량동,중상사고,0,2,0,0,차대차 - 측면충돌,신호위반,건조,맑음,교차로 - 교차로안,승용,남,26세,중상,화물,남,42세,중상
2018081600100078,2018년 8월 16일 07시,목요일,충청북도 청주시 서원구 현도면,중상사고,0,1,0,0,차대차 - 측면충돌,안전운전불이행,건조,맑음,교차로 - 교차로안,승합,남,54세,상해없음,승용,여,27세,중상
2018081600100102,2018년 8월 16일 08시,목요일,충청북도 충주시 봉방동,중상사고,0,1,1,0,차대차 - 기타,안전운전불이행,건조,맑음,단일로 - 기타,승용,남,41세,상해없음,이륜,남,18세,중상
2018081600100103,2018년 8월 16일 08시,목요일,충청북도 진천군 덕산면,경상사고,0,0,1,0,차대차 - 기타,기타,건조,맑음,단일로 - 기타,승용,여,42세,상해없음,자전거,남,54세,경상
2018081600100152,2018년 8월 16일 09시,목요일,충청북도 충주시 목행동,경상사고,0,0,1,0,차대차 - 기타,신호위반,건조,맑음,교차로 - 교차로안,화물,남,75세,상해없음,승용,여,43세,경상
2018081600100153,2018년 8월 16일 09시,목요일,충청북도 제천시 명동,경상사고,0,0,3,0,차대차 - 측면충돌,교차로운행방법위반,건조,맑음,교차로 - 교차로안,승용,여,47세,경상,승용,남,69세,경상
2018081600100154,2018년 8월 16일 09시,목요일,충청북도 진천군 진천읍,사망사고,1,0,0,0,차대차 - 측면충돌,신호위반,건조,맑음,교차로 - 교차로안,특수,남,42세,상해없음,이륜,남,77세,사망
2018081600100155,2018년 8월 16일 09시,목요일,충청북도 청주시 서원구 죽림동,경상사고,0,0,2,0,차대차 - 추돌,안전거리미확보,건조,맑음,교차로 - 교차로부근,승용,남,31세,경상,승용,남,33세,경상
2018081600100232,2018년 8월 16일 11시,목요일,충청북도 단양군 매포읍,경상사고,0,0,1,0,차대차 - 기타,기타,젖음/습기,맑음,단일로 - 기타,화물,남,47세,상해없음,건설기계,남,59세,경상
2018081600100233,2018년 8월 16일 11시,목요일,충청북도 청주시 상당구 용암동,경상사고,0,0,1,0,차대차 - 기타,안전운전불이행,건조,맑음,단일로 - 기타,승용,남,76세,상해없음,승용,남,53세,경상
2018081600100299,2018년 8월 16일 13시,목요일,충청북도 옥천군 안내면,중상사고,0,1,0,0,차대차 - 측면충돌,중앙선침범,건조,맑음,단일로 - 기타,화물,남,76세,상해없음,승용,남,70세,중상
2018081600100300,2018년 8월 16일 13시,목요일,충청북도 청주시 흥덕구 오송읍,중상사고,0,1,0,0,차대차 - 기타,교차로운행방법위반,건조,맑음,교차로 - 교차로안,건설기계,남,56세,상해없음,이륜,남,38세,중상
2018081600100345,2018년 8월 16일 14시,목요일,충청북도 청주시 서원구 사직동,경상사고,0,0,1,0,차대차 - 측면충돌,안전운전불이행,건조,맑음,단일로 - 기타,화물,남,40세,상해없음,자전거,남,67세,경상
2018081600100378,2018년 8월 16일 15시,목요일,충청북도 음성군 대소면,경상사고,0,0,2,0,차대차 - 측면충돌,교차로운행방법위반,건조,맑음,교차로 - 교차로안,승용,남,68세,경상,승용,여,47세,경상
2018081600100411,2018년 8월 16일 16시,목요일,충청북도 괴산군 불정면,사망사고,1,0,0,0,차량단독 - 도로외이탈 - 추락,안전운전불이행,건조,맑음,교차로 - 교차로안,원동기,남,90세 이상,사망,,,,
2018081600100412,2018년 8월 16일 16시,목요일,충청북도 청주시 서원구 미평동,경상사고,0,0,1,0,차대차 - 측면충돌,안전운전불이행,건조,맑음,단일로 - 지하차도(도로)내,승용,여,49세,경상,승합,남,45세,상해없음
2018081600100469,2018년 8월 16일 17시,목요일,충청북도 괴산군 괴산읍,경상사고,0,0,2,0,차대차 - 기타,불법유턴,건조,맑음,단일로 - 기타,승용,여,52세,상해없음,화물,남,69세,경상
2018081600100537,2018년 8월 16일 19시,목요일,충청북도 제천시 하소동,경상사고,0,0,3,0,차대차 - 추돌,안전거리미확보,건조,맑음,교차로 - 교차로안,승용,남,56세,상해없음,승용,남,59세,경상
2018081600100569,2018년 8월 16일 20시,목요일,충청북도 청주시 흥덕구 봉명동,경상사고,0,0,1,0,차대차 - 측면충돌,안전운전불이행,건조,맑음,단일로 - 기타,승용,남,66세,상해없음,승용,남,60세,경상
2018081700100011,2018년 8월 17일 00시,금요일,충청북도 음성군 생극면,중상사고,0,1,1,0,차대차 - 추돌,안전운전불이행,건조,맑음,단일로 - 기타,승용,남,31세,중상,화물,남,36세,경상
2018081700100021,2018년 8월 17일 01시,금요일,충청북도 청주시 서원구 남이면,경상사고,0,0,1,0,차대차 - 기타,안전운전불이행,건조,맑음,교차로 - 교차로부근,승용,남,37세,상해없음,승합,남,41세,경상
2018081700100052,2018년 8월 17일 05시,금요일,충청북도 청주시 상당구 용암동,중상사고,0,2,0,0,차대차 - 추돌,안전운전불이행,건조,맑음,단일로 - 기타,승용,남,34세,상해없음,화물,남,66세,중상
2018081700100069,2018년 8월 17일 06시,금요일,충청북도 제천시 천남동,경상사고,0,0,2,0,차대차 - 측면충돌,안전거리미확보,건조,맑음,교차로 - 교차로부근,승용,남,78세,경상,화물,남,62세,경상
2018081700100070,2018년 8월 17일 06시,금요일,충청북도 청주시 흥덕구 오송읍,경상사고,0,0,1,0,차대차 - 측면충돌,안전운전불이행,건조,맑음,교차로 - 교차로안,화물,남,51세,상해없음,승용,남,35세,경상
2018081700100093,2018년 8월 17일 07시,금요일,충청북도 청주시 상당구 북문로2가동,경상사고,0,0,1,0,차대차 - 추돌,안전운전불이행,건조,맑음,교차로 - 교차로부근,기타불명,기타불명,미분류,기타불명,승용,여,26세,경상
2018081700100094,2018년 8월 17일 07시,금요일,충청북도 청주시 서원구 사창동,경상사고,0,0,1,0,차대차 - 기타,안전운전불이행,건조,맑음,단일로 - 기타,승용,남,29세,상해없음,승용,남,45세,경상
2018081700100134,2018년 8월 17일 08시,금요일,충청북도 음성군 대소면,경상사고,0,0,1,0,차대차 - 추돌,안전거리미확보,건조,맑음,단일로 - 기타,승용,남,22세,상해없음,승용,남,33세,경상
2018081700100135,2018년 8월 17일 08시,금요일,충청북도 단양군 가곡면,경상사고,0,0,1,0,차대차 - 기타,과속,건조,맑음,교차로 - 교차로안,승용,남,25세,상해없음,화물,남,57세,경상
2018081700100164,2018년 8월 17일 09시,금요일,충청북도 청주시 서원구 수곡동,중상사고,0,1,0,0,차대사람 - 차도통행중,안전운전불이행,건조,맑음,단일로 - 지하차도(도로)내,화물,남,53세,상해없음,보행자,여,78세,중상
2018081700100241,2018년 8월 17일 11시,금요일,충청북도 청주시 상당구 북문로2가동,경상사고,0,0,2,0,차대차 - 추돌,안전운전불이행,건조,맑음,교차로 - 교차로부근,승용,남,46세,상해없음,승용,남,26세,경상
2018081700100243,2018년 8월 17일 11시,금요일,충청북도 옥천군 옥천읍,중상사고,0,1,1,0,차대차 - 추돌,안전운전불이행,건조,맑음,단일로 - 기타,승용,여,74세,상해없음,화물,남,35세,중상
2018081700100244,2018년 8월 17일 11시,금요일,충청북도 진천군 이월면,사망사고,1,0,2,0,차대차 - 추돌,안전운전불이행,건조,맑음,단일로 - 기타,승용,남,67세,상해없음,승용,여,39세,경상
2018081700100269,2018년 8월 17일 12시,금요일,충청북도 음성군 대소면,사망사고,1,0,1,0,차대차 - 정면충돌,중앙선침범,건조,맑음,단일로 - 기타,화물,남,57세,사망,화물,남,35세,경상
2018081700100270,2018년 8월 17일 12시,금요일,충청북도 청주시 서원구 수곡동,경상사고,0,0,1,0,차대사람 - 횡단중,보행자보호의무위반,건조,맑음,교차로 - 교차로횡단보도내,승용,여,51세,상해없음,보행자,여,41세,경상
2018081700100303,2018년 8월 17일 13시,금요일,충청북도 제천시 교동,중상사고,0,1,0,0,차대차 - 측면충돌,안전운전불이행,건조,맑음,단일로 - 기타,농기계,남,82세,중상,화물,남,45세,기타불명
2018081700100341,2018년 8월 17일 14시,금요일,충청북도 영동군 황간면,중상사고,0,1,0,0,차대차 - 측면충돌,안전운전불이행,건조,맑음,교차로 - 교차로안,이륜,여,71세,중상,승용,남,63세,상해없음
2018081700100342,2018년 8월 17일 14시,금요일,충청북도 청주시 흥덕구 오송읍,경상사고,0,0,1,0,차대차 - 기타,안전운전불이행,건조,맑음,교차로 - 교차로안,승용,남,48세,상해없음,승용,남,73세,경상
2018081700100426,2018년 8월 17일 16시,금요일,충청북도 청주시 청원구 내수읍,중상사고,0,1,1,0,차대차 - 기타,안전운전불이행,건조,맑음,단일로 - 기타,승용,남,64세,경상,승용,여,57세,중상
2018081700100427,2018년 8월 17일 16시,금요일,충청북도 제천시 남천동,경상사고,0,0,1,0,차대차 - 측면충돌,교차로운행방법위반,건조,맑음,교차로 - 교차로안,승용,여,61세,상해없음,화물,여,67세,경상
2018081700100428,2018년 8월 17일 16시,금요일,충청북도 청주시 흥덕구 봉명동,경상사고,0,0,1,0,차대차 - 측면충돌,신호위반,건조,맑음,교차로 - 교차로안,승용,남,57세,상해없음,이륜,남,47세,경상
2018081700100429,2018년 8월 17일 16시,금요일,충청북도 청주시 흥덕구 운천동,경상사고,0,0,1,1,차대차 - 측면충돌,차로위반,건조,맑음,단일로 - 기타,승용,여,62세,부상신고,승용,여,59세,경상