사고번호,사고일시,요일,시군구,사고내용,사망자수,중상자수,경상자수,부상신고자수,사고유형,법규위반,노면상태,기상상태,도로형태,가해운전자 차종,가해운전자 성별,가해운전자 연령,가해운전자 상해정도,피해운전자 차종,피해운전자 성별,피해운전자 연령,피해운전자 상해정도
2018081700100430,2018년 8월 17일 16시,금요일,충청북도 청주시 서원구 모충동,중상사고,0,1,1,0,차대차 - 측면충돌,안전운전불이행,건조,맑음,교차로 - 교차로안,이륜,남,20세,경상,승용,여,29세,중상
2018081700100533,2018년 8월 17일 18시,금요일,충청북도 청주시 청원구 우암동,경상사고,0,0,1,0,차대차 - 기타,안전운전불이행,건조,맑음,교차로 - 교차로부근,자전거,남,62세,경상,승합,남,61세,기타불명
2018081700100534,2018년 8월 17일 18시,금요일,충청북도 청주시 상당구 용담동,중상사고,0,1,0,0,차대사람 - 기타,안전운전불이행,건조,맑음,교차로 - 교차로안,승용,남,25세,상해없음,보행자,남,11세,중상
2018081700100577,2018년 8월 17일 19시,금요일,충청북도 영동군 학산면,경상사고,0,0,1,0,차대차 - 정면충돌,중앙선침범,건조,맑음,단일로 - 기타,승용,남,61세,상해없음,승용,남,46세,경상
2018081700100578,2018년 8월 17일 19시,금요일,충청북도 진천군 초평면,경상사고,0,0,1,0,차대차 - 추돌,안전거리미확보,건조,맑음,단일로 - 기타,승합,남,49세,상해없음,승용,남,47세,경상
2018081700100613,2018년 8월 17일 20시,금요일,충청북도 영동군 영동읍,경상사고,0,0,2,0,차대차 - 측면충돌,안전운전불이행,건조,맑음,교차로 - 교차로안,승용,여,54세,경상,승용,남,62세,경상
2018081700100676,2018년 8월 17일 22시,금요일,충청북도 청주시 청원구 오창읍,경상사고,0,0,3,0,차대차 - 기타,안전운전불이행,건조,맑음,교차로 - 교차로부근,승용,여,35세,상해없음,승용,남,32세,경상
2018081700100677,2018년 8월 17일 22시,금요일,충청북도 제천시 청전동,경상사고,0,0,1,0,차대차 - 측면충돌,안전운전불이행,건조,맑음,단일로 - 기타,승용,남,60세,상해없음,이륜,남,17세,경상
2018081800100026,2018년 8월 18일 01시,토요일,충청북도 청주시 서원구 사창동,경상사고,0,0,1,0,차대차 - 기타,안전운전불이행,건조,맑음,단일로 - 기타,승용,남,24세,상해없음,이륜,남,32세,경상
2018081800100027,2018년 8월 18일 01시,토요일,충청북도 청주시 흥덕구 석소동,부상신고사고,0,0,0,1,차량단독 - 공작물충돌,안전운전불이행,건조,맑음,단일로 - 기타,승용,남,31세,부상신고,,,,
2018081800100076,2018년 8월 18일 05시,토요일,충청북도 진천군 이월면,중상사고,0,1,0,0,차대사람 - 기타,안전운전불이행,건조,맑음,단일로 - 기타,승용,남,74세,상해없음,보행자,남,64세,중상
2018081800100090,2018년 8월 18일 06시,토요일,충청북도 괴산군 괴산읍,중상사고,0,1,0,0,차대사람 - 횡단중,신호위반,건조,맑음,교차로 - 교차로부근,승용,남,67세,상해없음,보행자,여,78세,중상
2018081800100126,2018년 8월 18일 08시,토요일,충청북도 청주시 서원구 사창동,경상사고,0,0,2,0,차대사람 - 횡단중,신호위반,건조,맑음,교차로 - 교차로부근,승용,남,32세,상해없음,보행자,여,20세,경상
2018081800100127,2018년 8월 18일 08시,토요일,충청북도 청주시 서원구 남이면,경상사고,0,0,1,0,차대차 - 추돌,안전거리미확보,건조,맑음,교차로 - 교차로안,건설기계,남,45세,상해없음,승용,남,45세,경상
2018081800100195,2018년 8월 18일 10시,토요일,충청북도 청주시 청원구 오창읍,부상신고사고,0,0,0,1,차량단독 - 기타,안전운전불이행,건조,맑음,단일로 - 기타,승용,남,29세,부상신고,,,,
2018081800100196,2018년 8월 18일 10시,토요일,충청북도 제천시 영천동,경상사고,0,0,4,0,차대차 - 정면충돌,교차로운행방법위반,건조,맑음,교차로 - 교차로안,승용,여,32세,상해없음,승용,남,32세,경상
2018081800100197,2018년 8월 18일 10시,토요일,충청북도 진천군 진천읍,경상사고,0,0,1,0,차대차 - 추돌,안전운전불이행,건조,맑음,단일로 - 기타,승용,남,23세,상해없음,화물,남,35세,경상
2018081800100268,2018년 8월 18일 12시,토요일,충청북도 진천군 광혜원면,경상사고,0,0,1,0,차대차 - 기타,안전운전불이행,건조,맑음,교차로 - 교차로부근,승용,남,53세,상해없음,승용,남,29세,경상
2018081800100269,2018년 8월 18일 12시,토요일,충청북도 청주시 흥덕구 가경동,중상사고,0,1,3,0,차대사람 - 횡단중,신호위반,건조,맑음,교차로 - 교차로안,승용,남,65세,경상,보행자,남,73세,중상
2018081800100301,2018년 8월 18일 13시,토요일,충청북도 증평군 증평읍,경상사고,0,0,1,0,차대차 - 측면충돌,안전운전불이행,건조,맑음,교차로 - 교차로안,승용,남,39세,상해없음,승용,남,45세,상해없음
2018081800100302,2018년 8월 18일 13시,토요일,충청북도 진천군 문백면,경상사고,0,0,1,0,차대차 - 측면충돌,차로위반,건조,맑음,기타 - 기타,승용,남,59세,상해없음,승용,여,45세,경상
2018081800100331,2018년 8월 18일 14시,토요일,충청북도 청주시 청원구 내수읍,경상사고,0,0,2,0,차대차 - 기타,교차로운행방법위반,건조,맑음,교차로 - 교차로안,승용,남,40세,경상,승용,남,64세,경상
2018081800100332,2018년 8월 18일 14시,토요일,충청북도 음성군 소이면,중상사고,0,1,4,0,차대차 - 정면충돌,안전운전불이행,건조,맑음,교차로 - 교차로안,승용,남,67세,경상,이륜,남,34세,중상
2018081800100333,2018년 8월 18일 14시,토요일,충청북도 청주시 흥덕구 봉명동,중상사고,0,1,0,0,차대사람 - 횡단중,안전운전불이행,건조,맑음,교차로 - 교차로안,승용,여,68세,상해없음,보행자,여,82세,중상
2018081800100334,2018년 8월 18일 14시,토요일,충청북도 청주시 상당구 미원면,중상사고,0,1,1,1,차대차 - 정면충돌,중앙선침범,건조,맑음,단일로 - 기타,승용,남,66세,부상신고,화물,남,47세,경상
2018081800100381,2018년 8월 18일 15시,토요일,충청북도 음성군 삼성면,중상사고,0,1,1,0,차대차 - 정면충돌,중앙선침범,건조,맑음,단일로 - 기타,승용,남,56세,중상,건설기계,남,51세,경상
2018081800100419,2018년 8월 18일 16시,토요일,충청북도 청주시 청원구 오창읍,경상사고,0,0,1,0,차대차 - 기타,안전거리미확보,건조,맑음,단일로 - 기타,승합,남,61세,상해없음,승합,남,50세,경상
2018081800100420,2018년 8월 18일 16시,토요일,충청북도 청주시 흥덕구 가경동,경상사고,0,0,1,0,차대차 - 측면충돌,교차로운행방법위반,건조,맑음,교차로 - 교차로안,승용,남,55세,상해없음,승용,여,65세,경상
2018081800100421,2018년 8월 18일 16시,토요일,충청북도 청주시 서원구 모충동,중상사고,0,1,0,0,차대사람 - 길가장자리구역통행중,안전운전불이행,젖음/습기,맑음,단일로 - 기타,화물,남,56세,상해없음,보행자,남,36세,중상
2018081800100452,2018년 8월 18일 17시,토요일,충청북도 영동군 양강면,사망사고,1,0,0,0,차대차 - 정면충돌,안전운전불이행,건조,맑음,교차로 - 교차로안,화물,남,73세,상해없음,이륜,남,73세,사망
2018081800100453,2018년 8월 18일 17시,토요일,충청북도 청주시 상당구 문화동,경상사고,0,0,2,0,차대차 - 측면충돌,안전운전불이행,건조,맑음,교차로 - 교차로안,이륜,남,67세,경상,승용,남,21세,경상
2018081800100454,2018년 8월 18일 17시,토요일,충청북도 청주시 상당구 미원면,중상사고,0,1,1,0,차대차 - 추돌,안전운전불이행,건조,맑음,교차로 - 교차로안,승합,남,64세,상해없음,화물,남,40세,중상
2018081800100483,2018년 8월 18일 18시,토요일,충청북도 충주시 단월동,중상사고,0,2,0,0,차대차 - 기타,안전거리미확보,건조,맑음,단일로 - 기타,승용,여,59세,중상,승용,여,38세,중상
2018081800100520,2018년 8월 18일 19시,토요일,충청북도 음성군 감곡면,중상사고,0,1,0,0,차대차 - 측면충돌,안전운전불이행,건조,맑음,교차로 - 교차로안,승용,남,26세,상해없음,이륜,남,55세,중상
2018081800100586,2018년 8월 18일 21시,토요일,충청북도 영동군 영동읍,경상사고,0,0,1,0,차대차 - 측면충돌,안전운전불이행,건조,맑음,교차로 - 교차로안,승용,남,38세,상해없음,승용,여,49세,경상
2018081800100587,2018년 8월 18일 21시,토요일,충청북도 청주시 흥덕구 가경동,경상사고,0,0,2,0,차대차 - 기타,교차로운행방법위반,건조,맑음,교차로 - 교차로안,승용,여,21세,경상,승용,남,44세,경상
2018081800100615,2018년 8월 18일 22시,토요일,충청북도 청주시 청원구 사천동,중상사고,0,1,0,0,차대사람 - 기타,보행자보호의무위반,건조,맑음,교차로 - 교차로부근,승용,남,43세,상해없음,보행자,여,55세,중상
2018081800100616,2018년 8월 18일 22시,토요일,충청북도 청주시 흥덕구 옥산면,중상사고,0,1,0,0,차대차 - 측면충돌,안전운전불이행,건조,맑음,단일로 - 기타,승용,남,49세,중상,화물,남,44세,기타불명
2018081900100009,2018년 8월 19일 00시,일요일,충청북도 청주시 서원구 사직동,경상사고,0,0,1,0,차대사람 - 기타,안전운전불이행,건조,맑음,단일로 - 기타,승용,남,40세,상해없음,보행자,남,38세,경상
2018081900100010,2018년 8월 19일 00시,일요일,충청북도 음성군 삼성면,경상사고,0,0,2,0,차대차 - 측면충돌,중앙선침범,건조,맑음,단일로 - 기타,승용,남,27세,상해없음,승용,남,41세,경상
2018081900100071,2018년 8월 19일 04시,일요일,충청북도 청주시 흥덕구 옥산면,경상사고,0,0,1,1,차량단독 - 전도전복 - 전도,안전운전불이행,건조,맑음,단일로 - 기타,이륜,남,16세,부상신고,미분류,미분류,미분류,미분류
2018081900100095,2018년 8월 19일 06시,일요일,충청북도 음성군 원남면,사망사고,1,0,1,0,차대차 - 추돌,안전운전불이행,건조,맑음,단일로 - 기타,승용,남,23세,경상,농기계,남,67세,사망
2018081900100174,2018년 8월 19일 11시,일요일,충청북도 제천시 중앙로1가,경상사고,0,0,1,0,차대차 - 측면충돌,안전운전불이행,건조,맑음,교차로 - 교차로안,승용,남,60세,상해없음,승용,여,45세,경상
2018081900100175,2018년 8월 19일 11시,일요일,충청북도 영동군 황간면,경상사고,0,0,1,0,차대차 - 측면충돌,안전운전불이행,건조,맑음,교차로 - 교차로안,화물,남,62세,상해없음,이륜,여,67세,경상
2018081900100176,2018년 8월 19일 11시,일요일,충청북도 단양군 가곡면,부상신고사고,0,0,0,1,차대차 - 추돌,안전운전불이행,건조,맑음,단일로 - 교량,화물,남,31세,부상신고,화물,남,57세,상해없음
2018081900100177,2018년 8월 19일 11시,일요일,충청북도 청주시 흥덕구 비하동,경상사고,0,0,1,0,차대차 - 측면충돌,교차로운행방법위반,건조,맑음,교차로 - 교차로안,승용,남,34세,상해없음,승합,남,33세,경상
2018081900100178,2018년 8월 19일 11시,일요일,충청북도 청주시 서원구 분평동,경상사고,0,0,2,0,차대차 - 추돌,안전운전불이행,건조,맑음,단일로 - 지하차도(도로)내,화물,남,57세,상해없음,승합,남,48세,경상
2018081900100179,2018년 8월 19일 11시,일요일,충청북도 청주시 상당구 낭성면,경상사고,0,0,1,0,차대차 - 측면충돌,중앙선침범,건조,맑음,교차로 - 교차로부근,승용,남,29세,상해없음,화물,남,52세,경상
2018081900100197,2018년 8월 19일 12시,일요일,충청북도 제천시 청전동,중상사고,0,1,0,0,차대차 - 추돌,안전운전불이행,건조,맑음,교차로 - 교차로부근,승용,남,37세,상해없음,승합,남,56세,중상
2018081900100198,2018년 8월 19일 12시,일요일,충청북도 청주시 상당구 방서동,중상사고,0,1,0,0,차대사람 - 횡단중,안전운전불이행,건조,맑음,단일로 - 지하차도(도로)내,승용,남,44세,상해없음,보행자,여,61세,중상
2018081900100199,2018년 8월 19일 12시,일요일,충청북도 청주시 서원구 수곡동,경상사고,0,0,1,0,차대차 - 정면충돌,교차로운행방법위반,건조,맑음,교차로 - 교차로안,원동기,남,29세,경상,승용,남,30세,상해없음
2018081900100263,2018년 8월 19일 14시,일요일,충청북도 단양군 단양읍,중상사고,0,1,0,0,차대사람 - 차도통행중,안전운전불이행,건조,맑음,단일로 - 기타,승용,남,74세,상해없음,보행자,남,67세,중상
2018081900100264,2018년 8월 19일 14시,일요일,충청북도 충주시 산척면,중상사고,0,2,0,0,차대차 - 기타,안전운전불이행,건조,맑음,교차로 - 교차로안,승용,남,47세,상해없음,승용,남,33세,중상
2018081900100324,2018년 8월 19일 16시,일요일,충청북도 청주시 흥덕구 복대동,경상사고,0,0,1,0,차대차 - 측면충돌,안전운전불이행,건조,맑음,단일로 - 기타,승용,여,56세,기타불명,화물,남,24세,경상
2018081900100325,2018년 8월 19일 16시,일요일,충청북도 음성군 대소면,중상사고,0,1,0,0,차대차 - 측면충돌,안전운전불이행,건조,맑음,교차로 - 교차로안,기타불명,기타불명,미분류,기타불명,승용,남,43세,중상
2018081900100357,2018년 8월 19일 17시,일요일,충청북도 청주시 흥덕구 가경동,경상사고,0,0,1,0,차대차 - 추돌,안전거리미확보,건조,맑음,교차로 - 교차로부근,승용,남,58세,상해없음,승용,남,46세,경상
2018081900100381,2018년 8월 19일 18시,일요일,충청북도 청주시 청원구 내덕동,경상사고,0,0,1,0,차대차 - 기타,교차로운행방법위반,건조,맑음,교차로 - 교차로안,승합,남,53세,상해없음,승용,남,47세,경상
2018081900100382,2018년 8월 19일 18시,일요일,충청북도 보은군 속리산면,중상사고,0,1,0,0,차대차 - 측면충돌,중앙선침범,건조,맑음,단일로 - 지하차도(도로)내,화물,남,72세,상해없음,이륜,남,36세,중상
2018081900100415,2018년 8월 19일 19시,일요일,충청북도 제천시 금성면,경상사고,0,0,1,0,차대차 - 기타,안전운전불이행,건조,맑음,기타 - 기타,승용,여,38세,상해없음,승용,여,54세,경상
2018081900100416,2018년 8월 19일 19시,일요일,충청북도 제천시 장락동,경상사고,0,0,1,0,차대차 - 측면충돌,안전운전불이행,건조,맑음,교차로 - 교차로안,승용,남,62세,상해없음,승용,남,55세,경상
2018081900100447,2018년 8월 19일 20시,일요일,충청북도 청주시 흥덕구 복대동,중상사고,0,1,0,0,차대차 - 측면충돌,중앙선침범,건조,맑음,단일로 - 기타,승용,남,55세,상해없음,이륜,남,17세,중상
2018081900100474,2018년 8월 19일 21시,일요일,충청북도 충주시 앙성면,중상사고,0,1,0,0,차량단독 - 공작물충돌,안전운전불이행,건조,맑음,단일로 - 기타,화물,남,49세,중상,,,,
2018081900100475,2018년 8월 19일 21시,일요일,충청북도 제천시 봉양읍,경상사고,0,0,3,1,차대차 - 추돌,안전운전불이행,건조,맑음,교차로 - 교차로부근,승용,남,30세,부상신고,승용,남,32세,경상
2018081900100476,2018년 8월 19일 21시,일요일,충청북도 청주시 서원구 미평동,경상사고,0,0,1,0,차대차 - 측면충돌,차로위반,건조,맑음,단일로 - 기타,승용,여,51세,상해없음,승용,여,43세,경상
2018081900100499,2018년 8월 19일 22시,일요일,충청북도 청주시 서원구 모충동,경상사고,0,0,2,0,차대차 - 정면충돌,안전운전불이행,건조,맑음,교차로 - 교차로안,승용,남,22세,상해없음,승용,남,48세,상해없음
2018082000100024,2018년 8월 20일 03시,월요일,충청북도 음성군 생극면,중상사고,0,1,0,0,차량단독 - 공작물충돌,안전운전불이행,건조,맑음,교차로 - 교차로부근,승용,남,27세,중상,,,,
2018082000100093,2018년 8월 20일 08시,월요일,충청북도 청주시 서원구 남이면,경상사고,0,0,2,0,차대차 - 측면충돌,안전운전불이행,건조,맑음,교차로 - 교차로안,승용,여,30세,경상,화물,남,34세,경상
2018082000100130,2018년 8월 20일 09시,월요일,충청북도 청주시 청원구 오창읍,중상사고,0,1,0,0,차대차 - 기타,안전운전불이행,건조,맑음,교차로 - 교차로안,승용,남,51세,상해없음,자전거,남,82세,중상
2018082000100131,2018년 8월 20일 09시,월요일,충청북도 보은군 보은읍,중상사고,0,1,0,0,차대차 - 측면충돌,중앙선침범,건조,맑음,단일로 - 지하차도(도로)내,화물,남,73세,상해없음,이륜,남,75세,중상
2018082000100132,2018년 8월 20일 09시,월요일,충청북도 음성군 금왕읍,경상사고,0,0,2,0,차대차 - 측면충돌,교차로운행방법위반,건조,맑음,교차로 - 교차로안,승용,남,82세,상해없음,승용,여,51세,경상
2018082000100176,2018년 8월 20일 10시,월요일,충청북도 증평군 증평읍,중상사고,0,3,1,0,차대차 - 기타,안전운전불이행,건조,맑음,단일로 - 기타,승용,남,67세,중상,승용,여,44세,경상
2018082000100255,2018년 8월 20일 12시,월요일,충청북도 충주시 금릉동,경상사고,0,0,1,0,차대차 - 추돌,안전운전불이행,건조,맑음,단일로 - 기타,승합,남,53세,상해없음,승용,남,76세,경상
2018082000100296,2018년 8월 20일 13시,월요일,충청북도 제천시 백운면,부상신고사고,0,0,0,1,차대사람 - 기타,안전운전불이행,건조,맑음,단일로 - 기타,기타불명,기타불명,미분류,기타불명,보행자,남,50세,부상신고
2018082000100297,2018년 8월 20일 13시,월요일,충청북도 청주시 상당구 용암동,경상사고,0,0,2,0,차대차 - 측면충돌,안전운전불이행,건조,맑음,단일로 - 기타,승용,여,67세,경상,건설기계,남,33세,상해없음
2018082000100383,2018년 8월 20일 16시,월요일,충청북도 청주시 서원구 산남동,중상사고,0,1,1,0,차대차 - 기타,신호위반,건조,맑음,교차로 - 교차로안,승용,남,60세,상해없음,승용,여,52세,경상
2018082000100422,2018년 8월 20일 17시,월요일,충청북도 충주시 문화동,경상사고,0,0,1,1,차대차 - 측면충돌,안전거리미확보,건조,맑음,단일로 - 기타,화물,남,45세,부상신고,원동기,여,17세,경상
2018082000100423,2018년 8월 20일 17시,월요일,충청북도 제천시 모산동,경상사고,0,0,1,0,차대차 - 측면충돌,직진우회전진행방해,건조,맑음,교차로 - 교차로부근,승용,남,63세,상해없음,승용,남,28세,경상
2018082000100424,2018년 8월 20일 17시,월요일,충청북도 음성군 대소면,경상사고,0,0,1,0,차대사람 - 차도통행중,안전운전불이행,건조,맑음,교차로 - 교차로부근,승용,여,48세,상해없음,보행자,남,16세,경상
2018082000100461,2018년 8월 20일 18시,월요일,충청북도 영동군 황간면,중상사고,0,1,0,0,차대차 - 측면충돌,안전운전불이행,건조,맑음,교차로 - 교차로안,이륜,남,69세,중상,승용,남,50세,상해없음
2018082000100462,2018년 8월 20일 18시,월요일,충청북도 청주시 흥덕구 복대동,경상사고,0,0,2,0,차대차 - 기타,교차로운행방법위반,건조,맑음,교차로 - 교차로안,승용,남,58세,상해없음,화물,남,58세,경상
2018082000100497,2018년 8월 20일 19시,월요일,충청북도 청주시 청원구 북이면,경상사고,0,0,1,0,차대사람 - 기타,안전운전불이행,건조,맑음,단일로 - 기타,기타불명,기타불명,미분류,기타불명,보행자,남,37세,경상
2018082000100498,2018년 8월 20일 19시,월요일,충청북도 청주시 흥덕구 향정동,경상사고,0,0,1,0,차대차 - 기타,안전운전불이행,건조,맑음,교차로 - 교차로안,화물,남,44세,상해없음,이륜,여,49세,경상
2018082000100525,2018년 8월 20일 20시,월요일,충청북도 청주시 흥덕구 봉명동,경상사고,0,0,1,0,차대사람 - 기타,신호위반,건조,맑음,교차로 - 교차로횡단보도내,이륜,남,38세,상해없음,보행자,남,31세,경상
2018082000100604,2018년 8월 20일 23시,월요일,충청북도 청주시 서원구 개신동,경상사고,0,0,1,0,차대차 - 추돌,안전운전불이행,건조,맑음,단일로 - 기타,승용,여,50세,경상,승용,남,53세,기타불명
2018082000100605,2018년 8월 20일 23시,월요일,충청북도 충주시 엄정면,부상신고사고,0,0,0,1,차대차 - 추돌,안전운전불이행,건조,맑음,기타 - 기타,승용,남,56세,부상신고,건설기계,남,57세,기타불명
2018082100100010,2018년 8월 21일 00시,화요일,충청북도 제천시 하소동,경상사고,0,0,2,0,차대차 - 측면충돌,안전운전불이행,건조,맑음,교차로 - 교차로부근,승용,남,54세,상해없음,승용,남,44세,경상
2018082100100013,2018년 8월 21일 00시,화요일,충청북도 청주시 서원구 현도면,사망사고,1,2,1,0,차대차 - 추돌,안전운전불이행,건조,흐림,단일로 - 기타,승용,남,45세,사망,화물,남,61세,경상
2018082100100023,2018년 8월 21일 01시,화요일,충청북도 청주시 흥덕구 복대동,경상사고,0,0,2,0,차대차 - 추돌,안전운전불이행,건조,맑음,교차로 - 교차로부근,승용,남,22세,상해없음,승용,남,29세,경상
2018082100100037,2018년 8월 21일 03시,화요일,충청북도 청주시 청원구 사천동,중상사고,0,1,0,0,차량단독 - 공작물충돌,안전운전불이행,건조,맑음,단일로 - 기타,승용,여,28세,중상,,,,
2018082100100055,2018년 8월 21일 05시,화요일,충청북도 청주시 흥덕구 비하동,중상사고,0,2,0,0,차대차 - 측면충돌,안전운전불이행,건조,맑음,교차로 - 교차로횡단보도내,자전거,남,71세,중상,이륜,남,74세,중상
2018082100100088,2018년 8월 21일 07시,화요일,충청북도 청주시 흥덕구 외북동,중상사고,0,1,0,0,차대차 - 측면충돌,신호위반,건조,맑음,교차로 - 교차로안,승용,남,55세,상해없음,사륜오토바이(ATV),남,29세,중상
2018082100100129,2018년 8월 21일 08시,화요일,충청북도 청주시 청원구 율량동,경상사고,0,0,1,0,차대차 - 기타,안전운전불이행,건조,맑음,단일로 - 기타,승용,남,55세,기타불명,승용,남,61세,경상
2018082100100130,2018년 8월 21일 08시,화요일,충청북도 청주시 흥덕구 복대동,중상사고,0,1,0,0,차대사람 - 횡단중,안전운전불이행,건조,맑음,단일로 - 기타,승용,남,43세,상해없음,보행자,여,61세,중상
2018082100100192,2018년 8월 21일 10시,화요일,충청북도 청주시 서원구 사직동,경상사고,0,0,1,0,차대차 - 기타,안전운전불이행,건조,맑음,교차로 - 교차로부근,승용,여,62세,상해없음,자전거,남,57세,경상
2018082100100193,2018년 8월 21일 10시,화요일,충청북도 충주시 노은면,중상사고,0,2,0,0,차대차 - 추돌,안전거리미확보,건조,맑음,기타 - 기타,화물,남,78세,중상,화물,남,45세,중상
2018082100100231,2018년 8월 21일 11시,화요일,충청북도 청주시 청원구 율량동,중상사고,0,1,0,0,차대사람 - 기타,보행자보호의무위반,건조,맑음,교차로 - 교차로횡단보도내,승용,여,54세,상해없음,보행자,여,41세,중상
2018082100100232,2018년 8월 21일 11시,화요일,충청북도 청주시 청원구 오창읍,경상사고,0,0,1,0,차대차 - 추돌,안전운전불이행,젖음/습기,비,단일로 - 기타,화물,남,66세,상해없음,승용,여,49세,경상
2018082100100233,2018년 8월 21일 11시,화요일,충청북도 보은군 수한면,경상사고,0,0,1,0,차대차 - 정면충돌,중앙선침범,건조,맑음,교차로 - 교차로부근,승용,남,74세,상해없음,화물,남,46세,경상
2018082100100257,2018년 8월 21일 12시,화요일,충청북도 증평군 증평읍,부상신고사고,0,0,0,1,차대차 - 기타,안전운전불이행,건조,맑음,교차로 - 교차로안,이륜,남,32세,부상신고,승용,남,64세,상해없음
2018082100100289,2018년 8월 21일 13시,화요일,충청북도 충주시 성서동,경상사고,0,0,1,0,차대차 - 추돌,안전운전불이행,건조,맑음,단일로 - 기타,승용,남,59세,상해없음,승용,여,53세,경상
2018082100100324,2018년 8월 21일 14시,화요일,충청북도 청주시 상당구 금천동,경상사고,0,0,1,0,차량단독 - 전도전복 - 전도,안전운전불이행,건조,맑음,교차로 - 교차로부근,자전거,남,8세,경상,미분류,미분류,미분류,미분류
2018082100100366,2018년 8월 21일 15시,화요일,충청북도 충주시 칠금동,경상사고,0,0,1,0,차대차 - 측면충돌,안전운전불이행,건조,맑음,주차장 - 주차장,승용,남,51세,상해없음,승용,여,54세,경상
2018082100100367,2018년 8월 21일 15시,화요일,충청북도 괴산군 소수면,중상사고,0,1,1,0,차대차 - 정면충돌,중앙선침범,건조,맑음,교차로 - 교차로안,화물,여,56세,상해없음,승용,남,55세,경상
2018082100100368,2018년 8월 21일 15시,화요일,충청북도 괴산군 괴산읍,중상사고,0,1,0,0,차대사람 - 횡단중,보행자보호의무위반,건조,맑음,단일로 - 기타,화물,남,52세,상해없음,보행자,여,73세,중상
2018082100100408,2018년 8월 21일 16시,화요일,충청북도 진천군 백곡면,중상사고,0,1,0,0,차량단독 - 기타,안전운전불이행,건조,맑음,단일로 - 기타,승용,여,59세,중상,,,,
2018082100100409,2018년 8월 21일 16시,화요일,충청북도 청주시 흥덕구 복대동,경상사고,0,0,1,0,차대차 - 기타,안전운전불이행,건조,맑음,단일로 - 기타,이륜,남,17세,경상,승용,여,45세,상해없음
2018082100100458,2018년 8월 21일 17시,화요일,충청북도 제천시 영천동,경상사고,0,0,1,0,차대차 - 기타,안전운전불이행,건조,맑음,교차로 - 교차로부근,승용,남,50세,상해없음,승용,여,51세,경상
2018082100100508,2018년 8월 21일 18시,화요일,충청북도 청주시 흥덕구 비하동,경상사고,0,0,3,0,차대차 - 기타,교차로운행방법위반,건조,맑음,교차로 - 교차로안,승용,여,54세,상해없음,승용,여,30세,경상
2018082100100546,2018년 8월 21일 19시,화요일,충청북도 청주시 서원구 사직동,경상사고,0,0,1,0,차대차 - 추돌,안전운전불이행,건조,맑음,교차로 - 교차로안,승용,여,45세,상해없음,화물,남,62세,경상
2018082100100547,2018년 8월 21일 19시,화요일,충청북도 청주시 청원구 주중동,경상사고,0,0,1,0,차대차 - 기타,안전운전불이행,건조,맑음,단일로 - 기타,승용,남,74세,상해없음,승합,남,56세,상해없음
2018082100100548,2018년 8월 21일 19시,화요일,충청북도 청주시 청원구 내덕동,경상사고,0,0,3,0,차대차 - 기타,안전운전불이행,건조,맑음,교차로 - 교차로안,승용,남,40세,기타불명,승용,남,25세,경상
2018082100100549,2018년 8월 21일 19시,화요일,충청북도 청주시 흥덕구 옥산면,경상사고,0,0,1,0,차대차 - 기타,중앙선침범,건조,맑음,단일로 - 기타,승용,여,42세,상해없음,승용,여,43세,경상
2018082100100617,2018년 8월 21일 21시,화요일,충청북도 진천군 덕산면,경상사고,0,0,1,0,차대차 - 기타,안전운전불이행,건조,맑음,단일로 - 기타,이륜,남,26세,경상,승용,남,59세,상해없음
2018082100100654,2018년 8월 21일 22시,화요일,충청북도 제천시 하소동,경상사고,0,0,1,0,차대차 - 측면충돌,안전운전불이행,건조,맑음,단일로 - 지하차도(도로)내,이륜,남,19세,경상,승용,여,55세,상해없음
2018082200100017,2018년 8월 22일 01시,수요일,충청북도 청주시 흥덕구 복대동,중상사고,0,1,0,0,차대차 - 추돌,안전운전불이행,건조,맑음,교차로 - 교차로부근,승용,남,56세,상해없음,승용,여,51세,중상
2018082200100049,2018년 8월 22일 05시,수요일,충청북도 청주시 상당구 명암동,경상사고,0,0,1,0,차대차 - 측면충돌,신호위반,건조,맑음,교차로 - 교차로안,화물,남,47세,상해없음,승용,남,50세,상해없음
2018082200100129,2018년 8월 22일 08시,수요일,충청북도 청주시 서원구 산남동,경상사고,0,0,4,0,차대차 - 측면충돌,안전운전불이행,건조,맑음,교차로 - 교차로안,화물,남,49세,경상,승용,여,28세,경상
2018082200100164,2018년 8월 22일 09시,수요일,충청북도 제천시 하소동,경상사고,0,0,1,0,차대사람 - 기타,기타,건조,맑음,단일로 - 지하차도(도로)내,승용,남,69세,상해없음,보행자,남,67세,경상
2018082200100165,2018년 8월 22일 09시,수요일,충청북도 증평군 증평읍,경상사고,0,0,1,0,차대차 - 측면충돌,안전거리미확보,건조,맑음,단일로 - 기타,승용,남,52세,상해없음,승용,남,42세,경상
2018082200100196,2018년 8월 22일 10시,수요일,충청북도 음성군 감곡면,경상사고,0,0,1,0,차대차 - 기타,안전운전불이행,건조,맑음,교차로 - 교차로부근,건설기계,남,64세,상해없음,이륜,여,73세,경상
2018082200100257,2018년 8월 22일 12시,수요일,충청북도 제천시 신동,중상사고,0,1,0,0,차대사람 - 길가장자리구역통행중,안전운전불이행,건조,맑음,단일로 - 기타,승용,여,78세,상해없음,보행자,여,73세,중상