사고번호,사고일시,요일,시군구,사고내용,사망자수,중상자수,경상자수,부상신고자수,사고유형,법규위반,노면상태,기상상태,도로형태,가해운전자 차종,가해운전자 성별,가해운전자 연령,가해운전자 상해정도,피해운전자 차종,피해운전자 성별,피해운전자 연령,피해운전자 상해정도
2018082200100258,2018년 8월 22일 12시,수요일,충청북도 음성군 맹동면,중상사고,0,1,1,0,차대차 - 측면충돌,교차로운행방법위반,건조,맑음,교차로 - 교차로안,승용,여,57세,상해없음,승용,남,38세,중상
2018082200100259,2018년 8월 22일 12시,수요일,충청북도 청주시 흥덕구 오송읍,경상사고,0,0,2,0,차대차 - 기타,신호위반,건조,맑음,교차로 - 교차로안,승용,남,62세,상해없음,승용,남,44세,경상
2018082200100287,2018년 8월 22일 13시,수요일,충청북도 청주시 흥덕구 송절동,경상사고,0,0,1,0,차대차 - 측면충돌,안전거리미확보,건조,맑음,교차로 - 교차로안,화물,남,72세,상해없음,승용,여,52세,경상
2018082200100288,2018년 8월 22일 13시,수요일,충청북도 청주시 흥덕구 복대동,부상신고사고,0,0,0,1,차대사람 - 횡단중,보행자보호의무위반,건조,맑음,교차로 - 교차로안,승용,여,62세,상해없음,보행자,남,7세,부상신고
2018082200100289,2018년 8월 22일 13시,수요일,충청북도 청주시 서원구 수곡동,경상사고,0,0,1,0,차대사람 - 길가장자리구역통행중,안전운전불이행,건조,맑음,단일로 - 기타,기타불명,기타불명,미분류,기타불명,보행자,여,45세,경상
2018082200100367,2018년 8월 22일 15시,수요일,충청북도 청주시 청원구 우암동,중상사고,0,1,0,0,차대사람 - 차도통행중,중앙선침범,건조,맑음,단일로 - 기타,화물,남,30세,상해없음,보행자,여,80세,중상
2018082200100368,2018년 8월 22일 15시,수요일,충청북도 충주시 문화동,중상사고,0,1,0,0,차대차 - 측면충돌,안전운전불이행,건조,맑음,교차로 - 교차로안,자전거,남,84세,중상,승용,남,62세,상해없음
2018082200100369,2018년 8월 22일 15시,수요일,충청북도 청주시 흥덕구 남촌동,경상사고,0,0,2,0,차대차 - 추돌,안전운전불이행,건조,맑음,교차로 - 교차로부근,승용,남,71세,상해없음,승용,남,34세,상해없음
2018082200100370,2018년 8월 22일 15시,수요일,충청북도 청주시 흥덕구 강서동,경상사고,0,0,1,0,차대차 - 측면충돌,안전운전불이행,건조,맑음,단일로 - 기타,승용,여,57세,상해없음,승용,남,33세,경상
2018082200100411,2018년 8월 22일 16시,수요일,충청북도 청주시 청원구 내덕동,경상사고,0,0,1,0,차대차 - 기타,교차로운행방법위반,건조,맑음,교차로 - 교차로부근,승용,남,58세,상해없음,승용,남,69세,경상
2018082200100412,2018년 8월 22일 16시,수요일,충청북도 청주시 서원구 남이면,경상사고,0,0,1,0,차대차 - 측면충돌,중앙선침범,건조,맑음,교차로 - 교차로부근,화물,남,55세,상해없음,승용,남,39세,경상
2018082200100449,2018년 8월 22일 17시,수요일,충청북도 음성군 대소면,경상사고,0,0,2,0,차대차 - 측면충돌,교차로운행방법위반,건조,흐림,교차로 - 교차로안,승용,여,28세,경상,승용,남,53세,경상
2018082200100450,2018년 8월 22일 17시,수요일,충청북도 청주시 흥덕구 송정동,경상사고,0,0,2,1,차대차 - 기타,교차로운행방법위반,건조,맑음,교차로 - 교차로안,이륜,남,16세,부상신고,승용,남,40세,경상
2018082200100578,2018년 8월 22일 20시,수요일,충청북도 청주시 청원구 내수읍,경상사고,0,0,1,0,차대차 - 기타,안전운전불이행,건조,맑음,단일로 - 기타,승합,남,49세,상해없음,승용,여,45세,경상
2018082200100579,2018년 8월 22일 20시,수요일,충청북도 제천시 왕암동,경상사고,0,0,1,0,차대차 - 측면충돌,직진우회전진행방해,건조,맑음,교차로 - 교차로안,승용,여,53세,상해없음,승용,남,27세,경상
2018082200100580,2018년 8월 22일 20시,수요일,충청북도 청주시 흥덕구 강서동,부상신고사고,0,0,0,1,차대차 - 기타,교차로운행방법위반,건조,맑음,교차로 - 교차로안,승합,여,63세,부상신고,화물,남,68세,상해없음
2018082200100635,2018년 8월 22일 22시,수요일,충청북도 충주시 대소원면,경상사고,0,0,1,0,차대차 - 기타,안전운전불이행,건조,맑음,교차로 - 교차로부근,기타불명,기타불명,미분류,기타불명,이륜,남,21세,경상
2018082200100636,2018년 8월 22일 22시,수요일,충청북도 진천군 진천읍,중상사고,0,1,2,0,차대차 - 정면충돌,중앙선침범,건조,맑음,단일로 - 기타,승용,남,57세,경상,승용,여,55세,중상
2018082200100637,2018년 8월 22일 22시,수요일,충청북도 청주시 흥덕구 복대동,중상사고,0,1,1,0,차대차 - 기타,안전운전불이행,건조,맑음,단일로 - 기타,자전거,남,24세,경상,자전거,여,50세,중상
2018082200100662,2018년 8월 22일 23시,수요일,충청북도 청주시 흥덕구 운천동,경상사고,0,0,1,0,차대차 - 추돌,안전운전불이행,건조,맑음,교차로 - 교차로부근,승용,여,48세,상해없음,승용,남,28세,경상
2018082300100015,2018년 8월 23일 00시,목요일,충청북도 제천시 중앙로2가,경상사고,0,0,1,0,차대사람 - 차도통행중,안전운전불이행,건조,맑음,교차로 - 교차로부근,승용,남,36세,상해없음,보행자,남,45세,경상
2018082300100016,2018년 8월 23일 00시,목요일,충청북도 청주시 상당구 용암동,부상신고사고,0,0,0,1,차대사람 - 차도통행중,안전운전불이행,건조,맑음,교차로 - 교차로부근,승용,남,26세,상해없음,보행자,남,23세,부상신고
2018082300100028,2018년 8월 23일 01시,목요일,충청북도 청주시 청원구 오창읍,경상사고,0,0,2,1,차대차 - 측면충돌,교차로운행방법위반,건조,맑음,교차로 - 교차로안,승용,남,30세,부상신고,승용,남,31세,상해없음
2018082300100051,2018년 8월 23일 05시,목요일,충청북도 청주시 서원구 수곡동,경상사고,0,0,2,0,차대차 - 추돌,안전운전불이행,젖음/습기,비,교차로 - 교차로부근,화물,남,24세,상해없음,승용,남,24세,경상
2018082300100095,2018년 8월 23일 08시,목요일,충청북도 충주시 안림동,중상사고,0,1,0,0,차대사람 - 기타,안전운전불이행,건조,맑음,단일로 - 기타,승용,여,59세,상해없음,보행자,여,29세,중상
2018082300100148,2018년 8월 23일 10시,목요일,충청북도 청주시 흥덕구 강서동,경상사고,0,0,2,0,차대차 - 기타,교차로운행방법위반,건조,맑음,교차로 - 교차로안,승용,남,52세,경상,승용,여,36세,경상
2018082300100149,2018년 8월 23일 10시,목요일,충청북도 청주시 서원구 수곡동,중상사고,0,1,0,0,차대차 - 측면충돌,신호위반,건조,맑음,단일로 - 지하차도(도로)내,승용,여,59세,상해없음,이륜,남,69세,중상
2018082300100150,2018년 8월 23일 10시,목요일,충청북도 괴산군 연풍면,사망사고,1,0,0,0,차대차 - 추돌,안전거리미확보,건조,흐림,단일로 - 기타,화물,남,55세,사망,화물,남,53세,상해없음
2018082300100172,2018년 8월 23일 11시,목요일,충청북도 제천시 명동,경상사고,0,0,3,0,차대차 - 측면충돌,신호위반,건조,흐림,교차로 - 교차로안,승용,남,76세,경상,승용,남,31세,경상
2018082300100190,2018년 8월 23일 12시,목요일,충청북도 청주시 서원구 사직동,중상사고,0,1,2,0,차대사람 - 횡단중,보행자보호의무위반,건조,맑음,단일로 - 기타,승용,여,68세,상해없음,보행자,여,39세,중상
2018082300100191,2018년 8월 23일 12시,목요일,충청북도 영동군 양산면,경상사고,0,0,4,0,차대차 - 측면충돌,신호위반,건조,맑음,교차로 - 교차로안,승용,남,82세,상해없음,승용,남,62세,경상
2018082300100192,2018년 8월 23일 12시,목요일,충청북도 청주시 흥덕구 오송읍,경상사고,0,0,1,0,차대차 - 측면충돌,교차로운행방법위반,건조,맑음,교차로 - 교차로안,승용,남,75세,상해없음,승합,남,48세,경상
2018082300100204,2018년 8월 23일 13시,목요일,충청북도 진천군 덕산면,중상사고,0,1,0,0,차대사람 - 기타,안전운전불이행,건조,맑음,기타 - 기타,승용,남,79세,상해없음,보행자,남,67세,중상
2018082300100248,2018년 8월 23일 15시,목요일,충청북도 제천시 고암동,중상사고,0,1,0,0,차대사람 - 차도통행중,안전운전불이행,건조,맑음,단일로 - 지하차도(도로)내,승용,남,49세,상해없음,보행자,여,6세,중상
2018082300100276,2018년 8월 23일 16시,목요일,충청북도 음성군 맹동면,경상사고,0,0,1,0,차대차 - 측면충돌,안전운전불이행,건조,흐림,교차로 - 교차로부근,화물,남,48세,상해없음,자전거,남,43세,경상
2018082300100277,2018년 8월 23일 16시,목요일,충청북도 청주시 상당구 남주동,경상사고,0,0,2,0,차대차 - 기타,안전운전불이행,건조,맑음,교차로 - 교차로부근,이륜,남,17세,상해없음,승용,남,27세,경상
2018082300100302,2018년 8월 23일 17시,목요일,충청북도 청주시 청원구 내덕동,중상사고,0,1,0,0,차대차 - 기타,안전운전불이행,건조,맑음,교차로 - 교차로안,승합,남,76세,상해없음,이륜,여,70세,중상
2018082300100303,2018년 8월 23일 17시,목요일,충청북도 제천시 중앙로2가,중상사고,0,1,0,0,차대사람 - 횡단중,보행자보호의무위반,건조,맑음,교차로 - 교차로부근,승용,남,64세,상해없음,보행자,여,20세,중상
2018082300100304,2018년 8월 23일 17시,목요일,충청북도 괴산군 소수면,중상사고,0,1,0,0,차대사람 - 기타,안전운전불이행,건조,맑음,단일로 - 기타,승용,여,61세,상해없음,보행자,여,87세,중상
2018082300100342,2018년 8월 23일 18시,목요일,충청북도 단양군 단양읍,경상사고,0,0,2,1,차대차 - 기타,기타,건조,맑음,교차로 - 교차로안,화물,남,57세,부상신고,승용,남,37세,경상
2018082300100343,2018년 8월 23일 18시,목요일,충청북도 청주시 흥덕구 봉명동,부상신고사고,0,0,0,1,차대차 - 기타,안전운전불이행,젖음/습기,흐림,교차로 - 교차로안,원동기,남,44세,부상신고,승용,남,46세,상해없음
2018082300100391,2018년 8월 23일 19시,목요일,충청북도 진천군 광혜원면,경상사고,0,0,1,0,차대사람 - 기타,안전운전불이행,젖음/습기,맑음,교차로 - 교차로안,승용,남,64세,상해없음,보행자,여,68세,경상
2018082300100392,2018년 8월 23일 19시,목요일,충청북도 청주시 상당구 탑동,중상사고,0,1,0,0,차대차 - 기타,안전운전불이행,건조,맑음,교차로 - 교차로부근,승용,남,40세,상해없음,원동기,남,17세,중상
2018082300100495,2018년 8월 23일 22시,목요일,충청북도 청주시 상당구 용암동,경상사고,0,0,1,0,차대차 - 정면충돌,신호위반,젖음/습기,비,교차로 - 교차로안,기타불명,기타불명,미분류,기타불명,승용,남,28세,경상
2018082400100026,2018년 8월 24일 01시,금요일,충청북도 청주시 상당구 금천동,경상사고,0,0,1,0,차대차 - 측면충돌,차로위반,젖음/습기,비,단일로 - 지하차도(도로)내,승용,여,26세,상해없음,승용,남,59세,경상
2018082400100034,2018년 8월 24일 02시,금요일,충청북도 청주시 흥덕구 복대동,중상사고,0,1,0,0,차대차 - 측면충돌,안전운전불이행,젖음/습기,비,교차로 - 교차로부근,승용,남,34세,상해없음,승용,남,25세,중상
2018082400100072,2018년 8월 24일 06시,금요일,충청북도 충주시 호암동,중상사고,0,2,1,0,차대차 - 측면충돌,신호위반,젖음/습기,비,교차로 - 교차로안,승용,남,52세,경상,승용,남,60세,중상
2018082400100073,2018년 8월 24일 06시,금요일,충청북도 옥천군 군북면,중상사고,0,1,0,0,차량단독 - 공작물충돌,안전운전불이행,젖음/습기,비,단일로 - 기타,승용,여,61세,중상,,,,
2018082400100081,2018년 8월 24일 07시,금요일,충청북도 청주시 흥덕구 봉명동,중상사고,0,1,0,0,차대사람 - 기타,보행자보호의무위반,젖음/습기,비,교차로 - 교차로횡단보도내,승용,남,54세,상해없음,보행자,여,66세,중상
2018082400100096,2018년 8월 24일 08시,금요일,충청북도 청주시 청원구 오창읍,경상사고,0,0,1,0,차대차 - 기타,신호위반,건조,맑음,교차로 - 교차로안,승용,여,37세,상해없음,승용,남,56세,경상
2018082400100122,2018년 8월 24일 09시,금요일,충청북도 청주시 청원구 내덕동,중상사고,0,1,0,0,차대사람 - 기타,보행자보호의무위반,젖음/습기,비,단일로 - 기타,승용,남,76세,상해없음,보행자,여,71세,중상
2018082400100123,2018년 8월 24일 09시,금요일,충청북도 음성군 맹동면,경상사고,0,0,2,0,차대차 - 측면충돌,신호위반,젖음/습기,비,교차로 - 교차로안,승용,남,43세,상해없음,승용,여,38세,경상
2018082400100182,2018년 8월 24일 11시,금요일,충청북도 청주시 서원구 사직동,중상사고,0,1,1,0,차대차 - 기타,교차로운행방법위반,건조,맑음,교차로 - 교차로안,승용,남,66세,상해없음,승용,남,65세,중상
2018082400100183,2018년 8월 24일 11시,금요일,충청북도 음성군 대소면,중상사고,0,1,0,0,차대사람 - 보도통행중,안전운전불이행,젖음/습기,흐림,교차로 - 교차로부근,승용,여,66세,상해없음,보행자,여,54세,중상
2018082400100184,2018년 8월 24일 11시,금요일,충청북도 청주시 상당구 용암동,중상사고,0,1,0,0,차대사람 - 횡단중,안전운전불이행,젖음/습기,맑음,단일로 - 기타,화물,남,43세,상해없음,보행자,남,78세,중상
2018082400100217,2018년 8월 24일 12시,금요일,충청북도 충주시 문화동,경상사고,0,0,2,0,차대차 - 측면충돌,신호위반,건조,맑음,단일로 - 기타,승용,여,46세,상해없음,승용,남,58세,경상
2018082400100218,2018년 8월 24일 12시,금요일,충청북도 충주시 안림동,경상사고,0,0,3,0,차대차 - 추돌,신호위반,건조,맑음,기타 - 기타,승용,남,63세,상해없음,승용,여,36세,경상
2018082400100219,2018년 8월 24일 12시,금요일,충청북도 옥천군 옥천읍,경상사고,0,0,1,0,차대차 - 후진중충돌,안전운전불이행,건조,맑음,단일로 - 기타,승용,남,59세,상해없음,승용,여,57세,경상
2018082400100220,2018년 8월 24일 12시,금요일,충청북도 청주시 흥덕구 운천동,경상사고,0,0,1,0,차대차 - 기타,안전운전불이행,건조,맑음,교차로 - 교차로횡단보도내,승용,남,43세,상해없음,자전거,여,64세,경상
2018082400100248,2018년 8월 24일 13시,금요일,충청북도 청주시 청원구 오창읍,중상사고,0,1,0,0,차대차 - 기타,안전운전불이행,젖음/습기,비,교차로 - 교차로안,화물,남,75세,상해없음,화물,남,60세,중상
2018082400100249,2018년 8월 24일 13시,금요일,충청북도 괴산군 괴산읍,경상사고,0,0,1,0,차대사람 - 기타,안전운전불이행,젖음/습기,비,교차로 - 교차로안,화물,남,72세,상해없음,보행자,여,65세,경상
2018082400100277,2018년 8월 24일 14시,금요일,충청북도 단양군 적성면,경상사고,0,0,3,0,차대차 - 기타,안전운전불이행,젖음/습기,비,기타 - 기타,승용,남,40세,상해없음,승용,남,45세,경상
2018082400100278,2018년 8월 24일 14시,금요일,충청북도 청주시 상당구 북문로2가동,경상사고,0,0,1,0,차대차 - 기타,기타,건조,맑음,교차로 - 교차로부근,승용,여,62세,경상,승용,여,68세,상해없음
2018082400100279,2018년 8월 24일 14시,금요일,충청북도 옥천군 옥천읍,경상사고,0,0,1,0,차대사람 - 횡단중,안전운전불이행,건조,맑음,단일로 - 기타,원동기,여,72세,경상,보행자,여,49세,상해없음
2018082400100370,2018년 8월 24일 17시,금요일,충청북도 진천군 진천읍,중상사고,0,1,1,0,차대차 - 기타,안전운전불이행,건조,맑음,교차로 - 교차로부근,승용,여,35세,상해없음,승용,여,55세,중상
2018082400100371,2018년 8월 24일 17시,금요일,충청북도 청주시 서원구 성화동,중상사고,0,1,0,0,차대차 - 기타,안전운전불이행,건조,맑음,교차로 - 교차로안,승용,여,44세,상해없음,이륜,남,25세,중상
2018082400100418,2018년 8월 24일 18시,금요일,충청북도 청주시 청원구 내덕동,중상사고,0,1,0,0,차대사람 - 차도통행중,안전운전불이행,건조,맑음,단일로 - 기타,승용,남,52세,상해없음,보행자,여,77세,중상
2018082400100419,2018년 8월 24일 18시,금요일,충청북도 청주시 서원구 수곡동,경상사고,0,0,1,0,차대사람 - 횡단중,안전운전불이행,건조,맑음,교차로 - 교차로안,화물,남,57세,상해없음,보행자,여,63세,경상
2018082400100460,2018년 8월 24일 19시,금요일,충청북도 청주시 서원구 사직동,경상사고,0,0,1,0,차대차 - 기타,안전운전불이행,건조,맑음,교차로 - 교차로부근,이륜,여,66세,상해없음,자전거,남,61세,경상
2018082400100461,2018년 8월 24일 19시,금요일,충청북도 청주시 흥덕구 송정동,경상사고,0,0,1,0,차대차 - 측면충돌,중앙선침범,건조,맑음,단일로 - 기타,승용,남,61세,상해없음,승용,여,50세,경상
2018082400100520,2018년 8월 24일 21시,금요일,충청북도 청주시 서원구 사직동,경상사고,0,0,1,0,차대차 - 기타,안전운전불이행,건조,맑음,교차로 - 교차로부근,화물,남,53세,상해없음,승용,남,60세,경상
2018082400100521,2018년 8월 24일 21시,금요일,충청북도 청주시 서원구 모충동,경상사고,0,0,1,0,차대차 - 측면충돌,안전운전불이행,건조,맑음,교차로 - 교차로안,승용,남,40세,상해없음,이륜,남,17세,경상
2018082400100563,2018년 8월 24일 22시,금요일,충청북도 청주시 흥덕구 가경동,경상사고,0,0,1,0,차대차 - 추돌,안전운전불이행,건조,맑음,단일로 - 기타,승용,여,51세,상해없음,승용,남,32세,경상
2018082400100564,2018년 8월 24일 22시,금요일,충청북도 청주시 상당구 용정동,중상사고,0,1,0,0,차대사람 - 기타,안전운전불이행,건조,맑음,단일로 - 기타,승합,남,55세,상해없음,보행자,여,41세,중상
2018082400100565,2018년 8월 24일 22시,금요일,충청북도 청주시 서원구 산남동,경상사고,0,0,1,0,차대차 - 추돌,안전운전불이행,건조,맑음,교차로 - 교차로부근,승용,남,63세,상해없음,승용,여,45세,경상
2018082500100106,2018년 8월 25일 06시,토요일,충청북도 청주시 흥덕구 봉명동,경상사고,0,0,1,0,차량단독 - 공작물충돌,안전운전불이행,건조,맑음,교차로 - 교차로부근,승용,남,27세,경상,,,,
2018082500100118,2018년 8월 25일 07시,토요일,충청북도 청주시 서원구 현도면,중상사고,0,1,0,0,차량단독 - 기타,안전운전불이행,건조,맑음,단일로 - 기타,이륜,남,54세,중상,,,,
2018082500100136,2018년 8월 25일 08시,토요일,충청북도 청주시 청원구 내덕동,경상사고,0,0,1,0,차대차 - 정면충돌,신호위반,건조,흐림,교차로 - 교차로안,승용,남,61세,상해없음,화물,남,65세,경상
2018082500100137,2018년 8월 25일 08시,토요일,충청북도 청주시 청원구 주중동,경상사고,0,0,3,0,차대차 - 기타,안전운전불이행,젖음/습기,흐림,교차로 - 교차로부근,승용,남,28세,경상,승용,남,52세,경상
2018082500100159,2018년 8월 25일 09시,토요일,충청북도 청주시 서원구 분평동,중상사고,0,1,0,0,차대차 - 기타,안전운전불이행,건조,맑음,단일로 - 기타,승용,여,36세,상해없음,이륜,남,54세,중상
2018082500100160,2018년 8월 25일 09시,토요일,충청북도 청주시 서원구 분평동,경상사고,0,0,1,0,차대사람 - 횡단중,보행자보호의무위반,건조,맑음,교차로 - 교차로부근,승용,여,42세,상해없음,보행자,남,32세,경상
2018082500100226,2018년 8월 25일 11시,토요일,충청북도 진천군 진천읍,중상사고,0,1,0,0,차대차 - 기타,안전운전불이행,건조,맑음,단일로 - 기타,승용,남,51세,상해없음,승용,여,54세,중상
2018082500100260,2018년 8월 25일 12시,토요일,충청북도 청주시 서원구 사직동,경상사고,0,0,3,0,차대차 - 기타,안전운전불이행,건조,맑음,교차로 - 교차로안,화물,남,69세,상해없음,승용,남,37세,경상
2018082500100261,2018년 8월 25일 12시,토요일,충청북도 청주시 상당구 방서동,경상사고,0,0,1,0,차대사람 - 횡단중,안전운전불이행,건조,맑음,주차장 - 주차장,승용,남,34세,상해없음,보행자,여,56세,경상
2018082500100294,2018년 8월 25일 13시,토요일,충청북도 음성군 금왕읍,경상사고,0,0,1,0,차대사람 - 차도통행중,안전운전불이행,건조,맑음,교차로 - 교차로부근,승용,여,38세,상해없음,보행자,남,82세,경상
2018082500100295,2018년 8월 25일 13시,토요일,충청북도 진천군 덕산면,중상사고,0,1,0,0,차대차 - 측면충돌,신호위반,젖음/습기,비,교차로 - 교차로안,자전거,남,62세,중상,승용,남,45세,상해없음
2018082500100296,2018년 8월 25일 13시,토요일,충청북도 청주시 상당구 낭성면,중상사고,0,1,0,0,차량단독 - 공작물충돌,안전운전불이행,건조,맑음,단일로 - 지하차도(도로)내,승용,남,66세,상해없음,,,,
2018082500100297,2018년 8월 25일 13시,토요일,충청북도 청주시 상당구 문화동,경상사고,0,0,2,0,차대차 - 추돌,안전운전불이행,건조,맑음,교차로 - 교차로부근,승용,남,63세,상해없음,승용,여,45세,경상
2018082500100371,2018년 8월 25일 15시,토요일,충청북도 옥천군 옥천읍,경상사고,0,0,1,0,차대차 - 정면충돌,안전운전불이행,건조,맑음,미분류 - 미분류,원동기,남,71세,경상,이륜,남,57세,상해없음
2018082500100372,2018년 8월 25일 15시,토요일,충청북도 청주시 서원구 산남동,경상사고,0,0,1,0,차대사람 - 기타,안전운전불이행,건조,맑음,주차장 - 주차장,승합,남,72세,상해없음,보행자,남,41세,경상
2018082500100373,2018년 8월 25일 15시,토요일,충청북도 청주시 상당구 석교동,사망사고,1,0,0,0,차대사람 - 차도통행중,안전운전불이행,젖음/습기,비,단일로 - 지하차도(도로)내,승용,남,49세,상해없음,보행자,여,82세,사망
2018082500100429,2018년 8월 25일 17시,토요일,충청북도 음성군 감곡면,경상사고,0,0,1,0,차량단독 - 공작물충돌,안전운전불이행,건조,맑음,교차로 - 교차로부근,승용,남,32세,경상,,,,
2018082500100430,2018년 8월 25일 17시,토요일,충청북도 청주시 상당구 가덕면,중상사고,0,1,1,0,차량단독 - 공작물충돌,안전운전불이행,건조,흐림,단일로 - 지하차도(도로)내,화물,남,65세,중상,,,,
2018082500100461,2018년 8월 25일 18시,토요일,충청북도 청주시 흥덕구 복대동,경상사고,0,0,1,0,차대차 - 측면충돌,중앙선침범,젖음/습기,비,단일로 - 기타,승용,여,47세,상해없음,이륜,남,27세,경상
2018082500100483,2018년 8월 25일 19시,토요일,충청북도 괴산군 장연면,중상사고,0,2,0,0,차대차 - 추돌,안전운전불이행,건조,맑음,단일로 - 기타,승합,남,52세,상해없음,농기계,남,78세,중상
2018082500100512,2018년 8월 25일 20시,토요일,충청북도 제천시 송학면,경상사고,0,0,1,0,차대차 - 추돌,안전운전불이행,건조,맑음,교차로 - 교차로부근,승용,남,38세,상해없음,승용,남,41세,경상
2018082500100513,2018년 8월 25일 20시,토요일,충청북도 청주시 흥덕구 봉명동,부상신고사고,0,0,0,1,차대차 - 추돌,안전운전불이행,건조,맑음,단일로 - 기타,이륜,남,33세,부상신고,승용,남,56세,상해없음
2018082500100542,2018년 8월 25일 21시,토요일,충청북도 충주시 용산동,부상신고사고,0,0,0,1,차대차 - 기타,안전운전불이행,건조,맑음,교차로 - 교차로안,승용,남,22세,상해없음,이륜,남,20세,부상신고
2018082500100543,2018년 8월 25일 21시,토요일,충청북도 청주시 상당구 용암동,경상사고,0,0,2,0,차대차 - 추돌,안전운전불이행,건조,맑음,교차로 - 교차로부근,승용,남,28세,상해없음,승용,여,45세,경상
2018082500100569,2018년 8월 25일 22시,토요일,충청북도 청주시 서원구 개신동,경상사고,0,0,1,0,차대차 - 측면충돌,안전운전불이행,건조,맑음,단일로 - 기타,승용,남,27세,상해없음,이륜,남,18세,경상
2018082600100061,2018년 8월 26일 02시,일요일,충청북도 음성군 대소면,중상사고,0,1,0,0,차량단독 - 기타,안전운전불이행,건조,맑음,교차로 - 교차로부근,승용,남,30세,중상,,,,
2018082600100062,2018년 8월 26일 02시,일요일,충청북도 청주시 상당구 북문로1가동,중상사고,0,1,1,0,차대차 - 측면충돌,안전운전불이행,젖음/습기,비,단일로 - 지하차도(도로)내,승용,여,54세,경상,자전거,남,74세,중상
2018082600100086,2018년 8월 26일 04시,일요일,충청북도 청주시 흥덕구 신촌동,경상사고,0,0,1,0,차량단독 - 기타,안전운전불이행,젖음/습기,비,교차로 - 교차로안,승용,남,26세,경상,,,,
2018082600100132,2018년 8월 26일 08시,일요일,충청북도 충주시 대소원면,경상사고,0,0,1,0,차량단독 - 도로외이탈 - 추락,안전운전불이행,젖음/습기,흐림,단일로 - 기타,승용,여,54세,경상,,,,
2018082600100148,2018년 8월 26일 09시,일요일,충청북도 보은군 수한면,중상사고,0,1,0,0,차대차 - 측면충돌,안전운전불이행,건조,맑음,교차로 - 교차로안,화물,남,63세,상해없음,이륜,남,69세,중상
2018082600100149,2018년 8월 26일 09시,일요일,충청북도 청주시 흥덕구 복대동,경상사고,0,0,2,0,차대차 - 추돌,안전운전불이행,젖음/습기,비,교차로 - 교차로부근,승용,남,57세,상해없음,승용,여,39세,경상
2018082600100179,2018년 8월 26일 11시,일요일,충청북도 청주시 흥덕구 복대동,경상사고,0,0,1,0,차대차 - 측면충돌,불법유턴,건조,맑음,교차로 - 교차로부근,승용,남,57세,상해없음,승용,여,36세,경상
2018082600100180,2018년 8월 26일 11시,일요일,충청북도 청주시 상당구 석교동,경상사고,0,0,1,0,차대차 - 기타,안전운전불이행,건조,맑음,교차로 - 교차로부근,승용,남,64세,상해없음,승용,여,60세,경상
2018082600100196,2018년 8월 26일 12시,일요일,충청북도 청주시 청원구 내덕동,중상사고,0,4,0,0,차대차 - 기타,안전운전불이행,건조,맑음,교차로 - 교차로부근,승용,여,45세,상해없음,승용,남,61세,중상
2018082600100197,2018년 8월 26일 12시,일요일,충청북도 청주시 청원구 내덕동,중상사고,0,1,0,0,차대사람 - 횡단중,안전운전불이행,건조,흐림,교차로 - 교차로횡단보도내,이륜,남,20세,기타불명,보행자,여,75세,중상
2018082600100199,2018년 8월 26일 12시,일요일,충청북도 영동군 황간면,중상사고,0,1,0,0,차량단독 - 기타,안전운전불이행,젖음/습기,비,단일로 - 기타,승합,남,44세,중상,,,,
2018082600100230,2018년 8월 26일 13시,일요일,충청북도 충주시 문화동,경상사고,0,0,3,0,차대차 - 기타,중앙선침범,건조,맑음,교차로 - 교차로부근,승용,여,46세,상해없음,승용,남,42세,경상
2018082600100231,2018년 8월 26일 13시,일요일,충청북도 충주시 대소원면,중상사고,0,1,4,0,차대차 - 추돌,안전운전불이행,건조,맑음,교차로 - 교차로부근,화물,남,46세,상해없음,승용,남,59세,경상
2018082600100260,2018년 8월 26일 14시,일요일,충청북도 음성군 대소면,경상사고,0,0,1,0,차대사람 - 길가장자리구역통행중,안전운전불이행,젖음/습기,비,단일로 - 기타,화물,남,57세,상해없음,보행자,남,36세,경상
2018082600100285,2018년 8월 26일 15시,일요일,충청북도 충주시 안림동,경상사고,0,0,1,0,차대사람 - 횡단중,신호위반,젖음/습기,맑음,교차로 - 교차로횡단보도내,기타불명,기타불명,미분류,기타불명,보행자,남,48세,경상
2018082600100286,2018년 8월 26일 15시,일요일,충청북도 충주시 호암동,경상사고,0,0,1,0,차량단독 - 공작물충돌,안전운전불이행,젖음/습기,비,단일로 - 기타,승합,남,58세,경상,,,,
2018082600100316,2018년 8월 26일 16시,일요일,충청북도 진천군 덕산면,경상사고,0,0,1,0,차대차 - 기타,안전운전불이행,젖음/습기,비,교차로 - 교차로부근,승용,남,52세,상해없음,승용,남,40세,경상
2018082600100369,2018년 8월 26일 18시,일요일,충청북도 제천시 중앙로2가,경상사고,0,0,1,0,차대차 - 측면충돌,안전운전불이행,건조,맑음,단일로 - 기타,이륜,남,17세,경상,승용,남,53세,상해없음
2018082600100370,2018년 8월 26일 18시,일요일,충청북도 음성군 원남면,경상사고,0,0,3,0,차대차 - 측면충돌,교차로운행방법위반,젖음/습기,비,교차로 - 교차로안,승용,남,62세,경상,승용,여,44세,경상