사고번호,사고일시,요일,시군구,사고내용,사망자수,중상자수,경상자수,부상신고자수,사고유형,법규위반,노면상태,기상상태,도로형태,가해운전자 차종,가해운전자 성별,가해운전자 연령,가해운전자 상해정도,피해운전자 차종,피해운전자 성별,피해운전자 연령,피해운전자 상해정도
2018083000100510,2018년 8월 30일 20시,목요일,충청북도 음성군 원남면,경상사고,0,0,4,0,차대차 - 추돌,안전운전불이행,젖음/습기,비,교차로 - 교차로부근,승용,남,33세,상해없음,승용,남,48세,경상
2018083000100511,2018년 8월 30일 20시,목요일,충청북도 청주시 흥덕구 봉명동,중상사고,0,1,0,0,차대사람 - 횡단중,안전운전불이행,젖음/습기,비,단일로 - 기타,승용,여,24세,상해없음,보행자,여,89세,중상
2018083000100542,2018년 8월 30일 21시,목요일,충청북도 충주시 금가면,경상사고,0,0,4,0,차대차 - 추돌,안전운전불이행,젖음/습기,비,교차로 - 교차로부근,화물,남,52세,상해없음,승용,남,59세,경상
2018083000100543,2018년 8월 30일 21시,목요일,충청북도 충주시 용산동,부상신고사고,0,0,0,1,차대사람 - 차도통행중,안전운전불이행,건조,맑음,교차로 - 교차로안,승용,남,54세,상해없음,보행자,남,57세,부상신고
2018083000100544,2018년 8월 30일 21시,목요일,충청북도 보은군 보은읍,중상사고,0,2,0,0,차대차 - 정면충돌,안전운전불이행,젖음/습기,비,교차로 - 교차로안,화물,남,23세,상해없음,승용,남,39세,중상
2018083000100566,2018년 8월 30일 22시,목요일,충청북도 진천군 덕산면,경상사고,0,0,1,0,차대차 - 추돌,안전운전불이행,건조,맑음,단일로 - 기타,승용,남,41세,상해없음,승용,남,36세,경상
2018083000100567,2018년 8월 30일 22시,목요일,충청북도 진천군 광혜원면,경상사고,0,0,1,0,차대사람 - 기타,안전운전불이행,젖음/습기,흐림,교차로 - 교차로안,이륜,남,16세,상해없음,보행자,여,28세,경상
2018083000100568,2018년 8월 30일 22시,목요일,충청북도 청주시 흥덕구 가경동,중상사고,0,1,0,0,차대사람 - 횡단중,신호위반,젖음/습기,비,교차로 - 교차로횡단보도내,승용,남,58세,상해없음,보행자,여,19세,중상
2018083000100569,2018년 8월 30일 22시,목요일,충청북도 청주시 흥덕구 가경동,경상사고,0,0,1,0,차대차 - 측면충돌,중앙선침범,젖음/습기,비,단일로 - 기타,승용,남,62세,상해없음,이륜,남,21세,경상
2018083000100593,2018년 8월 30일 23시,목요일,충청북도 청주시 흥덕구 봉명동,경상사고,0,0,5,0,차대차 - 측면충돌,안전운전불이행,젖음/습기,비,교차로 - 교차로부근,승용,남,31세,상해없음,승용,남,64세,경상
2018083000100594,2018년 8월 30일 23시,목요일,충청북도 청주시 흥덕구 봉명동,경상사고,0,0,3,0,차대차 - 측면충돌,교차로운행방법위반,젖음/습기,비,교차로 - 교차로안,화물,남,53세,상해없음,승용,여,32세,경상
2018083000100595,2018년 8월 30일 23시,목요일,충청북도 청주시 흥덕구 복대동,경상사고,0,0,1,0,차대차 - 측면충돌,신호위반,젖음/습기,비,교차로 - 교차로안,승용,여,22세,상해없음,이륜,남,51세,경상
2018083000100596,2018년 8월 30일 23시,목요일,충청북도 청주시 흥덕구 송정동,경상사고,0,0,2,0,차대차 - 측면충돌,중앙선침범,젖음/습기,비,교차로 - 교차로부근,승용,여,31세,상해없음,승용,남,63세,경상
2018083100100013,2018년 8월 31일 00시,금요일,충청북도 청주시 흥덕구 가경동,부상신고사고,0,0,0,1,차대차 - 기타,교차로운행방법위반,젖음/습기,비,교차로 - 교차로안,이륜,남,30세,부상신고,승용,남,57세,상해없음
2018083100100014,2018년 8월 31일 00시,금요일,충청북도 청주시 상당구 문의면,사망사고,1,0,0,0,차대차 - 추돌,안전운전불이행,젖음/습기,비,단일로 - 기타,화물,남,50세,상해없음,화물,남,50세,사망
2018083100100028,2018년 8월 31일 01시,금요일,충청북도 진천군 진천읍,중상사고,0,1,1,0,차대차 - 기타,신호위반,젖음/습기,비,교차로 - 교차로안,승용,남,58세,중상,승용,남,32세,경상
2018083100100049,2018년 8월 31일 03시,금요일,충청북도 청주시 흥덕구 가경동,경상사고,0,0,1,0,차대사람 - 횡단중,안전운전불이행,젖음/습기,비,교차로 - 교차로부근,승용,남,67세,상해없음,보행자,남,50세,경상
2018083100100063,2018년 8월 31일 04시,금요일,충청북도 청주시 상당구 북문로2가동,중상사고,0,1,0,0,차대사람 - 기타,신호위반,젖음/습기,비,교차로 - 교차로횡단보도내,승용,남,42세,상해없음,보행자,남,60세,중상
2018083100100064,2018년 8월 31일 04시,금요일,충청북도 보은군 보은읍,중상사고,0,1,0,0,차대사람 - 횡단중,안전운전불이행,젖음/습기,비,교차로 - 교차로안,승합,남,33세,상해없음,보행자,남,82세,중상
2018083100100086,2018년 8월 31일 06시,금요일,충청북도 충주시 용산동,경상사고,0,0,1,0,차대사람 - 기타,안전운전불이행,건조,맑음,단일로 - 기타,화물,남,39세,상해없음,보행자,남,65세,경상
2018083100100087,2018년 8월 31일 06시,금요일,충청북도 청주시 흥덕구 가경동,경상사고,0,0,1,0,차대차 - 측면충돌,신호위반,젖음/습기,비,교차로 - 교차로안,승용,남,57세,상해없음,승용,남,51세,경상
2018083100100159,2018년 8월 31일 09시,금요일,충청북도 청주시 흥덕구 지동동,중상사고,0,2,1,0,차대차 - 추돌,안전거리미확보,젖음/습기,비,단일로 - 기타,화물,남,47세,상해없음,화물,남,44세,경상
2018083100100187,2018년 8월 31일 10시,금요일,충청북도 청주시 흥덕구 신봉동,경상사고,0,0,1,0,차대차 - 추돌,안전거리미확보,젖음/습기,흐림,교차로 - 교차로안,승용,남,29세,상해없음,승용,남,60세,경상
2018083100100237,2018년 8월 31일 12시,금요일,충청북도 청주시 서원구 사직동,중상사고,0,1,0,0,차대사람 - 횡단중,교차로운행방법위반,건조,맑음,교차로 - 교차로안,승용,남,51세,상해없음,보행자,여,76세,중상
2018083100100238,2018년 8월 31일 12시,금요일,충청북도 음성군 소이면,중상사고,0,1,0,0,차대차 - 측면충돌,교차로운행방법위반,건조,맑음,교차로 - 교차로안,이륜,여,80세,중상,화물,남,58세,상해없음
2018083100100278,2018년 8월 31일 13시,금요일,충청북도 진천군 진천읍,경상사고,0,0,1,0,차대차 - 기타,직진우회전진행방해,건조,맑음,교차로 - 교차로안,승용,남,28세,상해없음,승용,남,36세,경상
2018083100100279,2018년 8월 31일 13시,금요일,충청북도 청주시 상당구 용암동,경상사고,0,0,1,0,차대차 - 측면충돌,안전운전불이행,건조,맑음,단일로 - 기타,화물,남,65세,상해없음,화물,남,50세,경상
2018083100100310,2018년 8월 31일 14시,금요일,충청북도 청주시 흥덕구 복대동,경상사고,0,0,1,0,차대사람 - 기타,안전운전불이행,건조,맑음,단일로 - 기타,화물,남,44세,상해없음,보행자,여,71세,경상
2018083100100382,2018년 8월 31일 16시,금요일,충청북도 괴산군 칠성면,경상사고,0,0,2,0,차대차 - 측면충돌,중앙선침범,건조,맑음,단일로 - 기타,승용,남,60세,상해없음,승용,남,48세,경상
2018083100100383,2018년 8월 31일 16시,금요일,충청북도 옥천군 옥천읍,중상사고,0,1,0,0,차대사람 - 보도통행중,보행자보호의무위반,건조,맑음,교차로 - 교차로횡단보도내,승용,남,63세,상해없음,보행자,여,77세,중상
2018083100100384,2018년 8월 31일 16시,금요일,충청북도 단양군 가곡면,경상사고,0,0,1,0,차대차 - 측면충돌,직진우회전진행방해,건조,맑음,교차로 - 교차로안,승용,여,51세,경상,화물,남,41세,상해없음
2018083100100385,2018년 8월 31일 16시,금요일,충청북도 청주시 상당구 용담동,경상사고,0,0,1,0,차대사람 - 횡단중,안전운전불이행,건조,맑음,단일로 - 지하차도(도로)내,승용,여,40세,상해없음,보행자,남,7세,경상
2018083100100422,2018년 8월 31일 17시,금요일,충청북도 충주시 연수동,중상사고,0,1,0,0,차대차 - 측면충돌,안전운전불이행,건조,맑음,교차로 - 교차로안,화물,여,57세,상해없음,자전거,남,69세,중상
2018083100100456,2018년 8월 31일 18시,금요일,충청북도 청주시 서원구 사창동,경상사고,0,0,1,0,차대차 - 기타,신호위반,건조,맑음,교차로 - 교차로부근,승합,남,56세,상해없음,원동기,남,24세,경상
2018083100100495,2018년 8월 31일 19시,금요일,충청북도 음성군 금왕읍,중상사고,0,1,0,0,차대사람 - 횡단중,과속,건조,흐림,교차로 - 교차로부근,승용,남,31세,상해없음,보행자,여,54세,중상
2018083100100496,2018년 8월 31일 19시,금요일,충청북도 청주시 서원구 죽림동,경상사고,0,0,2,0,차대차 - 기타,안전운전불이행,건조,맑음,단일로 - 기타,승합,남,51세,상해없음,승용,여,38세,경상
2018083100100497,2018년 8월 31일 19시,금요일,충청북도 청주시 흥덕구 신봉동,경상사고,0,0,1,0,차대차 - 측면충돌,안전운전불이행,건조,맑음,교차로 - 교차로안,이륜,남,30세,경상,승용,남,39세,상해없음
2018083100100498,2018년 8월 31일 19시,금요일,충청북도 청주시 흥덕구 복대동,경상사고,0,0,1,0,차대차 - 기타,중앙선침범,건조,맑음,단일로 - 기타,승용,남,33세,상해없음,이륜,남,50세,경상
2018083100100499,2018년 8월 31일 19시,금요일,충청북도 청주시 상당구 영운동,경상사고,0,0,1,0,차대사람 - 길가장자리구역통행중,안전운전불이행,건조,맑음,단일로 - 지하차도(도로)내,승용,여,56세,상해없음,보행자,남,64세,경상
2018083100100534,2018년 8월 31일 20시,금요일,충청북도 청주시 흥덕구 복대동,경상사고,0,0,1,0,차대차 - 측면충돌,안전운전불이행,건조,맑음,교차로 - 교차로안,승용,여,21세,상해없음,승합,남,41세,경상
2018083100100535,2018년 8월 31일 20시,금요일,충청북도 청주시 흥덕구 가경동,경상사고,0,0,3,0,차대차 - 측면충돌,안전운전불이행,건조,맑음,교차로 - 교차로안,승합,남,77세,경상,승용,남,33세,상해없음
2018083100100536,2018년 8월 31일 20시,금요일,충청북도 음성군 감곡면,중상사고,0,4,7,1,차대차 - 추돌,안전거리미확보,건조,맑음,단일로 - 기타,승용,여,48세,경상,승용,남,37세,경상
2018083100100569,2018년 8월 31일 21시,금요일,충청북도 청주시 서원구 사직동,중상사고,0,1,0,0,차대차 - 기타,교차로운행방법위반,건조,맑음,교차로 - 교차로안,승용,여,69세,상해없음,자전거,남,71세,중상
2018083100100570,2018년 8월 31일 21시,금요일,충청북도 청주시 서원구 사창동,경상사고,0,0,1,0,차대차 - 기타,안전운전불이행,건조,맑음,단일로 - 기타,승합,남,53세,기타불명,승용,남,57세,상해없음
2018083100100571,2018년 8월 31일 21시,금요일,충청북도 옥천군 옥천읍,중상사고,0,1,0,0,차대사람 - 횡단중,교차로운행방법위반,건조,맑음,교차로 - 교차로부근,승용,남,51세,상해없음,보행자,여,59세,중상
2018083100100572,2018년 8월 31일 21시,금요일,충청북도 청주시 서원구 성화동,중상사고,0,1,0,0,차대차 - 측면충돌,안전운전불이행,건조,맑음,교차로 - 교차로안,승합,여,40세,상해없음,이륜,남,41세,중상
2018083100100601,2018년 8월 31일 22시,금요일,충청북도 청주시 서원구 개신동,중상사고,0,1,0,0,차대사람 - 횡단중,보행자보호의무위반,건조,맑음,단일로 - 기타,승용,여,50세,상해없음,보행자,여,62세,중상
2018083100100602,2018년 8월 31일 22시,금요일,충청북도 제천시 청전동,경상사고,0,0,1,0,차대차 - 측면충돌,안전운전불이행,건조,맑음,단일로 - 기타,이륜,남,17세,경상,화물,남,53세,상해없음
2018083100100603,2018년 8월 31일 22시,금요일,충청북도 청주시 서원구 남이면,중상사고,0,1,2,0,차대차 - 측면충돌,신호위반,건조,맑음,교차로 - 교차로부근,승용,남,32세,상해없음,승용,남,58세,경상
2018083100100604,2018년 8월 31일 22시,금요일,충청북도 청주시 서원구 수곡동,부상신고사고,0,0,0,1,차량단독 - 전도전복 - 전도,안전운전불이행,건조,맑음,교차로 - 교차로부근,이륜,남,36세,부상신고,미분류,미분류,미분류,미분류
2018083100100640,2018년 8월 31일 23시,금요일,충청북도 청주시 청원구 오창읍,중상사고,0,1,0,0,차대차 - 기타,신호위반,건조,맑음,교차로 - 교차로안,승용,남,67세,상해없음,이륜,남,40세,중상
2018083100100641,2018년 8월 31일 23시,금요일,충청북도 청주시 흥덕구 송정동,경상사고,0,0,2,0,차대차 - 측면충돌,신호위반,건조,맑음,교차로 - 교차로안,승용,남,49세,상해없음,승용,남,55세,경상
2018083100100642,2018년 8월 31일 23시,금요일,충청북도 청주시 흥덕구 복대동,경상사고,0,0,2,0,차대차 - 측면충돌,안전운전불이행,건조,맑음,교차로 - 교차로안,승용,남,36세,경상,승용,남,21세,경상
2018090100100014,2018년 9월 1일 00시,토요일,충청북도 충주시 교현동,중상사고,0,1,2,0,차대차 - 기타,신호위반,건조,맑음,교차로 - 교차로안,원동기,남,18세,중상,승용,남,32세,경상
2018090100100015,2018년 9월 1일 00시,토요일,충청북도 청주시 서원구 산남동,경상사고,0,0,1,0,차대차 - 추돌,안전운전불이행,건조,맑음,교차로 - 교차로부근,승용,남,49세,상해없음,승용,남,24세,경상
2018090100100016,2018년 9월 1일 00시,토요일,충청북도 청주시 상당구 남주동,경상사고,0,0,2,0,차대차 - 측면충돌,안전운전불이행,건조,맑음,단일로 - 기타,승용,남,28세,경상,승용,남,29세,경상
2018090100100046,2018년 9월 1일 02시,토요일,충청북도 청주시 서원구 산남동,중상사고,0,1,0,0,차대사람 - 차도통행중,안전운전불이행,건조,맑음,단일로 - 지하차도(도로)내,승용,여,47세,상해없음,보행자,남,44세,중상
2018090100100091,2018년 9월 1일 05시,토요일,충청북도 충주시 대소원면,경상사고,0,0,1,0,차대사람 - 차도통행중,안전운전불이행,건조,맑음,단일로 - 기타,화물,남,62세,상해없음,보행자,여,39세,경상
2018090100100139,2018년 9월 1일 08시,토요일,충청북도 제천시 서부동,중상사고,0,1,0,0,차대차 - 측면충돌,안전운전불이행,건조,맑음,단일로 - 기타,승용,남,26세,상해없음,자전거,남,86세,중상
2018090100100185,2018년 9월 1일 10시,토요일,충청북도 옥천군 옥천읍,경상사고,0,0,1,0,차량단독 - 도로외이탈 - 추락,안전운전불이행,건조,맑음,주차장 - 주차장,화물,남,68세,경상,,,,
2018090100100221,2018년 9월 1일 11시,토요일,충청북도 청주시 서원구 수곡동,경상사고,0,0,1,0,차대차 - 측면충돌,교차로운행방법위반,건조,맑음,교차로 - 교차로안,승용,남,56세,상해없음,승용,남,60세,경상
2018090100100246,2018년 9월 1일 12시,토요일,충청북도 충주시 용탄동,중상사고,0,1,1,0,차대차 - 측면충돌,안전거리미확보,건조,맑음,단일로 - 기타,승용,여,63세,상해없음,승용,남,29세,경상
2018090100100247,2018년 9월 1일 12시,토요일,충청북도 청주시 흥덕구 비하동,경상사고,0,0,1,0,차대차 - 기타,교차로운행방법위반,건조,맑음,교차로 - 교차로부근,승용,남,51세,상해없음,이륜,남,32세,경상
2018090100100280,2018년 9월 1일 13시,토요일,충청북도 충주시 노은면,경상사고,0,0,2,0,차대차 - 후진중충돌,안전운전불이행,건조,맑음,주차장 - 주차장,승용,남,41세,상해없음,승용,남,45세,경상
2018090100100281,2018년 9월 1일 13시,토요일,충청북도 제천시 하소동,경상사고,0,0,1,0,차대차 - 측면충돌,직진우회전진행방해,건조,맑음,교차로 - 교차로안,승용,남,35세,상해없음,이륜,남,34세,경상
2018090100100282,2018년 9월 1일 13시,토요일,충청북도 청주시 흥덕구 복대동,부상신고사고,0,0,0,1,차대차 - 기타,안전거리미확보,건조,맑음,단일로 - 지하차도(도로)내,승용,남,40세,부상신고,화물,남,70세,상해없음
2018090100100318,2018년 9월 1일 14시,토요일,충청북도 충주시 문화동,경상사고,0,0,1,0,차대차 - 기타,안전운전불이행,건조,맑음,단일로 - 기타,승용,여,64세,상해없음,자전거,남,17세,경상
2018090100100319,2018년 9월 1일 14시,토요일,충청북도 청주시 흥덕구 비하동,경상사고,0,0,3,1,차대차 - 측면충돌,교차로운행방법위반,건조,맑음,교차로 - 교차로안,이륜,남,33세,부상신고,승용,남,54세,경상
2018090100100357,2018년 9월 1일 15시,토요일,충청북도 충주시 신니면,경상사고,0,0,1,0,차대차 - 기타,신호위반,건조,맑음,교차로 - 교차로안,승용,남,51세,상해없음,화물,남,34세,경상
2018090100100358,2018년 9월 1일 15시,토요일,충청북도 충주시 문화동,경상사고,0,0,1,0,차대차 - 측면충돌,신호위반,건조,맑음,교차로 - 교차로안,화물,남,60세,상해없음,승용,여,31세,경상
2018090100100359,2018년 9월 1일 15시,토요일,충청북도 충주시 산척면,중상사고,0,1,5,0,차대차 - 추돌,안전거리미확보,건조,맑음,단일로 - 기타,승용,남,42세,상해없음,승용,남,32세,경상
2018090100100360,2018년 9월 1일 15시,토요일,충청북도 괴산군 괴산읍,경상사고,0,0,1,0,차대차 - 측면충돌,안전운전불이행,건조,맑음,교차로 - 교차로안,승용,남,62세,상해없음,자전거,남,15세,경상
2018090100100361,2018년 9월 1일 15시,토요일,충청북도 옥천군 옥천읍,경상사고,0,0,2,0,차대차 - 측면충돌,교차로운행방법위반,건조,맑음,교차로 - 교차로안,승용,여,37세,상해없음,자전거,남,12세,경상
2018090100100399,2018년 9월 1일 16시,토요일,충청북도 괴산군 청천면,경상사고,0,0,2,0,차대차 - 측면충돌,안전운전불이행,건조,맑음,단일로 - 기타,승합,남,56세,상해없음,화물,남,56세,경상
2018090100100400,2018년 9월 1일 16시,토요일,충청북도 청주시 서원구 성화동,경상사고,0,0,1,0,차대차 - 측면충돌,안전운전불이행,건조,맑음,교차로 - 교차로안,승용,남,44세,상해없음,승용,남,34세,경상
2018090100100401,2018년 9월 1일 16시,토요일,충청북도 청주시 흥덕구 향정동,경상사고,0,0,1,0,차대사람 - 횡단중,신호위반,건조,맑음,교차로 - 교차로횡단보도내,승용,남,63세,상해없음,보행자,남,62세,경상
2018090100100472,2018년 9월 1일 18시,토요일,충청북도 옥천군 옥천읍,중상사고,0,2,0,0,차량단독 - 기타,안전운전불이행,건조,맑음,기타 - 기타,승용,남,26세,중상,,,,
2018090100100503,2018년 9월 1일 19시,토요일,충청북도 음성군 금왕읍,경상사고,0,0,3,0,차대차 - 추돌,안전운전불이행,건조,맑음,교차로 - 교차로부근,승용,남,47세,상해없음,승용,남,29세,경상
2018090100100537,2018년 9월 1일 20시,토요일,충청북도 청주시 흥덕구 복대동,경상사고,0,0,1,0,차대차 - 기타,안전운전불이행,건조,맑음,교차로 - 교차로부근,승용,남,55세,상해없음,이륜,남,36세,경상
2018090100100568,2018년 9월 1일 21시,토요일,충청북도 청주시 서원구 산남동,경상사고,0,0,2,0,차대차 - 추돌,안전운전불이행,건조,맑음,교차로 - 교차로안,승용,남,25세,상해없음,승용,남,27세,경상
2018090100100615,2018년 9월 1일 23시,토요일,충청북도 청주시 상당구 용암동,중상사고,0,1,0,0,차대사람 - 횡단중,안전운전불이행,건조,맑음,단일로 - 지하차도(도로)내,이륜,남,42세,상해없음,보행자,남,53세,중상
2018090200100009,2018년 9월 2일 00시,일요일,충청북도 제천시 청전동,경상사고,0,0,2,0,차대차 - 정면충돌,중앙선침범,건조,맑음,교차로 - 교차로안,승용,남,36세,상해없음,승용,남,21세,경상
2018090200100053,2018년 9월 2일 04시,일요일,충청북도 청주시 흥덕구 송정동,부상신고사고,0,0,0,1,차대차 - 측면충돌,신호위반,건조,맑음,교차로 - 교차로안,기타불명,기타불명,미분류,기타불명,승용,여,64세,부상신고
2018090200100072,2018년 9월 2일 06시,일요일,충청북도 청주시 상당구 북문로2가동,중상사고,0,1,0,0,차대사람 - 기타,안전운전불이행,건조,맑음,단일로 - 기타,승합,남,52세,상해없음,보행자,여,68세,중상
2018090200100084,2018년 9월 2일 07시,일요일,충청북도 충주시 교현동,부상신고사고,0,0,0,1,차대차 - 기타,교차로운행방법위반,건조,맑음,교차로 - 교차로부근,이륜,남,64세,부상신고,자전거,기타불명,미분류,기타불명
2018090200100085,2018년 9월 2일 07시,일요일,충청북도 충주시 봉방동,중상사고,0,1,0,0,차대차 - 기타,안전운전불이행,건조,맑음,교차로 - 교차로안,승용,남,58세,상해없음,자전거,남,79세,중상
2018090200100105,2018년 9월 2일 08시,일요일,충청북도 청주시 상당구 용담동,경상사고,0,0,3,0,차대차 - 추돌,안전운전불이행,건조,맑음,교차로 - 교차로부근,승용,남,47세,상해없음,승용,남,59세,경상
2018090200100141,2018년 9월 2일 10시,일요일,충청북도 청주시 상당구 남주동,경상사고,0,0,2,0,차대차 - 측면충돌,안전운전불이행,건조,맑음,교차로 - 교차로안,승용,여,48세,경상,화물,남,54세,경상
2018090200100155,2018년 9월 2일 11시,일요일,충청북도 충주시 수안보면,경상사고,0,0,3,0,차대차 - 측면충돌,안전운전불이행,건조,맑음,기타 - 기타,승용,남,52세,경상,승합,남,71세,경상
2018090200100156,2018년 9월 2일 11시,일요일,충청북도 괴산군 칠성면,중상사고,0,1,6,0,차대차 - 측면충돌,중앙선침범,건조,맑음,단일로 - 기타,승용,남,33세,경상,승용,남,73세,중상
2018090200100157,2018년 9월 2일 11시,일요일,충청북도 보은군 회남면,경상사고,0,0,1,0,차대사람 - 기타,안전운전불이행,건조,맑음,교차로 - 교차로안,승합,남,37세,상해없음,보행자,여,83세,경상
2018090200100181,2018년 9월 2일 12시,일요일,충청북도 충주시 연수동,경상사고,0,0,1,0,차대차 - 기타,신호위반,건조,맑음,교차로 - 교차로안,승용,여,49세,상해없음,승용,남,70세,상해없음
2018090200100182,2018년 9월 2일 12시,일요일,충청북도 음성군 음성읍,중상사고,0,1,0,0,차대차 - 측면충돌,교차로운행방법위반,건조,맑음,교차로 - 교차로안,승용,남,45세,상해없음,이륜,남,72세,중상
2018090200100183,2018년 9월 2일 12시,일요일,충청북도 청주시 상당구 낭성면,중상사고,0,1,0,0,차대차 - 측면충돌,안전운전불이행,건조,맑음,단일로 - 지하차도(도로)내,승용,남,65세,상해없음,자전거,남,51세,중상
2018090200100210,2018년 9월 2일 13시,일요일,충청북도 청주시 청원구 오동동,경상사고,0,0,1,0,차대차 - 기타,안전운전불이행,건조,맑음,단일로 - 기타,승용,남,44세,상해없음,승용,여,59세,경상
2018090200100211,2018년 9월 2일 13시,일요일,충청북도 충주시 지현동,중상사고,0,1,0,0,차대차 - 기타,안전운전불이행,건조,맑음,기타 - 기타,승용,여,43세,상해없음,자전거,남,38세,중상
2018090200100212,2018년 9월 2일 13시,일요일,충청북도 단양군 대강면,중상사고,0,1,2,0,차대차 - 측면충돌,안전운전불이행,건조,맑음,단일로 - 기타,승용,여,54세,상해없음,승용,남,30세,경상
2018090200100237,2018년 9월 2일 14시,일요일,충청북도 충주시 목행동,경상사고,0,0,3,0,차대차 - 정면충돌,안전거리미확보,건조,맑음,교차로 - 교차로부근,승용,여,48세,경상,승용,여,27세,경상
2018090200100238,2018년 9월 2일 14시,일요일,충청북도 청주시 흥덕구 비하동,중상사고,0,1,0,0,차대차 - 측면충돌,안전운전불이행,건조,맑음,교차로 - 교차로안,승용,남,31세,상해없음,자전거,여,55세,중상
2018090200100239,2018년 9월 2일 14시,일요일,충청북도 청주시 청원구 정상동,경상사고,0,0,2,0,차대사람 - 횡단중,보행자보호의무위반,건조,맑음,교차로 - 교차로횡단보도내,화물,남,59세,상해없음,보행자,여,11세,경상
2018090200100240,2018년 9월 2일 14시,일요일,충청북도 청주시 서원구 분평동,경상사고,0,0,2,0,차대차 - 기타,안전운전불이행,건조,맑음,교차로 - 교차로안,개인형이동수단(PM),남,11세,경상,승용,남,55세,상해없음
2018090200100281,2018년 9월 2일 16시,일요일,충청북도 청주시 서원구 모충동,중상사고,0,1,0,0,차대차 - 측면충돌,안전운전불이행,건조,맑음,단일로 - 기타,개인형이동수단(PM),남,22세,상해없음,자전거,남,58세,중상
2018090200100318,2018년 9월 2일 17시,일요일,충청북도 음성군 음성읍,경상사고,0,0,4,0,차대차 - 기타,안전거리미확보,건조,맑음,단일로 - 기타,승용,남,49세,경상,화물,남,38세,기타불명
2018090200100343,2018년 9월 2일 18시,일요일,충청북도 제천시 송학면,경상사고,0,0,2,0,차량단독 - 전도전복 - 전복,안전운전불이행,건조,맑음,단일로 - 기타,화물,남,74세,경상,미분류,미분류,미분류,미분류
2018090200100344,2018년 9월 2일 18시,일요일,충청북도 제천시 수산면,부상신고사고,0,0,0,1,차대차 - 측면충돌,안전운전불이행,건조,맑음,교차로 - 교차로안,승합,남,46세,상해없음,자전거,여,10세,부상신고
2018090200100369,2018년 9월 2일 19시,일요일,충청북도 청주시 청원구 내덕동,중상사고,0,1,0,0,차량단독 - 전도전복 - 전도,안전운전불이행,건조,맑음,단일로 - 기타,이륜,남,34세,중상,미분류,미분류,미분류,미분류
2018090200100370,2018년 9월 2일 19시,일요일,충청북도 제천시 남천동,중상사고,0,1,0,0,차대사람 - 횡단중,보행자보호의무위반,건조,맑음,교차로 - 교차로횡단보도내,화물,남,45세,상해없음,보행자,남,66세,중상
2018090200100413,2018년 9월 2일 20시,일요일,충청북도 제천시 신백동,경상사고,0,0,1,0,차대차 - 측면충돌,교차로운행방법위반,건조,맑음,교차로 - 교차로안,화물,남,62세,상해없음,이륜,남,32세,경상
2018090200100449,2018년 9월 2일 22시,일요일,충청북도 청주시 서원구 미평동,경상사고,0,0,1,0,차대차 - 추돌,안전거리미확보,건조,맑음,단일로 - 지하차도(도로)내,승용,남,58세,상해없음,승용,남,50세,경상
2018090300100023,2018년 9월 3일 04시,월요일,충청북도 제천시 금성면,중상사고,0,1,1,0,차대차 - 추돌,안전운전불이행,건조,흐림,단일로 - 기타,특수,남,43세,중상,건설기계,남,49세,경상
2018090300100103,2018년 9월 3일 08시,월요일,충청북도 청주시 청원구 오동동,중상사고,0,1,0,0,차대차 - 측면충돌,안전운전불이행,건조,맑음,단일로 - 기타,화물,남,55세,상해없음,승용,여,53세,중상
2018090300100104,2018년 9월 3일 08시,월요일,충청북도 청주시 흥덕구 복대동,경상사고,0,0,2,0,차대차 - 기타,교차로운행방법위반,건조,맑음,교차로 - 교차로안,승용,여,45세,경상,승용,남,54세,경상
2018090300100152,2018년 9월 3일 09시,월요일,충청북도 청주시 서원구 산남동,경상사고,0,0,1,0,차대사람 - 횡단중,보행자보호의무위반,건조,맑음,교차로 - 교차로횡단보도내,승용,여,43세,상해없음,보행자,여,51세,경상
2018090300100153,2018년 9월 3일 09시,월요일,충청북도 괴산군 장연면,중상사고,0,2,0,0,차대차 - 기타,안전운전불이행,건조,맑음,단일로 - 기타,승용,여,40세,상해없음,화물,남,58세,상해없음
2018090300100186,2018년 9월 3일 10시,월요일,충청북도 음성군 감곡면,중상사고,0,1,0,0,차대사람 - 보도통행중,안전운전불이행,젖음/습기,흐림,교차로 - 교차로부근,승용,남,81세,상해없음,보행자,남,39세,중상
2018090300100247,2018년 9월 3일 12시,월요일,충청북도 영동군 황간면,중상사고,0,1,0,0,차대사람 - 횡단중,안전운전불이행,건조,맑음,단일로 - 기타,승용,여,45세,상해없음,보행자,여,49세,중상
2018090300100285,2018년 9월 3일 13시,월요일,충청북도 청주시 흥덕구 가경동,경상사고,0,0,1,0,차대사람 - 기타,보행자보호의무위반,건조,맑음,교차로 - 교차로횡단보도내,승용,남,60세,상해없음,보행자,남,9세,경상
2018090300100304,2018년 9월 3일 14시,월요일,충청북도 청주시 청원구 오창읍,중상사고,0,1,0,0,차대차 - 측면충돌,신호위반,건조,맑음,교차로 - 교차로부근,승용,남,60세,상해없음,승용,남,31세,중상
2018090300100335,2018년 9월 3일 15시,월요일,충청북도 충주시 안림동,중상사고,0,1,0,0,차대차 - 기타,직진우회전진행방해,건조,흐림,교차로 - 교차로안,승용,여,46세,상해없음,이륜,남,75세,중상