사고번호,사고일시,요일,시군구,사고내용,사망자수,중상자수,경상자수,부상신고자수,사고유형,법규위반,노면상태,기상상태,도로형태,가해운전자 차종,가해운전자 성별,가해운전자 연령,가해운전자 상해정도,피해운전자 차종,피해운전자 성별,피해운전자 연령,피해운전자 상해정도
2018092000100347,2018년 9월 20일 14시,목요일,충청북도 청주시 흥덕구 복대동,경상사고,0,0,3,1,차대차 - 측면충돌,신호위반,건조,맑음,교차로 - 교차로안,승용,여,47세,부상신고,승합,남,68세,경상
2018092000100348,2018년 9월 20일 14시,목요일,충청북도 청주시 서원구 수곡동,중상사고,0,1,1,0,차대차 - 측면충돌,신호위반,건조,맑음,교차로 - 교차로안,화물,남,77세,중상,승용,여,53세,경상
2018092000100392,2018년 9월 20일 15시,목요일,충청북도 충주시 성서동,경상사고,0,0,1,0,차대사람 - 기타,안전운전불이행,건조,맑음,단일로 - 기타,승용,여,44세,상해없음,보행자,남,43세,경상
2018092000100393,2018년 9월 20일 15시,목요일,충청북도 청주시 흥덕구 지동동,경상사고,0,0,2,0,차대차 - 추돌,안전운전불이행,건조,맑음,교차로 - 교차로부근,승용,남,53세,상해없음,승용,남,32세,경상
2018092000100429,2018년 9월 20일 16시,목요일,충청북도 청주시 서원구 사창동,경상사고,0,0,1,0,차대차 - 측면충돌,안전거리미확보,건조,맑음,단일로 - 기타,승용,여,65세,상해없음,승용,여,52세,경상
2018092000100430,2018년 9월 20일 16시,목요일,충청북도 충주시 문화동,중상사고,0,1,0,0,차대사람 - 차도통행중,안전운전불이행,건조,맑음,교차로 - 교차로안,승용,남,56세,상해없음,보행자,여,71세,중상
2018092000100431,2018년 9월 20일 16시,목요일,충청북도 충주시 주덕읍,경상사고,0,0,1,0,차대차 - 기타,안전운전불이행,건조,흐림,단일로 - 기타,승용,남,60세,상해없음,승용,남,48세,경상
2018092000100521,2018년 9월 20일 18시,목요일,충청북도 청주시 흥덕구 가경동,경상사고,0,0,1,0,차대차 - 기타,교차로운행방법위반,건조,맑음,교차로 - 교차로안,승용,여,44세,상해없음,이륜,남,75세,경상
2018092000100522,2018년 9월 20일 18시,목요일,충청북도 청주시 상당구 서문동,경상사고,0,0,1,0,차대차 - 측면충돌,안전운전불이행,건조,흐림,교차로 - 교차로횡단보도내,승용,여,57세,상해없음,승용,남,45세,경상
2018092000100523,2018년 9월 20일 18시,목요일,충청북도 청주시 상당구 용암동,경상사고,0,0,1,0,차대사람 - 차도통행중,안전운전불이행,건조,맑음,단일로 - 지하차도(도로)내,승용,남,71세,상해없음,보행자,여,16세,경상
2018092000100591,2018년 9월 20일 19시,목요일,충청북도 충주시 주덕읍,중상사고,0,1,0,0,차대사람 - 차도통행중,안전운전불이행,건조,맑음,기타 - 기타,화물,남,53세,상해없음,보행자,남,74세,중상
2018092000100592,2018년 9월 20일 19시,목요일,충청북도 청주시 상당구 용담동,경상사고,0,0,1,0,차대차 - 측면충돌,안전운전불이행,건조,흐림,단일로 - 지하차도(도로)내,승용,여,44세,상해없음,이륜,남,50세,경상
2018092000100593,2018년 9월 20일 19시,목요일,충청북도 청주시 상당구 용암동,경상사고,0,0,1,0,차대사람 - 차도통행중,안전운전불이행,젖음/습기,비,기타 - 기타,승용,여,57세,상해없음,보행자,여,35세,경상
2018092000100646,2018년 9월 20일 20시,목요일,충청북도 청주시 흥덕구 복대동,경상사고,0,0,1,0,차대차 - 기타,안전운전불이행,건조,맑음,단일로 - 기타,승용,남,66세,상해없음,이륜,남,18세,경상
2018092000100647,2018년 9월 20일 20시,목요일,충청북도 청주시 상당구 금천동,경상사고,0,0,4,0,차대차 - 후진중충돌,안전운전불이행,건조,맑음,단일로 - 기타,승용,여,53세,상해없음,승용,남,36세,경상
2018092000100713,2018년 9월 20일 22시,목요일,충청북도 제천시 청전동,중상사고,0,1,1,0,차대차 - 측면충돌,안전운전불이행,건조,맑음,교차로 - 교차로안,승용,남,26세,상해없음,승용,남,58세,중상
2018092000100714,2018년 9월 20일 22시,목요일,충청북도 음성군 대소면,중상사고,0,2,1,0,차대차 - 추돌,안전운전불이행,젖음/습기,비,교차로 - 교차로부근,승용,남,31세,상해없음,승용,남,21세,경상
2018092000100715,2018년 9월 20일 22시,목요일,충청북도 진천군 진천읍,경상사고,0,0,2,0,차대차 - 기타,중앙선침범,건조,맑음,단일로 - 기타,승용,여,46세,상해없음,승용,남,23세,경상
2018092000100750,2018년 9월 20일 23시,목요일,충청북도 청주시 청원구 사천동,경상사고,0,0,2,0,차대차 - 기타,신호위반,건조,맑음,교차로 - 교차로안,기타불명,기타불명,미분류,기타불명,승용,남,56세,상해없음
2018092100100013,2018년 9월 21일 00시,금요일,충청북도 음성군 금왕읍,중상사고,0,1,0,0,차대차 - 기타,신호위반,건조,맑음,교차로 - 교차로안,승용,남,32세,상해없음,승용,남,51세,중상
2018092100100034,2018년 9월 21일 01시,금요일,충청북도 청주시 서원구 분평동,중상사고,0,1,0,0,차대차 - 정면충돌,직진우회전진행방해,젖음/습기,흐림,교차로 - 교차로안,승용,남,50세,상해없음,이륜,남,17세,중상
2018092100100056,2018년 9월 21일 03시,금요일,충청북도 청주시 흥덕구 석소동,중상사고,0,1,0,0,차량단독 - 기타,안전운전불이행,젖음/습기,비,단일로 - 기타,승용,남,22세,상해없음,,,,
2018092100100071,2018년 9월 21일 04시,금요일,충청북도 청주시 서원구 사창동,경상사고,0,0,1,0,차대사람 - 횡단중,신호위반,젖음/습기,비,교차로 - 교차로횡단보도내,기타불명,기타불명,미분류,기타불명,보행자,여,80세,경상
2018092100100072,2018년 9월 21일 04시,금요일,충청북도 청주시 흥덕구 복대동,중상사고,0,1,0,0,차대사람 - 기타,안전운전불이행,젖음/습기,비,단일로 - 기타,승용,여,51세,상해없음,보행자,남,50세,중상
2018092100100086,2018년 9월 21일 05시,금요일,충청북도 증평군 증평읍,중상사고,0,2,0,0,차대차 - 측면충돌,신호위반,젖음/습기,비,교차로 - 교차로안,승용,남,56세,중상,화물,남,50세,중상
2018092100100124,2018년 9월 21일 07시,금요일,충청북도 음성군 금왕읍,중상사고,0,1,0,0,차량단독 - 공작물충돌,안전운전불이행,젖음/습기,비,교차로 - 교차로부근,승용,남,27세,중상,,,,
2018092100100125,2018년 9월 21일 07시,금요일,충청북도 청주시 서원구 남이면,경상사고,0,0,1,0,차대차 - 기타,불법유턴,젖음/습기,맑음,교차로 - 교차로부근,화물,남,54세,상해없음,승용,남,36세,경상
2018092100100126,2018년 9월 21일 07시,금요일,충청북도 청주시 흥덕구 오송읍,경상사고,0,0,1,0,차대차 - 기타,교차로운행방법위반,젖음/습기,비,교차로 - 교차로안,승용,여,46세,상해없음,승용,남,39세,경상
2018092100100155,2018년 9월 21일 08시,금요일,충청북도 청주시 서원구 산남동,경상사고,0,0,2,0,차대차 - 측면충돌,안전운전불이행,젖음/습기,비,교차로 - 교차로안,승용,남,63세,상해없음,승용,남,72세,경상
2018092100100199,2018년 9월 21일 09시,금요일,충청북도 제천시 중앙로1가,부상신고사고,0,0,0,1,차대사람 - 차도통행중,안전운전불이행,젖음/습기,비,단일로 - 지하차도(도로)내,승용,남,81세,상해없음,보행자,남,69세,부상신고
2018092100100200,2018년 9월 21일 09시,금요일,충청북도 청주시 상당구 석교동,경상사고,0,0,1,0,차대사람 - 길가장자리구역통행중,안전운전불이행,젖음/습기,비,단일로 - 지하차도(도로)내,승용,남,67세,상해없음,보행자,여,65세,경상
2018092100100241,2018년 9월 21일 10시,금요일,충청북도 충주시 달천동,경상사고,0,0,2,0,차대차 - 기타,직진우회전진행방해,젖음/습기,비,교차로 - 교차로안,화물,남,71세,상해없음,승용,남,22세,경상
2018092100100242,2018년 9월 21일 10시,금요일,충청북도 제천시 중앙로2가,경상사고,0,0,1,0,차대사람 - 횡단중,보행자보호의무위반,건조,흐림,단일로 - 기타,승용,남,81세,상해없음,보행자,여,81세,경상
2018092100100284,2018년 9월 21일 11시,금요일,충청북도 영동군 영동읍,중상사고,0,1,0,0,차대사람 - 횡단중,보행자보호의무위반,젖음/습기,비,교차로 - 교차로횡단보도내,승용,남,68세,상해없음,보행자,여,71세,중상
2018092100100316,2018년 9월 21일 12시,금요일,충청북도 충주시 동량면,중상사고,0,1,1,1,차대차 - 기타,직진우회전진행방해,젖음/습기,비,교차로 - 교차로안,승합,남,54세,부상신고,승용,여,65세,경상
2018092100100317,2018년 9월 21일 12시,금요일,충청북도 음성군 음성읍,경상사고,0,0,1,0,차대차 - 측면충돌,안전운전불이행,젖음/습기,비,교차로 - 교차로부근,승합,남,59세,상해없음,화물,남,46세,상해없음
2018092100100404,2018년 9월 21일 14시,금요일,충청북도 충주시 대소원면,중상사고,0,1,1,0,차대차 - 기타,직진우회전진행방해,건조,맑음,교차로 - 교차로안,승용,남,21세,중상,승용,남,50세,경상
2018092100100405,2018년 9월 21일 14시,금요일,충청북도 괴산군 감물면,경상사고,0,0,2,0,차대차 - 정면충돌,안전운전불이행,건조,맑음,단일로 - 기타,승용,여,51세,경상,승용,남,55세,경상
2018092100100459,2018년 9월 21일 15시,금요일,충청북도 청주시 서원구 사직동,경상사고,0,0,2,0,차대차 - 기타,중앙선침범,건조,맑음,교차로 - 교차로안,승용,여,58세,상해없음,승용,남,69세,상해없음
2018092100100460,2018년 9월 21일 15시,금요일,충청북도 청주시 청원구 내덕동,경상사고,0,0,1,0,차대차 - 추돌,안전운전불이행,건조,맑음,단일로 - 기타,승용,남,21세,상해없음,승용,여,47세,경상
2018092100100461,2018년 9월 21일 15시,금요일,충청북도 청주시 서원구 개신동,경상사고,0,0,1,0,차대차 - 기타,안전거리미확보,젖음/습기,비,단일로 - 고가도로위,승용,남,47세,상해없음,승용,남,80세,경상
2018092100100462,2018년 9월 21일 15시,금요일,충청북도 괴산군 괴산읍,경상사고,0,0,1,0,차대차 - 측면충돌,안전운전불이행,건조,맑음,주차장 - 주차장,승용,남,41세,경상,화물,남,40세,상해없음
2018092100100463,2018년 9월 21일 15시,금요일,충청북도 청주시 서원구 수곡동,경상사고,0,0,1,0,차대차 - 기타,안전운전불이행,젖음/습기,비,단일로 - 기타,이륜,남,20세,경상,승용,남,50세,상해없음
2018092100100499,2018년 9월 21일 16시,금요일,충청북도 청주시 청원구 오창읍,경상사고,0,0,2,0,차대차 - 기타,안전운전불이행,건조,맑음,단일로 - 기타,승용,남,26세,상해없음,승용,여,44세,경상
2018092100100500,2018년 9월 21일 16시,금요일,충청북도 충주시 연수동,경상사고,0,0,1,0,차대차 - 기타,안전운전불이행,건조,맑음,단일로 - 기타,승용,남,73세,상해없음,승용,여,48세,경상
2018092100100501,2018년 9월 21일 16시,금요일,충청북도 청주시 상당구 낭성면,경상사고,0,0,1,0,차량단독 - 전도전복 - 전도,안전운전불이행,건조,맑음,단일로 - 기타,화물,남,68세,경상,미분류,미분류,미분류,미분류
2018092100100566,2018년 9월 21일 17시,금요일,충청북도 충주시 성내동,경상사고,0,0,1,0,차대차 - 기타,안전운전불이행,건조,맑음,단일로 - 기타,승용,남,38세,상해없음,이륜,남,32세,경상
2018092100100567,2018년 9월 21일 17시,금요일,충청북도 청주시 흥덕구 가경동,경상사고,0,0,1,0,차대차 - 측면충돌,안전운전불이행,건조,맑음,교차로 - 교차로부근,승용,여,44세,상해없음,승용,남,26세,경상
2018092100100622,2018년 9월 21일 18시,금요일,충청북도 충주시 연수동,경상사고,0,0,1,0,차대차 - 후진중충돌,안전운전불이행,건조,맑음,단일로 - 기타,승용,남,32세,상해없음,승용,남,25세,경상
2018092100100623,2018년 9월 21일 18시,금요일,충청북도 청주시 서원구 남이면,경상사고,0,0,2,0,차대차 - 추돌,안전운전불이행,건조,맑음,단일로 - 기타,승용,남,30세,상해없음,승용,남,22세,상해없음
2018092100100624,2018년 9월 21일 18시,금요일,충청북도 청주시 상당구 남주동,경상사고,0,0,2,0,차대차 - 기타,안전거리미확보,건조,맑음,단일로 - 기타,승용,여,35세,상해없음,승용,남,62세,상해없음
2018092100100677,2018년 9월 21일 19시,금요일,충청북도 청주시 청원구 주중동,경상사고,0,0,1,0,차대차 - 기타,안전운전불이행,건조,맑음,교차로 - 교차로부근,승용,여,40세,상해없음,승용,남,36세,경상
2018092100100678,2018년 9월 21일 19시,금요일,충청북도 충주시 성서동,경상사고,0,0,1,0,차대사람 - 기타,안전운전불이행,건조,흐림,단일로 - 기타,승용,남,37세,상해없음,보행자,남,25세,경상
2018092100100679,2018년 9월 21일 19시,금요일,충청북도 청주시 흥덕구 오송읍,경상사고,0,0,2,0,차대차 - 추돌,안전거리미확보,건조,맑음,단일로 - 기타,승용,여,36세,경상,화물,남,63세,경상
2018092100100733,2018년 9월 21일 20시,금요일,충청북도 청주시 서원구 사창동,경상사고,0,0,1,0,차대차 - 기타,안전운전불이행,건조,맑음,교차로 - 교차로안,승용,남,29세,상해없음,승용,남,36세,경상
2018092100100787,2018년 9월 21일 21시,금요일,충청북도 충주시 주덕읍,중상사고,0,1,0,0,차대사람 - 횡단중,안전운전불이행,건조,맑음,교차로 - 교차로안,승용,여,44세,상해없음,보행자,남,46세,중상
2018092100100788,2018년 9월 21일 21시,금요일,충청북도 제천시 청전동,경상사고,0,0,3,0,차대차 - 후진중충돌,안전운전불이행,건조,맑음,교차로 - 교차로부근,승용,남,52세,상해없음,승용,여,21세,경상
2018092100100789,2018년 9월 21일 21시,금요일,충청북도 증평군 도안면,경상사고,0,0,2,1,차대차 - 측면충돌,안전거리미확보,건조,맑음,단일로 - 기타,승용,남,51세,부상신고,승용,남,55세,상해없음
2018092100100820,2018년 9월 21일 22시,금요일,충청북도 청주시 청원구 북이면,중상사고,0,1,0,0,차대차 - 기타,기타,건조,맑음,교차로 - 교차로안,승합,남,61세,상해없음,화물,남,51세,중상
2018092100100848,2018년 9월 21일 23시,금요일,충청북도 충주시 성서동,경상사고,0,0,1,0,차대차 - 측면충돌,안전운전불이행,건조,맑음,교차로 - 교차로횡단보도내,승용,남,60세,상해없음,자전거,남,22세,경상
2018092200100010,2018년 9월 22일 00시,토요일,충청북도 충주시 교현동,부상신고사고,0,0,0,1,차대차 - 기타,안전운전불이행,건조,맑음,기타 - 기타,승용,남,48세,상해없음,이륜,남,37세,부상신고
2018092200100011,2018년 9월 22일 00시,토요일,충청북도 충주시 칠금동,경상사고,0,0,5,0,차대차 - 추돌,안전운전불이행,건조,맑음,교차로 - 교차로안,승용,남,50세,상해없음,화물,남,24세,경상
2018092200100012,2018년 9월 22일 00시,토요일,충청북도 충주시 호암동,경상사고,0,0,1,0,차대차 - 기타,안전거리미확보,건조,맑음,단일로 - 기타,승용,남,41세,상해없음,승용,남,58세,경상
2018092200100013,2018년 9월 22일 00시,토요일,충청북도 청주시 상당구 용암동,경상사고,0,0,1,0,차대사람 - 횡단중,보행자보호의무위반,건조,맑음,교차로 - 교차로횡단보도내,승용,남,30세,상해없음,보행자,여,58세,경상
2018092200100035,2018년 9월 22일 01시,토요일,충청북도 진천군 이월면,중상사고,0,2,1,0,차대차 - 기타,신호위반,건조,맑음,교차로 - 교차로안,승용,남,29세,상해없음,승용,여,36세,중상
2018092200100050,2018년 9월 22일 02시,토요일,충청북도 충주시 교현동,경상사고,0,0,2,1,차대차 - 기타,신호위반,건조,맑음,교차로 - 교차로안,승용,남,34세,부상신고,승용,남,64세,경상
2018092200100080,2018년 9월 22일 04시,토요일,충청북도 충주시 교현동,경상사고,0,0,2,0,차대차 - 추돌,안전운전불이행,건조,맑음,단일로 - 기타,승용,남,45세,상해없음,승용,남,41세,경상
2018092200100096,2018년 9월 22일 05시,토요일,충청북도 청주시 흥덕구 가경동,중상사고,0,1,2,0,차대차 - 기타,안전운전불이행,건조,맑음,교차로 - 교차로부근,승용,남,35세,상해없음,승용,남,63세,중상
2018092200100113,2018년 9월 22일 06시,토요일,충청북도 충주시 교현동,경상사고,0,0,1,0,차대차 - 기타,안전운전불이행,건조,맑음,교차로 - 교차로부근,승용,남,33세,상해없음,승용,남,25세,상해없음
2018092200100114,2018년 9월 22일 06시,토요일,충청북도 청주시 흥덕구 송절동,중상사고,0,2,2,0,차대차 - 측면충돌,신호위반,건조,맑음,교차로 - 교차로안,승용,남,67세,중상,승용,여,46세,경상
2018092200100143,2018년 9월 22일 08시,토요일,충청북도 충주시 봉방동,중상사고,0,1,0,0,차대차 - 측면충돌,안전운전불이행,건조,맑음,교차로 - 교차로안,승용,남,52세,상해없음,승용,남,34세,중상
2018092200100144,2018년 9월 22일 08시,토요일,충청북도 단양군 매포읍,중상사고,0,1,0,0,차대사람 - 기타,안전운전불이행,건조,맑음,기타 - 기타,건설기계,남,56세,상해없음,보행자,남,27세,중상
2018092200100191,2018년 9월 22일 10시,토요일,충청북도 청주시 청원구 우암동,경상사고,0,0,1,0,차대차 - 기타,교차로운행방법위반,건조,맑음,교차로 - 교차로부근,승용,남,66세,상해없음,자전거,남,53세,경상
2018092200100192,2018년 9월 22일 10시,토요일,충청북도 진천군 진천읍,경상사고,0,0,1,3,차대차 - 기타,안전운전불이행,건조,맑음,단일로 - 기타,승용,남,40세,경상,승용,여,38세,부상신고
2018092200100193,2018년 9월 22일 10시,토요일,충청북도 청주시 흥덕구 비하동,경상사고,0,0,1,0,차대차 - 측면충돌,교차로운행방법위반,건조,맑음,교차로 - 교차로안,이륜,여,29세,경상,승용,여,22세,상해없음
2018092200100194,2018년 9월 22일 10시,토요일,충청북도 청주시 서원구 현도면,경상사고,0,0,1,1,차대차 - 측면충돌,교차로운행방법위반,건조,맑음,교차로 - 교차로안,승용,여,25세,부상신고,화물,남,42세,경상
2018092200100228,2018년 9월 22일 11시,토요일,충청북도 청주시 청원구 내수읍,중상사고,0,1,2,0,차대차 - 측면충돌,안전거리미확보,건조,맑음,교차로 - 교차로부근,승용,여,46세,상해없음,승용,남,46세,경상
2018092200100229,2018년 9월 22일 11시,토요일,충청북도 음성군 감곡면,중상사고,0,1,1,0,차량단독 - 공작물충돌,안전운전불이행,건조,맑음,교차로 - 교차로부근,승용,여,56세,경상,,,,
2018092200100230,2018년 9월 22일 11시,토요일,충청북도 단양군 단양읍,중상사고,0,1,0,0,차대사람 - 횡단중,보행자보호의무위반,건조,맑음,교차로 - 교차로횡단보도내,승합,남,29세,상해없음,보행자,여,54세,중상
2018092200100268,2018년 9월 22일 12시,토요일,충청북도 청주시 청원구 율량동,중상사고,0,1,0,0,차대차 - 기타,교차로운행방법위반,건조,맑음,교차로 - 교차로안,승용,남,29세,상해없음,자전거,남,80세,중상
2018092200100319,2018년 9월 22일 13시,토요일,충청북도 진천군 초평면,경상사고,0,0,1,0,차대차 - 측면충돌,교차로운행방법위반,건조,맑음,교차로 - 교차로안,승용,여,60세,기타불명,이륜,남,75세,경상
2018092200100364,2018년 9월 22일 14시,토요일,충청북도 청주시 상당구 금천동,경상사고,0,0,3,0,차대차 - 측면충돌,교차로운행방법위반,건조,맑음,교차로 - 교차로안,승용,남,87세,경상,승용,남,34세,경상
2018092200100399,2018년 9월 22일 15시,토요일,충청북도 충주시 문화동,경상사고,0,0,1,0,차대차 - 측면충돌,안전운전불이행,건조,맑음,단일로 - 기타,승용,남,56세,상해없음,승용,남,42세,경상
2018092200100400,2018년 9월 22일 15시,토요일,충청북도 영동군 심천면,중상사고,0,1,0,0,차량단독 - 전도전복 - 전도,안전운전불이행,건조,맑음,단일로 - 기타,이륜,여,68세,중상,미분류,미분류,미분류,미분류
2018092200100448,2018년 9월 22일 16시,토요일,충청북도 청주시 상당구 서운동,경상사고,0,0,1,0,차대차 - 측면충돌,안전운전불이행,건조,맑음,교차로 - 교차로안,화물,남,63세,상해없음,자전거,남,69세,경상
2018092200100504,2018년 9월 22일 17시,토요일,충청북도 충주시 문화동,경상사고,0,0,1,0,차대사람 - 기타,안전운전불이행,건조,맑음,교차로 - 교차로안,승용,남,47세,상해없음,보행자,여,17세,경상
2018092200100505,2018년 9월 22일 17시,토요일,충청북도 옥천군 군북면,경상사고,0,0,3,0,차대차 - 정면충돌,안전운전불이행,건조,맑음,단일로 - 기타,승용,남,39세,경상,승용,남,42세,경상
2018092200100506,2018년 9월 22일 17시,토요일,충청북도 청주시 흥덕구 비하동,중상사고,0,1,0,0,차대차 - 측면충돌,신호위반,건조,맑음,교차로 - 교차로안,승용,남,60세,상해없음,이륜,남,30세,중상
2018092200100546,2018년 9월 22일 18시,토요일,충청북도 청주시 흥덕구 신대동,중상사고,0,1,1,0,차대차 - 기타,안전운전불이행,건조,맑음,단일로 - 기타,승용,여,45세,상해없음,이륜,남,43세,중상
2018092200100635,2018년 9월 22일 20시,토요일,충청북도 청주시 상당구 지북동,경상사고,0,0,4,0,차대차 - 추돌,안전운전불이행,건조,맑음,교차로 - 교차로부근,승용,남,38세,상해없음,승용,여,30세,경상
2018092200100636,2018년 9월 22일 20시,토요일,충청북도 청주시 상당구 남문로2가동,경상사고,0,0,1,0,차대차 - 기타,안전운전불이행,건조,맑음,교차로 - 교차로안,승용,남,35세,상해없음,승용,남,65세,경상
2018092200100716,2018년 9월 22일 23시,토요일,충청북도 충주시 교현동,부상신고사고,0,0,0,1,차대차 - 기타,안전운전불이행,건조,맑음,단일로 - 기타,승용,남,42세,부상신고,건설기계,남,51세,상해없음
2018092200100717,2018년 9월 22일 23시,토요일,충청북도 제천시 의림동,중상사고,0,1,0,0,차대사람 - 횡단중,안전운전불이행,건조,맑음,단일로 - 기타,승용,남,60세,상해없음,보행자,남,51세,중상
2018092300100015,2018년 9월 23일 01시,일요일,충청북도 제천시 서부동,경상사고,0,0,1,0,차대사람 - 보도통행중,안전운전불이행,건조,맑음,단일로 - 지하차도(도로)내,승용,여,50세,상해없음,보행자,여,52세,경상
2018092300100016,2018년 9월 23일 01시,일요일,충청북도 청주시 상당구 방서동,경상사고,0,0,1,0,차대차 - 측면충돌,신호위반,건조,맑음,교차로 - 교차로안,승용,남,64세,상해없음,승용,남,55세,경상
2018092300100027,2018년 9월 23일 02시,일요일,충청북도 충주시 봉방동,부상신고사고,0,0,0,1,차량단독 - 공작물충돌,안전운전불이행,건조,맑음,기타 - 기타,승용,남,28세,부상신고,,,,
2018092300100094,2018년 9월 23일 09시,일요일,충청북도 청주시 상당구 석교동,경상사고,0,0,1,0,차대사람 - 기타,안전운전불이행,건조,맑음,단일로 - 기타,승용,여,59세,상해없음,보행자,남,69세,경상
2018092300100113,2018년 9월 23일 10시,일요일,충청북도 청주시 흥덕구 봉명동,경상사고,0,0,3,0,차대차 - 기타,교차로운행방법위반,건조,맑음,교차로 - 교차로안,승용,남,34세,경상,승용,남,61세,경상
2018092300100140,2018년 9월 23일 11시,일요일,충청북도 청주시 서원구 분평동,중상사고,0,1,0,0,차대차 - 기타,안전운전불이행,건조,맑음,단일로 - 기타,승용,남,61세,상해없음,자전거,여,50세,중상
2018092300100242,2018년 9월 23일 15시,일요일,충청북도 청주시 청원구 내수읍,경상사고,0,0,1,0,차대차 - 기타,교차로운행방법위반,건조,맑음,교차로 - 교차로안,승용,여,27세,상해없음,승용,남,45세,경상
2018092300100243,2018년 9월 23일 15시,일요일,충청북도 괴산군 괴산읍,중상사고,0,1,0,0,차대사람 - 횡단중,보행자보호의무위반,건조,맑음,교차로 - 교차로횡단보도내,승합,남,63세,상해없음,보행자,여,82세,중상
2018092300100279,2018년 9월 23일 16시,일요일,충청북도 충주시 주덕읍,경상사고,0,0,1,0,차대차 - 정면충돌,안전운전불이행,건조,맑음,교차로 - 교차로안,승용,남,26세,상해없음,자전거,남,11세,경상
2018092300100315,2018년 9월 23일 17시,일요일,충청북도 청주시 청원구 우암동,경상사고,0,0,1,0,차대차 - 추돌,안전운전불이행,건조,맑음,교차로 - 교차로부근,승용,남,22세,상해없음,승용,남,54세,경상
2018092300100346,2018년 9월 23일 18시,일요일,충청북도 청주시 상당구 용암동,부상신고사고,0,0,0,1,차량단독 - 도로외이탈 - 기타,안전운전불이행,건조,맑음,단일로 - 지하차도(도로)내,이륜,남,19세,부상신고,,,,
2018092300100347,2018년 9월 23일 18시,일요일,충청북도 충주시 노은면,사망사고,1,1,0,2,차대차 - 기타,안전거리미확보,건조,맑음,단일로 - 기타,기타불명,기타불명,미분류,기타불명,승용,여,52세,중상
2018092300100374,2018년 9월 23일 19시,일요일,충청북도 음성군 삼성면,중상사고,0,1,0,0,차대사람 - 횡단중,안전운전불이행,건조,맑음,교차로 - 교차로부근,승용,남,26세,상해없음,보행자,여,40세,중상
2018092300100375,2018년 9월 23일 19시,일요일,충청북도 청주시 흥덕구 옥산면,중상사고,0,1,0,1,차대차 - 측면충돌,신호위반,건조,맑음,교차로 - 교차로안,승용,남,30세,상해없음,승용,여,52세,중상
2018092300100400,2018년 9월 23일 20시,일요일,충청북도 청주시 상당구 남일면,중상사고,0,1,0,0,차대사람 - 횡단중,안전운전불이행,건조,맑음,단일로 - 기타,승용,남,31세,상해없음,보행자,여,71세,중상
2018092300100452,2018년 9월 23일 23시,일요일,충청북도 단양군 영춘면,중상사고,0,1,0,0,차대사람 - 기타,안전운전불이행,젖음/습기,안개,단일로 - 기타,승용,남,45세,상해없음,보행자,남,50세,중상
2018092300100453,2018년 9월 23일 23시,일요일,충청북도 청주시 흥덕구 봉명동,중상사고,0,1,0,0,차대사람 - 기타,중앙선침범,건조,맑음,단일로 - 기타,승용,남,33세,상해없음,보행자,남,48세,중상
2018092300100454,2018년 9월 23일 23시,일요일,충청북도 청주시 흥덕구 옥산면,중상사고,0,1,1,0,차대차 - 추돌,안전운전불이행,건조,맑음,교차로 - 교차로부근,승용,여,45세,상해없음,이륜,남,28세,중상
2018092300100455,2018년 9월 23일 23시,일요일,충청북도 청주시 흥덕구 복대동,경상사고,0,0,2,0,차대차 - 기타,안전운전불이행,건조,맑음,교차로 - 교차로부근,승용,남,32세,상해없음,승용,남,31세,경상
2018092400100011,2018년 9월 24일 01시,월요일,충청북도 청주시 청원구 주중동,중상사고,0,1,0,0,차대차 - 기타,신호위반,건조,맑음,교차로 - 교차로안,승용,남,55세,상해없음,승용,남,41세,중상
2018092400100070,2018년 9월 24일 09시,월요일,충청북도 청주시 청원구 오창읍,경상사고,0,0,1,0,차대차 - 기타,중앙선침범,건조,맑음,교차로 - 교차로안,승용,남,62세,상해없음,승용,남,35세,경상
2018092400100078,2018년 9월 24일 10시,월요일,충청북도 충주시 호암동,중상사고,0,1,2,0,차대차 - 기타,안전운전불이행,건조,맑음,단일로 - 기타,승용,여,46세,상해없음,승용,남,65세,중상
2018092400100136,2018년 9월 24일 12시,월요일,충청북도 청주시 상당구 낭성면,중상사고,0,1,6,0,차대차 - 추돌,안전거리미확보,건조,맑음,단일로 - 기타,화물,남,72세,중상,승용,남,42세,경상
2018092400100138,2018년 9월 24일 12시,월요일,충청북도 옥천군 청성면,경상사고,0,0,2,0,차대차 - 추돌,안전운전불이행,건조,맑음,단일로 - 터널,승용,남,32세,상해없음,승용,남,45세,상해없음
2018092400100198,2018년 9월 24일 14시,월요일,충청북도 충주시 호암동,경상사고,0,0,2,0,차대차 - 기타,안전운전불이행,건조,맑음,교차로 - 교차로안,승용,남,58세,상해없음,승용,남,54세,경상
2018092400100199,2018년 9월 24일 14시,월요일,충청북도 보은군 산외면,경상사고,0,0,2,0,차대차 - 추돌,안전운전불이행,건조,맑음,단일로 - 지하차도(도로)내,승용,여,55세,상해없음,화물,남,57세,경상
2018092400100225,2018년 9월 24일 15시,월요일,충청북도 제천시 동현동,중상사고,0,1,1,0,차대차 - 측면충돌,직진우회전진행방해,건조,맑음,교차로 - 교차로안,승용,남,61세,경상,승용,남,57세,중상