사고번호,사고일시,요일,시군구,사고내용,사망자수,중상자수,경상자수,부상신고자수,사고유형,법규위반,노면상태,기상상태,도로형태,가해운전자 차종,가해운전자 성별,가해운전자 연령,가해운전자 상해정도,피해운전자 차종,피해운전자 성별,피해운전자 연령,피해운전자 상해정도
2018092400100262,2018년 9월 24일 16시,월요일,충청북도 충주시 연수동,경상사고,0,0,1,0,차대차 - 기타,안전운전불이행,건조,맑음,단일로 - 기타,승합,남,49세,상해없음,승용,남,60세,경상
2018092400100300,2018년 9월 24일 17시,월요일,충청북도 음성군 금왕읍,경상사고,0,0,2,0,차대차 - 추돌,안전운전불이행,건조,맑음,단일로 - 기타,승용,남,35세,경상,승용,남,33세,상해없음
2018092400100301,2018년 9월 24일 17시,월요일,충청북도 청주시 흥덕구 강서동,중상사고,0,1,5,0,차대차 - 측면충돌,교차로운행방법위반,건조,맑음,교차로 - 교차로안,승용,여,23세,경상,승용,남,49세,중상
2018092400100341,2018년 9월 24일 19시,월요일,충청북도 증평군 증평읍,경상사고,0,0,3,0,차대차 - 기타,신호위반,건조,맑음,교차로 - 교차로안,승용,남,72세,상해없음,승용,남,38세,경상
2018092400100342,2018년 9월 24일 19시,월요일,충청북도 보은군 탄부면,중상사고,0,1,2,0,차대차 - 정면충돌,중앙선침범,건조,맑음,단일로 - 지하차도(도로)내,화물,남,51세,상해없음,승용,남,30세,경상
2018092400100368,2018년 9월 24일 20시,월요일,충청북도 진천군 초평면,경상사고,0,0,2,0,차대차 - 추돌,안전거리미확보,건조,맑음,단일로 - 기타,승용,여,43세,상해없음,승용,여,25세,경상
2018092400100391,2018년 9월 24일 21시,월요일,충청북도 청주시 청원구 내덕동,경상사고,0,0,1,0,차대차 - 기타,안전운전불이행,건조,맑음,교차로 - 교차로부근,승용,남,31세,상해없음,승용,남,50세,경상
2018092500100022,2018년 9월 25일 02시,화요일,충청북도 청주시 청원구 율량동,중상사고,0,2,0,0,차대차 - 측면충돌,안전거리미확보,건조,맑음,단일로 - 기타,승용,남,26세,중상,승용,남,26세,중상
2018092500100023,2018년 9월 25일 02시,화요일,충청북도 청주시 상당구 금천동,경상사고,0,0,2,0,차대차 - 측면충돌,신호위반,건조,맑음,교차로 - 교차로안,승용,남,25세,상해없음,승용,남,28세,경상
2018092500100032,2018년 9월 25일 03시,화요일,충청북도 청주시 상당구 영동,사망사고,1,0,0,0,차량단독 - 기타,안전운전불이행,건조,맑음,단일로 - 기타,이륜,남,27세,사망,,,,
2018092500100042,2018년 9월 25일 06시,화요일,충청북도 청주시 서원구 산남동,경상사고,0,0,1,0,차량단독 - 공작물충돌,안전운전불이행,건조,맑음,단일로 - 지하차도(도로)내,이륜,남,50세,경상,,,,
2018092500100102,2018년 9월 25일 10시,화요일,충청북도 청주시 상당구 영운동,중상사고,0,3,0,0,차대차 - 측면충돌,중앙선침범,건조,맑음,교차로 - 교차로안,승합,남,56세,상해없음,승용,남,39세,중상
2018092500100124,2018년 9월 25일 11시,화요일,충청북도 진천군 진천읍,중상사고,0,1,3,0,차대차 - 기타,중앙선침범,건조,맑음,교차로 - 교차로안,승용,남,54세,상해없음,승용,여,28세,경상
2018092500100153,2018년 9월 25일 12시,화요일,충청북도 괴산군 괴산읍,중상사고,0,2,2,0,차대차 - 측면충돌,중앙선침범,건조,맑음,단일로 - 기타,승용,여,76세,상해없음,승용,남,53세,중상
2018092500100154,2018년 9월 25일 12시,화요일,충청북도 청주시 흥덕구 수의동,경상사고,0,0,1,0,차대차 - 기타,안전운전불이행,건조,맑음,단일로 - 기타,화물,남,54세,상해없음,승용,남,30세,상해없음
2018092500100187,2018년 9월 25일 13시,화요일,충청북도 제천시 중앙로1가,경상사고,0,0,3,0,차대차 - 측면충돌,신호위반,건조,맑음,교차로 - 교차로안,승용,여,56세,상해없음,승용,남,53세,경상
2018092500100208,2018년 9월 25일 14시,화요일,충청북도 제천시 청전동,중상사고,0,1,0,0,차대사람 - 횡단중,보행자보호의무위반,건조,맑음,단일로 - 기타,승용,여,47세,상해없음,보행자,남,10세,중상
2018092500100268,2018년 9월 25일 16시,화요일,충청북도 제천시 송학면,부상신고사고,0,0,0,5,차대차 - 추돌,안전거리미확보,건조,맑음,단일로 - 기타,승용,남,79세,부상신고,승용,남,28세,부상신고
2018092500100269,2018년 9월 25일 16시,화요일,충청북도 제천시 봉양읍,중상사고,0,3,0,0,차대차 - 측면충돌,중앙선침범,건조,맑음,단일로 - 지하차도(도로)내,화물,남,71세,상해없음,승용,남,40세,중상
2018092500100309,2018년 9월 25일 17시,화요일,충청북도 옥천군 옥천읍,경상사고,0,0,2,0,차대차 - 측면충돌,안전운전불이행,건조,맑음,교차로 - 교차로부근,승용,여,45세,상해없음,승용,남,65세,경상
2018092500100310,2018년 9월 25일 17시,화요일,충청북도 청주시 상당구 남문로1가동,경상사고,0,0,1,0,차대사람 - 기타,안전운전불이행,건조,맑음,단일로 - 기타,승용,남,49세,상해없음,보행자,남,69세,경상
2018092500100372,2018년 9월 25일 19시,화요일,충청북도 진천군 백곡면,중상사고,0,2,0,0,차대차 - 추돌,안전거리미확보,건조,맑음,단일로 - 교량,승용,남,51세,상해없음,승용,남,62세,중상
2018092500100373,2018년 9월 25일 19시,화요일,충청북도 청주시 상당구 남주동,중상사고,0,2,2,0,차대차 - 측면충돌,중앙선침범,건조,맑음,단일로 - 기타,승용,남,54세,경상,승용,남,46세,중상
2018092500100413,2018년 9월 25일 20시,화요일,충청북도 청주시 서원구 모충동,경상사고,0,0,1,0,차대사람 - 기타,안전운전불이행,건조,맑음,단일로 - 지하차도(도로)내,개인형이동수단(PM),남,29세,상해없음,보행자,남,74세,경상
2018092500100440,2018년 9월 25일 21시,화요일,충청북도 제천시 동현동,경상사고,0,0,1,0,차대차 - 측면충돌,직진우회전진행방해,건조,맑음,교차로 - 교차로안,승용,여,60세,상해없음,승용,남,52세,경상
2018092500100465,2018년 9월 25일 22시,화요일,충청북도 청주시 서원구 사창동,경상사고,0,0,6,0,차대차 - 기타,안전운전불이행,건조,맑음,단일로 - 기타,승합,남,58세,상해없음,승용,남,51세,경상
2018092600100013,2018년 9월 26일 00시,수요일,충청북도 제천시 송학면,경상사고,0,0,1,0,차대차 - 측면충돌,안전거리미확보,건조,맑음,단일로 - 기타,화물,남,60세,상해없음,승용,남,30세,경상
2018092600100062,2018년 9월 26일 05시,수요일,충청북도 청주시 청원구 우암동,경상사고,0,0,4,0,차대차 - 측면충돌,신호위반,건조,맑음,교차로 - 교차로안,승용,남,23세,경상,화물,남,49세,경상
2018092600100089,2018년 9월 26일 08시,수요일,충청북도 영동군 영동읍,중상사고,0,1,1,0,차대차 - 측면충돌,중앙선침범,건조,맑음,단일로 - 기타,화물,남,38세,상해없음,승용,남,36세,경상
2018092600100127,2018년 9월 26일 11시,수요일,충청북도 청주시 서원구 수곡동,경상사고,0,0,1,0,차대차 - 추돌,안전운전불이행,건조,맑음,교차로 - 교차로부근,승용,여,65세,상해없음,이륜,남,34세,경상
2018092600100128,2018년 9월 26일 11시,수요일,충청북도 청주시 상당구 금천동,중상사고,0,1,0,0,차대차 - 측면충돌,안전운전불이행,건조,맑음,교차로 - 교차로안,승용,남,68세,상해없음,승용,여,61세,중상
2018092600100211,2018년 9월 26일 14시,수요일,충청북도 옥천군 옥천읍,경상사고,0,0,1,0,차대차 - 측면충돌,교차로운행방법위반,건조,맑음,교차로 - 교차로안,승용,남,56세,경상,승용,남,25세,상해없음
2018092600100212,2018년 9월 26일 14시,수요일,충청북도 옥천군 옥천읍,경상사고,0,0,2,0,차대차 - 측면충돌,안전거리미확보,건조,맑음,단일로 - 기타,특수,남,59세,상해없음,승용,여,27세,경상
2018092600100241,2018년 9월 26일 15시,수요일,충청북도 충주시 칠금동,경상사고,0,0,1,0,차대차 - 측면충돌,안전운전불이행,건조,맑음,단일로 - 기타,승용,여,71세,상해없음,승용,남,38세,상해없음
2018092600100296,2018년 9월 26일 17시,수요일,충청북도 충주시 봉방동,경상사고,0,0,3,0,차대차 - 추돌,안전운전불이행,건조,맑음,단일로 - 기타,승용,여,47세,상해없음,승용,여,44세,경상
2018092600100322,2018년 9월 26일 18시,수요일,충청북도 청주시 청원구 오창읍,경상사고,0,0,1,0,차대사람 - 보도통행중,안전운전불이행,건조,맑음,단일로 - 기타,승용,남,65세,상해없음,보행자,여,70세,경상
2018092600100355,2018년 9월 26일 19시,수요일,충청북도 진천군 덕산면,경상사고,0,0,4,0,차대차 - 측면충돌,직진우회전진행방해,건조,맑음,교차로 - 교차로안,승용,남,58세,경상,승용,남,28세,경상
2018092600100361,2018년 9월 26일 19시,수요일,충청북도 청주시 흥덕구 강내면,중상사고,0,6,40,0,차대차 - 추돌,안전거리미확보,건조,맑음,기타 - 기타,승합,남,60세,기타불명,승합,남,43세,경상
2018092600100394,2018년 9월 26일 20시,수요일,충청북도 충주시 중앙탑면,경상사고,0,0,5,0,차대차 - 측면충돌,안전운전불이행,건조,맑음,단일로 - 기타,승용,여,52세,경상,화물,여,48세,경상
2018092600100422,2018년 9월 26일 21시,수요일,충청북도 청주시 청원구 주중동,경상사고,0,0,1,0,차량단독 - 공작물충돌,안전운전불이행,건조,맑음,단일로 - 기타,승용,남,50세,경상,,,,
2018092600100460,2018년 9월 26일 23시,수요일,충청북도 청주시 청원구 오창읍,경상사고,0,0,1,0,차대차 - 기타,교차로운행방법위반,건조,맑음,교차로 - 교차로안,승용,남,22세,상해없음,승용,남,37세,경상
2018092700100062,2018년 9월 27일 07시,목요일,충청북도 청주시 청원구 율량동,경상사고,0,0,1,0,차대차 - 측면충돌,신호위반,건조,맑음,교차로 - 교차로안,승용,여,57세,기타불명,승용,여,47세,경상
2018092700100063,2018년 9월 27일 07시,목요일,충청북도 증평군 증평읍,경상사고,0,0,2,0,차대차 - 기타,안전운전불이행,건조,맑음,단일로 - 기타,승용,여,31세,경상,승용,여,39세,경상
2018092700100064,2018년 9월 27일 07시,목요일,충청북도 음성군 대소면,중상사고,0,2,1,0,차대차 - 측면충돌,교차로운행방법위반,건조,맑음,교차로 - 교차로안,승용,남,56세,상해없음,승합,남,49세,중상
2018092700100065,2018년 9월 27일 07시,목요일,충청북도 청주시 흥덕구 봉명동,경상사고,0,0,1,0,차대차 - 기타,안전운전불이행,건조,맑음,단일로 - 기타,승용,남,52세,상해없음,승합,여,54세,경상
2018092700100103,2018년 9월 27일 08시,목요일,충청북도 음성군 감곡면,경상사고,0,0,4,0,차대차 - 측면충돌,교차로운행방법위반,건조,맑음,교차로 - 교차로안,승용,남,26세,경상,승용,여,47세,경상
2018092700100104,2018년 9월 27일 08시,목요일,충청북도 진천군 덕산면,경상사고,0,0,1,0,차대차 - 측면충돌,신호위반,건조,맑음,교차로 - 교차로안,승용,남,35세,상해없음,승용,남,49세,경상
2018092700100144,2018년 9월 27일 09시,목요일,충청북도 충주시 교현동,경상사고,0,0,2,0,차대차 - 기타,안전거리미확보,건조,맑음,단일로 - 기타,승용,여,60세,상해없음,승합,남,63세,상해없음
2018092700100145,2018년 9월 27일 09시,목요일,충청북도 청주시 서원구 죽림동,경상사고,0,0,2,0,차대차 - 기타,교차로운행방법위반,건조,맑음,교차로 - 교차로안,승용,여,55세,상해없음,승용,여,39세,경상
2018092700100146,2018년 9월 27일 09시,목요일,충청북도 청주시 상당구 용암동,중상사고,0,1,3,0,차대차 - 기타,안전운전불이행,건조,맑음,단일로 - 기타,화물,남,66세,상해없음,승용,남,35세,중상
2018092700100175,2018년 9월 27일 10시,목요일,충청북도 청주시 흥덕구 봉명동,중상사고,0,1,1,0,차대차 - 기타,교차로운행방법위반,건조,맑음,교차로 - 교차로부근,승용,남,59세,경상,승용,여,44세,중상
2018092700100205,2018년 9월 27일 11시,목요일,충청북도 제천시 의림동,경상사고,0,0,1,0,차대차 - 측면충돌,직진우회전진행방해,건조,맑음,교차로 - 교차로부근,승용,남,84세,상해없음,승용,남,41세,경상
2018092700100206,2018년 9월 27일 11시,목요일,충청북도 증평군 증평읍,경상사고,0,0,1,0,차대차 - 측면충돌,직진우회전진행방해,건조,맑음,교차로 - 교차로안,승용,여,50세,상해없음,이륜,남,60세,경상
2018092700100207,2018년 9월 27일 11시,목요일,충청북도 청주시 상당구 서문동,경상사고,0,0,1,0,차대차 - 기타,안전운전불이행,건조,맑음,단일로 - 기타,화물,남,33세,상해없음,자전거,남,71세,경상
2018092700100208,2018년 9월 27일 11시,목요일,충청북도 청주시 상당구 미원면,경상사고,0,0,2,0,차대차 - 정면충돌,안전운전불이행,건조,맑음,단일로 - 기타,농기계,남,53세,경상,승용,남,25세,경상
2018092700100211,2018년 9월 27일 11시,목요일,충청북도 청주시 서원구 남이면,경상사고,0,0,3,0,차대차 - 추돌,안전운전불이행,건조,맑음,단일로 - 기타,승용,남,51세,경상,승용,여,48세,상해없음
2018092700100271,2018년 9월 27일 13시,목요일,충청북도 청주시 흥덕구 송정동,경상사고,0,0,2,0,차대차 - 기타,안전운전불이행,건조,맑음,단일로 - 기타,승용,여,36세,경상,승용,남,34세,경상
2018092700100315,2018년 9월 27일 14시,목요일,충청북도 청주시 청원구 사천동,경상사고,0,0,1,0,차대차 - 추돌,안전운전불이행,건조,맑음,단일로 - 기타,승용,남,31세,상해없음,승용,남,56세,상해없음
2018092700100316,2018년 9월 27일 14시,목요일,충청북도 충주시 대소원면,중상사고,0,1,2,0,차대차 - 기타,직진우회전진행방해,건조,맑음,교차로 - 교차로안,승용,여,41세,경상,승용,남,47세,경상
2018092700100317,2018년 9월 27일 14시,목요일,충청북도 제천시 두학동,중상사고,0,1,0,0,차대차 - 측면충돌,안전운전불이행,건조,맑음,교차로 - 교차로부근,이륜,남,59세,중상,화물,남,43세,상해없음
2018092700100318,2018년 9월 27일 14시,목요일,충청북도 제천시 중앙로1가,중상사고,0,1,0,0,차대사람 - 횡단중,신호위반,건조,맑음,교차로 - 교차로횡단보도내,승용,남,82세,상해없음,보행자,여,70세,중상
2018092700100361,2018년 9월 27일 15시,목요일,충청북도 청주시 청원구 율량동,중상사고,0,1,0,0,차대사람 - 횡단중,보행자보호의무위반,건조,맑음,교차로 - 교차로안,승용,남,66세,상해없음,보행자,남,8세,중상
2018092700100362,2018년 9월 27일 15시,목요일,충청북도 괴산군 괴산읍,경상사고,0,0,1,1,차량단독 - 도로외이탈 - 기타,안전운전불이행,건조,맑음,단일로 - 기타,화물,남,70세,부상신고,,,,
2018092700100408,2018년 9월 27일 16시,목요일,충청북도 청주시 청원구 오창읍,경상사고,0,0,1,0,차대차 - 추돌,안전거리미확보,건조,맑음,단일로 - 기타,승용,여,50세,상해없음,이륜,남,22세,경상
2018092700100409,2018년 9월 27일 16시,목요일,충청북도 청주시 청원구 사천동,경상사고,0,0,4,0,차대차 - 기타,안전운전불이행,건조,맑음,단일로 - 기타,승용,남,23세,경상,승용,여,48세,경상
2018092700100410,2018년 9월 27일 16시,목요일,충청북도 청주시 상당구 북문로1가동,중상사고,0,1,0,0,차대사람 - 횡단중,보행자보호의무위반,건조,맑음,교차로 - 교차로안,승용,여,44세,상해없음,보행자,여,51세,중상
2018092700100448,2018년 9월 27일 17시,목요일,충청북도 충주시 문화동,경상사고,0,0,1,0,차대사람 - 기타,안전운전불이행,건조,맑음,교차로 - 교차로안,승용,남,45세,상해없음,보행자,여,50세,경상
2018092700100449,2018년 9월 27일 17시,목요일,충청북도 제천시 흑석동,중상사고,0,3,7,2,차대차 - 추돌,안전거리미확보,건조,맑음,단일로 - 기타,승용,남,58세,상해없음,승용,남,59세,경상
2018092700100450,2018년 9월 27일 17시,목요일,충청북도 옥천군 옥천읍,경상사고,0,0,1,0,차대차 - 측면충돌,안전운전불이행,건조,맑음,단일로 - 기타,승용,남,68세,상해없음,승용,남,35세,경상
2018092700100501,2018년 9월 27일 18시,목요일,충청북도 괴산군 괴산읍,경상사고,0,0,3,0,차대차 - 추돌,안전운전불이행,건조,맑음,교차로 - 교차로부근,승용,남,68세,상해없음,승용,남,25세,경상
2018092700100502,2018년 9월 27일 18시,목요일,충청북도 청주시 상당구 용암동,경상사고,0,0,2,0,차대차 - 추돌,안전운전불이행,건조,맑음,단일로 - 기타,승용,남,30세,상해없음,승합,남,50세,경상
2018092700100547,2018년 9월 27일 19시,목요일,충청북도 청주시 흥덕구 운천동,경상사고,0,0,2,0,차대차 - 추돌,안전운전불이행,건조,맑음,단일로 - 기타,승용,남,45세,상해없음,승용,여,50세,경상
2018092700100548,2018년 9월 27일 19시,목요일,충청북도 충주시 달천동,중상사고,0,3,1,0,차대차 - 정면충돌,신호위반,건조,흐림,교차로 - 교차로안,승용,여,32세,상해없음,승용,남,56세,중상
2018092700100587,2018년 9월 27일 20시,목요일,충청북도 청주시 청원구 오창읍,경상사고,0,0,1,0,차대차 - 측면충돌,안전운전불이행,건조,맑음,교차로 - 교차로안,자전거,남,24세,경상,화물,남,60세,상해없음
2018092700100588,2018년 9월 27일 20시,목요일,충청북도 청주시 흥덕구 봉명동,경상사고,0,0,1,1,차대차 - 기타,안전운전불이행,건조,맑음,교차로 - 교차로안,승용,남,51세,부상신고,승용,남,39세,경상
2018092700100589,2018년 9월 27일 20시,목요일,충청북도 청주시 서원구 분평동,경상사고,0,0,2,0,차대차 - 측면충돌,신호위반,건조,맑음,교차로 - 교차로안,승용,여,61세,경상,승용,남,25세,경상
2018092700100614,2018년 9월 27일 21시,목요일,충청북도 옥천군 동이면,경상사고,0,0,2,0,차대차 - 측면충돌,안전거리미확보,건조,맑음,단일로 - 기타,특수,남,54세,상해없음,화물,남,55세,경상
2018092700100629,2018년 9월 27일 22시,목요일,충청북도 청주시 상당구 북문로2가동,중상사고,0,1,0,0,차대차 - 추돌,안전운전불이행,건조,맑음,교차로 - 교차로부근,승용,남,21세,상해없음,승용,남,29세,중상
2018092700100653,2018년 9월 27일 23시,목요일,충청북도 청주시 흥덕구 복대동,경상사고,0,0,1,0,차대차 - 측면충돌,안전운전불이행,건조,맑음,교차로 - 교차로안,승용,남,65세,상해없음,자전거,여,61세,경상
2018092800100024,2018년 9월 28일 02시,금요일,충청북도 청주시 흥덕구 비하동,경상사고,0,0,6,0,차대차 - 측면충돌,안전운전불이행,건조,맑음,단일로 - 기타,승용,남,34세,상해없음,승용,남,24세,경상
2018092800100064,2018년 9월 28일 07시,금요일,충청북도 옥천군 옥천읍,경상사고,0,0,1,0,차대차 - 측면충돌,안전운전불이행,건조,맑음,교차로 - 교차로안,이륜,남,69세,경상,승용,남,52세,상해없음
2018092800100090,2018년 9월 28일 08시,금요일,충청북도 음성군 음성읍,중상사고,0,1,0,0,차대사람 - 기타,안전운전불이행,건조,맑음,단일로 - 기타,승합,남,54세,상해없음,보행자,여,79세,중상
2018092800100091,2018년 9월 28일 08시,금요일,충청북도 진천군 덕산면,경상사고,0,0,1,0,차대사람 - 기타,기타,건조,맑음,기타 - 기타,승용,여,37세,상해없음,보행자,여,10세,경상
2018092800100127,2018년 9월 28일 09시,금요일,충청북도 청주시 서원구 사직동,경상사고,0,0,1,0,차대차 - 기타,교차로운행방법위반,건조,맑음,교차로 - 교차로안,승용,남,39세,상해없음,승용,남,29세,경상
2018092800100128,2018년 9월 28일 09시,금요일,충청북도 청주시 청원구 내수읍,경상사고,0,0,1,0,차대차 - 기타,불법유턴,건조,맑음,단일로 - 기타,승용,남,28세,상해없음,승합,남,62세,상해없음
2018092800100160,2018년 9월 28일 10시,금요일,충청북도 청주시 상당구 북문로3가동,경상사고,0,0,1,0,차대차 - 기타,신호위반,건조,맑음,교차로 - 교차로안,승용,남,65세,상해없음,자전거,남,75세,경상
2018092800100161,2018년 9월 28일 10시,금요일,충청북도 제천시 장락동,경상사고,0,0,6,0,차대차 - 추돌,안전운전불이행,건조,맑음,교차로 - 교차로부근,승용,남,64세,경상,화물,남,48세,경상
2018092800100162,2018년 9월 28일 10시,금요일,충청북도 음성군 삼성면,사망사고,1,0,0,0,차대차 - 기타,교차로운행방법위반,건조,맑음,교차로 - 교차로안,화물,남,45세,상해없음,이륜,남,82세,사망
2018092800100163,2018년 9월 28일 10시,금요일,충청북도 음성군 금왕읍,경상사고,0,0,2,0,차대차 - 측면충돌,교차로운행방법위반,건조,맑음,교차로 - 교차로안,승용,여,57세,상해없음,승용,여,54세,경상
2018092800100185,2018년 9월 28일 11시,금요일,충청북도 충주시 연수동,중상사고,0,1,0,0,차대차 - 측면충돌,안전운전불이행,건조,맑음,기타 - 기타,이륜,남,85세,중상,승용,여,48세,상해없음
2018092800100186,2018년 9월 28일 11시,금요일,충청북도 음성군 삼성면,중상사고,0,1,0,0,차대사람 - 횡단중,안전운전불이행,건조,맑음,교차로 - 교차로안,화물,남,34세,상해없음,보행자,여,56세,중상
2018092800100246,2018년 9월 28일 13시,금요일,충청북도 청주시 흥덕구 복대동,중상사고,0,1,0,0,차대차 - 측면충돌,교차로운행방법위반,건조,맑음,교차로 - 교차로안,승용,남,26세,상해없음,자전거,남,63세,중상
2018092800100371,2018년 9월 28일 17시,금요일,충청북도 음성군 생극면,부상신고사고,0,0,0,1,차대차 - 기타,과속,건조,맑음,단일로 - 기타,화물,남,50세,부상신고,승용,남,62세,상해없음
2018092800100411,2018년 9월 28일 18시,금요일,충청북도 제천시 강제동,경상사고,0,0,3,0,차대차 - 측면충돌,불법유턴,건조,맑음,교차로 - 교차로부근,승용,여,33세,상해없음,승용,남,22세,경상
2018092800100412,2018년 9월 28일 18시,금요일,충청북도 옥천군 옥천읍,사망사고,1,0,0,0,차대차 - 추돌,안전운전불이행,건조,맑음,단일로 - 기타,승용,남,37세,상해없음,사륜오토바이(ATV),여,68세,사망
2018092800100480,2018년 9월 28일 20시,금요일,충청북도 음성군 대소면,중상사고,0,1,0,0,차대사람 - 횡단중,보행자보호의무위반,건조,맑음,교차로 - 교차로안,승용,여,57세,상해없음,보행자,여,49세,중상
2018092800100481,2018년 9월 28일 20시,금요일,충청북도 청주시 서원구 수곡동,경상사고,0,0,2,0,차대차 - 후진중충돌,안전운전불이행,건조,맑음,단일로 - 지하차도(도로)내,승용,여,67세,상해없음,승용,여,24세,경상
2018092800100528,2018년 9월 28일 22시,금요일,충청북도 청주시 서원구 사창동,경상사고,0,0,1,0,차대차 - 측면충돌,신호위반,건조,맑음,단일로 - 기타,승용,남,37세,상해없음,승용,남,23세,경상
2018092800100553,2018년 9월 28일 23시,금요일,충청북도 충주시 금릉동,경상사고,0,0,2,0,차대차 - 기타,안전거리미확보,건조,맑음,기타 - 기타,승용,남,41세,상해없음,승용,남,32세,경상
2018092900100014,2018년 9월 29일 00시,토요일,충청북도 청주시 청원구 외평동,중상사고,0,1,2,0,차대차 - 추돌,안전운전불이행,건조,맑음,교차로 - 교차로안,승용,남,54세,상해없음,승용,남,24세,경상
2018092900100088,2018년 9월 29일 05시,토요일,충청북도 음성군 대소면,중상사고,0,1,0,0,차대차 - 정면충돌,신호위반,건조,맑음,교차로 - 교차로안,승용,남,21세,상해없음,승용,남,44세,중상
2018092900100146,2018년 9월 29일 09시,토요일,충청북도 충주시 대소원면,중상사고,0,1,0,0,차대차 - 기타,신호위반,건조,맑음,교차로 - 교차로안,건설기계,남,64세,상해없음,승용,남,79세,상해없음
2018092900100147,2018년 9월 29일 09시,토요일,충청북도 충주시 용탄동,중상사고,0,3,0,0,차대차 - 추돌,안전거리미확보,건조,맑음,단일로 - 기타,승합,여,33세,상해없음,승용,여,61세,중상
2018092900100148,2018년 9월 29일 09시,토요일,충청북도 영동군 황간면,중상사고,0,1,0,0,차대차 - 측면충돌,기타,건조,맑음,단일로 - 기타,화물,남,70세,상해없음,자전거,남,9세,중상
2018092900100195,2018년 9월 29일 10시,토요일,충청북도 옥천군 옥천읍,중상사고,0,3,0,0,차대차 - 측면충돌,불법유턴,건조,맑음,단일로 - 기타,승용,남,29세,중상,승용,남,61세,중상
2018092900100228,2018년 9월 29일 11시,토요일,충청북도 청주시 흥덕구 가경동,경상사고,0,0,1,0,차대사람 - 기타,안전운전불이행,건조,맑음,단일로 - 기타,이륜,남,70세,상해없음,보행자,여,50세,경상
2018092900100262,2018년 9월 29일 12시,토요일,충청북도 청주시 서원구 사직동,경상사고,0,0,1,0,차대사람 - 길가장자리구역통행중,안전운전불이행,건조,맑음,단일로 - 기타,승용,남,70세,상해없음,보행자,여,64세,경상
2018092900100263,2018년 9월 29일 12시,토요일,충청북도 청주시 청원구 오창읍,경상사고,0,0,2,0,차대차 - 기타,안전거리미확보,건조,맑음,단일로 - 기타,승용,여,46세,경상,승용,남,56세,경상
2018092900100264,2018년 9월 29일 12시,토요일,충청북도 충주시 금가면,중상사고,0,1,0,0,차량단독 - 전도전복 - 전도,안전운전불이행,건조,맑음,단일로 - 기타,이륜,남,36세,중상,미분류,미분류,미분류,미분류
2018092900100265,2018년 9월 29일 12시,토요일,충청북도 보은군 회인면,중상사고,0,2,0,0,차량단독 - 도로외이탈 - 기타,안전운전불이행,건조,맑음,단일로 - 지하차도(도로)내,승용,남,73세,중상,,,,
2018092900100266,2018년 9월 29일 12시,토요일,충청북도 청주시 흥덕구 신봉동,부상신고사고,0,0,0,1,차량단독 - 기타,안전운전불이행,건조,맑음,교차로 - 교차로안,이륜,남,37세,부상신고,,,,
2018092900100267,2018년 9월 29일 12시,토요일,충청북도 청주시 서원구 모충동,경상사고,0,0,2,0,차대차 - 측면충돌,안전운전불이행,건조,맑음,단일로 - 지하차도(도로)내,건설기계,남,36세,경상,승용,남,31세,경상
2018092900100293,2018년 9월 29일 13시,토요일,충청북도 청주시 흥덕구 복대동,경상사고,0,0,1,0,차대차 - 측면충돌,교차로운행방법위반,건조,맑음,교차로 - 교차로안,승용,여,41세,상해없음,이륜,남,29세,경상
2018092900100357,2018년 9월 29일 15시,토요일,충청북도 청주시 흥덕구 석소동,중상사고,0,2,2,0,차대차 - 기타,안전거리미확보,건조,맑음,단일로 - 기타,승용,여,51세,경상,승합,남,36세,중상
2018092900100358,2018년 9월 29일 15시,토요일,충청북도 청주시 상당구 지북동,경상사고,0,0,1,0,차대차 - 추돌,안전운전불이행,건조,맑음,단일로 - 지하차도(도로)내,건설기계,남,62세,상해없음,화물,남,72세,경상
2018092900100388,2018년 9월 29일 16시,토요일,충청북도 괴산군 칠성면,중상사고,0,4,1,0,차대차 - 정면충돌,직진우회전진행방해,건조,맑음,교차로 - 교차로안,승용,여,61세,경상,승용,여,62세,중상
2018092900100389,2018년 9월 29일 16시,토요일,충청북도 보은군 보은읍,경상사고,0,0,1,0,차대차 - 기타,안전운전불이행,건조,맑음,단일로 - 지하차도(도로)내,자전거,남,54세,경상,화물,남,52세,기타불명
2018092900100391,2018년 9월 29일 16시,토요일,충청북도 청주시 서원구 수곡동,중상사고,0,1,0,0,차대사람 - 횡단중,안전운전불이행,건조,맑음,단일로 - 기타,승용,남,60세,상해없음,보행자,여,86세,중상
2018092900100423,2018년 9월 29일 17시,토요일,충청북도 충주시 목행동,중상사고,0,1,0,0,차대차 - 측면충돌,안전운전불이행,건조,흐림,단일로 - 기타,승용,남,73세,상해없음,승용,남,34세,중상
2018092900100424,2018년 9월 29일 17시,토요일,충청북도 청주시 상당구 영운동,경상사고,0,0,2,0,차대차 - 추돌,안전운전불이행,건조,맑음,단일로 - 기타,승용,남,55세,상해없음,승용,남,42세,경상
2018092900100425,2018년 9월 29일 17시,토요일,충청북도 청주시 서원구 모충동,경상사고,0,0,1,0,차대차 - 정면충돌,안전운전불이행,건조,맑음,단일로 - 지하차도(도로)내,기타불명,기타불명,미분류,기타불명,자전거,남,30세,경상