사고번호,사고일시,요일,시군구,사고내용,사망자수,중상자수,경상자수,부상신고자수,사고유형,법규위반,노면상태,기상상태,도로형태,가해운전자 차종,가해운전자 성별,가해운전자 연령,가해운전자 상해정도,피해운전자 차종,피해운전자 성별,피해운전자 연령,피해운전자 상해정도
2018100400100173,2018년 10월 4일 09시,목요일,충청북도 청주시 흥덕구 석곡동,경상사고,0,0,1,0,차대차 - 추돌,안전운전불이행,건조,맑음,단일로 - 기타,승용,남,67세,상해없음,승용,남,37세,경상
2018100400100174,2018년 10월 4일 09시,목요일,충청북도 청주시 서원구 남이면,경상사고,0,0,1,0,차대차 - 측면충돌,신호위반,건조,맑음,교차로 - 교차로안,화물,남,47세,상해없음,승용,남,22세,경상
2018100400100175,2018년 10월 4일 09시,목요일,충청북도 청주시 상당구 용암동,경상사고,0,0,1,0,차량단독 - 기타,안전운전불이행,건조,맑음,단일로 - 기타,승합,남,56세,상해없음,,,,
2018100400100220,2018년 10월 4일 10시,목요일,충청북도 충주시 성서동,경상사고,0,0,1,0,차대차 - 기타,안전운전불이행,건조,맑음,기타 - 기타,승용,남,62세,상해없음,승합,남,55세,상해없음
2018100400100221,2018년 10월 4일 10시,목요일,충청북도 보은군 보은읍,중상사고,0,2,0,0,차대차 - 측면충돌,신호위반,건조,맑음,단일로 - 지하차도(도로)내,승용,남,65세,상해없음,화물,남,70세,중상
2018100400100279,2018년 10월 4일 12시,목요일,충청북도 청주시 청원구 우암동,중상사고,0,1,0,0,차대사람 - 횡단중,안전운전불이행,건조,맑음,기타 - 기타,승용,여,40세,상해없음,보행자,여,71세,중상
2018100400100280,2018년 10월 4일 12시,목요일,충청북도 청주시 청원구 오창읍,경상사고,0,0,2,0,차대차 - 추돌,안전거리미확보,건조,맑음,교차로 - 교차로안,승용,남,35세,경상,승용,남,76세,경상
2018100400100319,2018년 10월 4일 13시,목요일,충청북도 단양군 대강면,경상사고,0,0,1,0,차대차 - 추돌,안전거리미확보,건조,맑음,단일로 - 터널,승용,남,37세,상해없음,화물,남,35세,경상
2018100400100358,2018년 10월 4일 14시,목요일,충청북도 청주시 서원구 사직동,중상사고,0,1,0,0,차대차 - 기타,안전운전불이행,건조,흐림,교차로 - 교차로안,화물,남,50세,상해없음,자전거,남,80세,중상
2018100400100359,2018년 10월 4일 14시,목요일,충청북도 청주시 청원구 사천동,경상사고,0,0,1,0,차대차 - 기타,안전운전불이행,건조,맑음,교차로 - 교차로안,승용,남,24세,상해없음,승용,남,40세,경상
2018100400100360,2018년 10월 4일 14시,목요일,충청북도 청주시 흥덕구 옥산면,경상사고,0,0,1,0,차대차 - 측면충돌,중앙선침범,건조,맑음,단일로 - 기타,화물,남,40세,상해없음,화물,남,68세,경상
2018100400100389,2018년 10월 4일 15시,목요일,충청북도 보은군 삼승면,경상사고,0,0,1,0,차대차 - 기타,안전운전불이행,건조,맑음,단일로 - 지하차도(도로)내,승용,여,43세,경상,농기계,남,72세,기타불명
2018100400100390,2018년 10월 4일 15시,목요일,충청북도 청주시 흥덕구 오송읍,경상사고,0,0,1,0,차대차 - 측면충돌,안전운전불이행,건조,맑음,교차로 - 교차로안,자전거,남,77세,경상,승용,남,27세,상해없음
2018100400100424,2018년 10월 4일 16시,목요일,충청북도 제천시 남천동,경상사고,0,0,1,0,차대차 - 정면충돌,안전운전불이행,건조,맑음,단일로 - 기타,승합,남,66세,상해없음,승용,남,58세,경상
2018100400100460,2018년 10월 4일 17시,목요일,충청북도 청주시 청원구 주중동,경상사고,0,0,1,0,차대차 - 측면충돌,교차로운행방법위반,건조,흐림,교차로 - 교차로안,승용,여,56세,상해없음,승용,남,38세,경상
2018100400100461,2018년 10월 4일 17시,목요일,충청북도 청주시 서원구 산남동,경상사고,0,0,1,0,차대차 - 기타,교차로운행방법위반,건조,맑음,교차로 - 교차로안,승용,남,73세,상해없음,승용,남,29세,경상
2018100400100511,2018년 10월 4일 18시,목요일,충청북도 음성군 음성읍,경상사고,0,0,15,0,차대차 - 측면충돌,교차로운행방법위반,건조,맑음,교차로 - 교차로안,승용,여,62세,경상,승합,여,56세,경상
2018100400100568,2018년 10월 4일 19시,목요일,충청북도 충주시 안림동,경상사고,0,0,1,0,차대차 - 기타,중앙선침범,건조,맑음,단일로 - 기타,화물,남,47세,상해없음,승용,남,32세,경상
2018100400100569,2018년 10월 4일 19시,목요일,충청북도 제천시 의림동,경상사고,0,0,1,0,차대사람 - 횡단중,안전운전불이행,건조,맑음,교차로 - 교차로안,승용,남,60세,상해없음,보행자,남,38세,경상
2018100400100613,2018년 10월 4일 20시,목요일,충청북도 청주시 서원구 개신동,경상사고,0,0,2,0,차대차 - 기타,신호위반,건조,맑음,교차로 - 교차로안,승용,여,59세,경상,승용,여,58세,경상
2018100400100614,2018년 10월 4일 20시,목요일,충청북도 청주시 청원구 오창읍,경상사고,0,0,1,0,차대사람 - 횡단중,신호위반,건조,맑음,교차로 - 교차로안,화물,남,66세,상해없음,보행자,여,43세,경상
2018100400100615,2018년 10월 4일 20시,목요일,충청북도 제천시 하소동,경상사고,0,0,1,0,차대차 - 측면충돌,안전거리미확보,건조,맑음,교차로 - 교차로안,화물,남,50세,상해없음,이륜,남,57세,경상
2018100400100647,2018년 10월 4일 21시,목요일,충청북도 진천군 덕산면,경상사고,0,0,1,0,차대차 - 기타,안전운전불이행,건조,맑음,교차로 - 교차로부근,승용,남,50세,상해없음,승용,남,47세,경상
2018100400100686,2018년 10월 4일 22시,목요일,충청북도 청주시 서원구 사창동,경상사고,0,0,1,0,차대차 - 추돌,안전운전불이행,건조,맑음,교차로 - 교차로부근,승용,남,32세,상해없음,승용,여,36세,경상
2018100400100712,2018년 10월 4일 23시,목요일,충청북도 청주시 서원구 사창동,경상사고,0,0,1,0,차대차 - 기타,교차로운행방법위반,건조,맑음,교차로 - 교차로안,이륜,남,50세,경상,승용,여,44세,상해없음
2018100400100713,2018년 10월 4일 23시,목요일,충청북도 제천시 장락동,경상사고,0,0,1,0,차대차 - 측면충돌,안전운전불이행,건조,맑음,교차로 - 교차로안,승용,남,31세,상해없음,승용,남,37세,경상
2018100500100021,2018년 10월 5일 01시,금요일,충청북도 청주시 청원구 내덕동,중상사고,0,1,0,0,차대사람 - 횡단중,안전운전불이행,건조,맑음,단일로 - 기타,승용,여,30세,상해없음,보행자,남,55세,중상
2018100500100045,2018년 10월 5일 03시,금요일,충청북도 청주시 서원구 죽림동,경상사고,0,0,1,0,차대차 - 추돌,안전운전불이행,젖음/습기,비,단일로 - 기타,화물,남,58세,상해없음,자전거,남,57세,경상
2018100500100052,2018년 10월 5일 04시,금요일,충청북도 청주시 흥덕구 가경동,경상사고,0,0,3,0,차대차 - 측면충돌,안전거리미확보,젖음/습기,비,교차로 - 교차로부근,화물,남,35세,경상,승용,남,33세,경상
2018100500100062,2018년 10월 5일 05시,금요일,충청북도 청주시 흥덕구 송정동,중상사고,0,1,2,0,차대차 - 추돌,안전운전불이행,젖음/습기,비,교차로 - 교차로부근,승용,남,64세,상해없음,승용,남,55세,경상
2018100500100077,2018년 10월 5일 06시,금요일,충청북도 충주시 호암동,중상사고,0,1,0,1,차대차 - 정면충돌,안전운전불이행,젖음/습기,비,교차로 - 교차로안,승용,여,54세,부상신고,화물,남,70세,중상
2018100500100105,2018년 10월 5일 07시,금요일,충청북도 청주시 흥덕구 향정동,경상사고,0,0,2,1,차대차 - 추돌,안전거리미확보,젖음/습기,비,단일로 - 기타,승합,남,56세,상해없음,승합,남,54세,상해없음
2018100500100133,2018년 10월 5일 08시,금요일,충청북도 청주시 청원구 북이면,중상사고,0,1,0,0,차대차 - 기타,신호위반,젖음/습기,비,교차로 - 교차로부근,승용,남,69세,상해없음,승용,남,69세,중상
2018100500100134,2018년 10월 5일 08시,금요일,충청북도 청주시 청원구 오창읍,경상사고,0,0,1,1,차대차 - 기타,안전거리미확보,젖음/습기,비,단일로 - 기타,원동기,남,63세,부상신고,승용,남,33세,경상
2018100500100247,2018년 10월 5일 11시,금요일,충청북도 영동군 영동읍,중상사고,0,1,0,0,차대차 - 정면충돌,신호위반,젖음/습기,비,교차로 - 교차로안,승용,남,83세,상해없음,승용,여,60세,중상
2018100500100250,2018년 10월 5일 11시,금요일,충청북도 영동군 황간면,경상사고,0,0,1,0,차대차 - 기타,안전운전불이행,젖음/습기,비,단일로 - 기타,승용,남,56세,상해없음,승용,남,54세,상해없음
2018100500100284,2018년 10월 5일 12시,금요일,충청북도 청주시 서원구 분평동,경상사고,0,0,7,0,차대차 - 측면충돌,안전운전불이행,젖음/습기,비,단일로 - 지하차도(도로)내,화물,남,64세,경상,승용,남,64세,경상
2018100500100323,2018년 10월 5일 13시,금요일,충청북도 청주시 서원구 죽림동,중상사고,0,1,1,0,차대차 - 기타,교차로운행방법위반,젖음/습기,흐림,교차로 - 교차로안,화물,남,66세,중상,승용,여,40세,경상
2018100500100421,2018년 10월 5일 15시,금요일,충청북도 청주시 흥덕구 복대동,경상사고,0,0,2,0,차대차 - 추돌,안전운전불이행,젖음/습기,비,교차로 - 교차로부근,승용,여,52세,상해없음,승용,여,50세,경상
2018100500100455,2018년 10월 5일 16시,금요일,충청북도 영동군 영동읍,경상사고,0,0,2,0,차대차 - 측면충돌,기타,젖음/습기,비,단일로 - 기타,화물,남,54세,상해없음,승용,남,64세,경상
2018100500100456,2018년 10월 5일 16시,금요일,충청북도 청주시 흥덕구 가경동,경상사고,0,0,1,0,차대차 - 측면충돌,안전운전불이행,젖음/습기,비,교차로 - 교차로부근,승용,여,67세,상해없음,이륜,남,23세,경상
2018100500100457,2018년 10월 5일 16시,금요일,충청북도 청주시 서원구 산남동,경상사고,0,0,2,0,차대차 - 기타,안전운전불이행,건조,맑음,단일로 - 기타,승용,남,32세,상해없음,승용,남,54세,경상
2018100500100502,2018년 10월 5일 17시,금요일,충청북도 충주시 연수동,경상사고,0,0,1,0,차대사람 - 보도통행중,기타,젖음/습기,비,기타 - 기타,원동기,남,16세,상해없음,보행자,남,33세,경상
2018100500100503,2018년 10월 5일 17시,금요일,충청북도 음성군 금왕읍,중상사고,0,2,1,0,차대차 - 측면충돌,교차로운행방법위반,젖음/습기,비,교차로 - 교차로안,승용,남,53세,중상,승용,남,57세,중상
2018100500100573,2018년 10월 5일 18시,금요일,충청북도 청주시 청원구 내수읍,중상사고,0,1,0,0,차대사람 - 기타,신호위반,젖음/습기,비,단일로 - 기타,승용,남,24세,상해없음,보행자,여,76세,중상
2018100500100574,2018년 10월 5일 18시,금요일,충청북도 청주시 서원구 사직동,중상사고,0,1,0,0,차대사람 - 횡단중,안전운전불이행,젖음/습기,비,단일로 - 기타,승용,여,51세,상해없음,보행자,여,59세,중상
2018100500100575,2018년 10월 5일 18시,금요일,충청북도 청주시 청원구 오창읍,경상사고,0,0,2,0,차대차 - 추돌,안전운전불이행,젖음/습기,비,단일로 - 기타,승용,남,52세,기타불명,화물,남,39세,경상
2018100500100576,2018년 10월 5일 18시,금요일,충청북도 충주시 연수동,경상사고,0,0,3,0,차대차 - 기타,안전운전불이행,건조,맑음,교차로 - 교차로부근,승용,남,29세,경상,승용,남,47세,경상
2018100500100577,2018년 10월 5일 18시,금요일,충청북도 단양군 단양읍,중상사고,0,1,0,0,차대사람 - 횡단중,보행자보호의무위반,젖음/습기,비,단일로 - 기타,승용,남,31세,상해없음,보행자,남,67세,중상
2018100500100578,2018년 10월 5일 18시,금요일,충청북도 청주시 흥덕구 복대동,경상사고,0,0,1,0,차대차 - 측면충돌,안전운전불이행,젖음/습기,비,단일로 - 기타,승용,여,55세,상해없음,승용,남,24세,경상
2018100500100654,2018년 10월 5일 19시,금요일,충청북도 청주시 흥덕구 복대동,경상사고,0,0,1,0,차대사람 - 기타,보행자보호의무위반,젖음/습기,비,기타 - 기타,이륜,남,30세,상해없음,보행자,남,26세,경상
2018100500100655,2018년 10월 5일 19시,금요일,충청북도 청주시 흥덕구 복대동,경상사고,0,0,1,0,차대차 - 측면충돌,불법유턴,젖음/습기,비,교차로 - 교차로안,승용,남,31세,상해없음,승용,여,29세,경상
2018100500100656,2018년 10월 5일 19시,금요일,충청북도 청주시 흥덕구 강서동,경상사고,0,0,1,0,차대차 - 기타,안전거리미확보,젖음/습기,비,교차로 - 교차로안,승용,여,38세,상해없음,화물,남,26세,경상
2018100500100657,2018년 10월 5일 19시,금요일,충청북도 청주시 흥덕구 오송읍,경상사고,0,0,1,0,차대차 - 기타,안전운전불이행,젖음/습기,비,단일로 - 기타,화물,여,66세,상해없음,승용,남,31세,경상
2018100500100725,2018년 10월 5일 20시,금요일,충청북도 영동군 용산면,경상사고,0,0,1,0,차대차 - 추돌,안전운전불이행,건조,맑음,단일로 - 기타,승용,남,43세,상해없음,승용,여,46세,경상
2018100500100765,2018년 10월 5일 21시,금요일,충청북도 음성군 음성읍,경상사고,0,0,1,0,차대차 - 추돌,안전운전불이행,젖음/습기,비,교차로 - 교차로부근,화물,남,58세,상해없음,승용,남,38세,경상
2018100500100766,2018년 10월 5일 21시,금요일,충청북도 청주시 서원구 미평동,경상사고,0,0,2,0,차대차 - 추돌,안전운전불이행,젖음/습기,맑음,단일로 - 기타,화물,남,43세,상해없음,승합,남,58세,경상
2018100500100812,2018년 10월 5일 22시,금요일,충청북도 청주시 흥덕구 복대동,경상사고,0,0,1,0,차대사람 - 기타,안전운전불이행,젖음/습기,비,교차로 - 교차로부근,이륜,남,22세,상해없음,보행자,남,37세,경상
2018100500100858,2018년 10월 5일 23시,금요일,충청북도 진천군 진천읍,중상사고,0,1,0,0,차대차 - 기타,안전거리미확보,건조,맑음,단일로 - 기타,승용,남,36세,상해없음,승합,여,42세,중상
2018100600100052,2018년 10월 6일 01시,토요일,충청북도 청주시 서원구 사창동,경상사고,0,0,1,1,차대차 - 측면충돌,직진우회전진행방해,젖음/습기,비,교차로 - 교차로안,이륜,남,17세,부상신고,이륜,남,21세,경상
2018100600100053,2018년 10월 6일 01시,토요일,충청북도 청주시 청원구 내덕동,중상사고,0,1,0,0,차대사람 - 기타,안전운전불이행,젖음/습기,비,교차로 - 교차로부근,승용,남,22세,상해없음,보행자,남,60세,중상
2018100600100054,2018년 10월 6일 01시,토요일,충청북도 진천군 덕산면,경상사고,0,0,4,0,차대차 - 기타,교차로운행방법위반,젖음/습기,비,교차로 - 교차로안,승용,남,26세,경상,승용,남,37세,경상
2018100600100055,2018년 10월 6일 01시,토요일,충청북도 청주시 흥덕구 강서동,경상사고,0,0,1,0,차대차 - 측면충돌,안전운전불이행,젖음/습기,비,단일로 - 기타,화물,남,47세,상해없음,승용,남,38세,경상
2018100600100056,2018년 10월 6일 01시,토요일,충청북도 청주시 상당구 용암동,경상사고,0,0,1,0,차대차 - 후진중충돌,안전운전불이행,젖음/습기,비,단일로 - 지하차도(도로)내,승용,남,36세,상해없음,특수,남,39세,경상
2018100600100092,2018년 10월 6일 02시,토요일,충청북도 청주시 상당구 남일면,경상사고,0,0,1,0,차량단독 - 전도전복 - 전도,안전운전불이행,젖음/습기,비,단일로 - 지하차도(도로)내,화물,남,60세,경상,미분류,미분류,미분류,미분류
2018100600100119,2018년 10월 6일 03시,토요일,충청북도 청주시 상당구 용암동,경상사고,0,0,2,0,차대차 - 측면충돌,신호위반,젖음/습기,비,교차로 - 교차로안,화물,남,49세,상해없음,승용,남,25세,경상
2018100600100165,2018년 10월 6일 05시,토요일,충청북도 청주시 서원구 사직동,경상사고,0,0,2,0,차대차 - 측면충돌,교차로운행방법위반,젖음/습기,비,교차로 - 교차로안,승용,남,56세,기타불명,화물,남,71세,경상
2018100600100180,2018년 10월 6일 06시,토요일,충청북도 충주시 앙성면,중상사고,0,1,0,0,차량단독 - 기타,안전운전불이행,젖음/습기,비,단일로 - 기타,화물,여,59세,상해없음,,,,
2018100600100209,2018년 10월 6일 08시,토요일,충청북도 청주시 청원구 율량동,경상사고,0,0,1,0,차대차 - 기타,중앙선침범,젖음/습기,비,단일로 - 기타,기타불명,기타불명,미분류,기타불명,승용,남,42세,상해없음
2018100600100210,2018년 10월 6일 08시,토요일,충청북도 청주시 서원구 사창동,경상사고,0,0,1,0,차대사람 - 기타,안전운전불이행,건조,맑음,단일로 - 기타,승용,남,46세,상해없음,보행자,남,25세,경상
2018100600100228,2018년 10월 6일 09시,토요일,충청북도 음성군 음성읍,중상사고,0,1,2,0,차대차 - 측면충돌,교차로운행방법위반,젖음/습기,비,교차로 - 교차로안,승합,남,52세,중상,화물,남,67세,경상
2018100600100261,2018년 10월 6일 10시,토요일,충청북도 청주시 서원구 산남동,경상사고,0,0,1,0,차대차 - 측면충돌,안전운전불이행,젖음/습기,비,교차로 - 교차로부근,승용,남,34세,상해없음,승용,남,57세,경상
2018100600100294,2018년 10월 6일 11시,토요일,충청북도 청주시 청원구 내수읍,경상사고,0,0,1,0,차량단독 - 전도전복 - 전도,안전운전불이행,젖음/습기,비,교차로 - 교차로부근,승용,남,57세,상해없음,미분류,미분류,미분류,미분류
2018100600100295,2018년 10월 6일 11시,토요일,충청북도 청주시 서원구 사창동,중상사고,0,1,0,0,차대차 - 추돌,안전운전불이행,젖음/습기,비,단일로 - 기타,승용,남,54세,상해없음,승용,남,54세,중상
2018100600100296,2018년 10월 6일 11시,토요일,충청북도 청주시 서원구 모충동,경상사고,0,0,1,0,차대차 - 추돌,안전운전불이행,젖음/습기,비,단일로 - 지하차도(도로)내,승용,남,35세,기타불명,화물,남,43세,경상
2018100600100326,2018년 10월 6일 12시,토요일,충청북도 청주시 흥덕구 강서동,부상신고사고,0,0,0,1,차량단독 - 기타,안전운전불이행,젖음/습기,비,단일로 - 기타,화물,남,62세,부상신고,,,,
2018100600100327,2018년 10월 6일 12시,토요일,충청북도 청주시 흥덕구 강내면,경상사고,0,0,2,0,차대차 - 측면충돌,교차로운행방법위반,건조,맑음,교차로 - 교차로안,승용,남,24세,상해없음,승용,여,45세,경상
2018100600100359,2018년 10월 6일 13시,토요일,충청북도 청주시 서원구 분평동,경상사고,0,0,1,0,차대차 - 측면충돌,안전운전불이행,젖음/습기,흐림,교차로 - 교차로부근,화물,남,57세,상해없음,승용,여,47세,경상
2018100600100382,2018년 10월 6일 14시,토요일,충청북도 청주시 서원구 사창동,중상사고,0,1,0,0,차대차 - 측면충돌,신호위반,건조,맑음,교차로 - 교차로안,승용,여,57세,중상,승용,남,46세,상해없음
2018100600100383,2018년 10월 6일 14시,토요일,충청북도 음성군 삼성면,경상사고,0,0,1,0,차대차 - 측면충돌,교차로운행방법위반,젖음/습기,흐림,교차로 - 교차로안,화물,남,71세,상해없음,승용,남,56세,상해없음
2018100600100414,2018년 10월 6일 15시,토요일,충청북도 청주시 흥덕구 정봉동,경상사고,0,0,1,0,차대차 - 기타,기타,건조,맑음,교차로 - 교차로부근,승용,남,36세,상해없음,승용,여,53세,경상
2018100600100415,2018년 10월 6일 15시,토요일,충청북도 청주시 흥덕구 복대동,중상사고,0,1,0,0,차대사람 - 기타,안전운전불이행,건조,맑음,단일로 - 기타,승용,남,45세,상해없음,보행자,여,86세,중상
2018100600100451,2018년 10월 6일 16시,토요일,충청북도 충주시 중앙탑면,경상사고,0,0,1,1,차대차 - 측면충돌,교차로운행방법위반,건조,맑음,교차로 - 교차로안,승용,남,46세,부상신고,화물,남,66세,경상
2018100600100452,2018년 10월 6일 16시,토요일,충청북도 청주시 서원구 현도면,경상사고,0,0,6,0,차대차 - 측면충돌,신호위반,건조,맑음,교차로 - 교차로안,화물,남,39세,상해없음,승합,남,60세,경상
2018100600100475,2018년 10월 6일 17시,토요일,충청북도 제천시 교동,경상사고,0,0,3,0,차대차 - 측면충돌,신호위반,건조,흐림,교차로 - 교차로안,승용,남,63세,상해없음,승용,남,28세,경상
2018100600100476,2018년 10월 6일 17시,토요일,충청북도 제천시 하소동,경상사고,0,0,3,0,차대차 - 정면충돌,안전거리미확보,건조,맑음,교차로 - 교차로부근,화물,남,45세,상해없음,승용,여,50세,경상
2018100600100477,2018년 10월 6일 17시,토요일,충청북도 청주시 서원구 남이면,경상사고,0,0,1,0,차대차 - 측면충돌,불법유턴,건조,맑음,교차로 - 교차로안,화물,남,57세,상해없음,승용,여,48세,경상
2018100600100512,2018년 10월 6일 18시,토요일,충청북도 충주시 성내동,부상신고사고,0,0,0,1,차대차 - 측면충돌,신호위반,건조,맑음,교차로 - 교차로부근,이륜,남,22세,부상신고,화물,남,65세,상해없음
2018100600100550,2018년 10월 6일 19시,토요일,충청북도 청주시 흥덕구 가경동,경상사고,0,0,1,0,차대차 - 기타,안전운전불이행,건조,맑음,교차로 - 교차로부근,승용,남,63세,상해없음,승용,여,31세,경상
2018100600100551,2018년 10월 6일 19시,토요일,충청북도 청주시 흥덕구 복대동,부상신고사고,0,0,0,1,차대차 - 기타,교차로운행방법위반,건조,맑음,교차로 - 교차로안,이륜,남,16세,부상신고,승용,남,35세,상해없음
2018100600100610,2018년 10월 6일 21시,토요일,충청북도 청주시 흥덕구 강내면,중상사고,0,1,0,0,차대차 - 기타,신호위반,건조,맑음,교차로 - 교차로안,승용,남,35세,상해없음,이륜,남,18세,중상
2018100600100634,2018년 10월 6일 22시,토요일,충청북도 충주시 연수동,중상사고,0,1,0,0,차대사람 - 횡단중,안전운전불이행,젖음/습기,흐림,기타 - 기타,승용,남,40세,상해없음,보행자,여,55세,중상
2018100700100042,2018년 10월 7일 02시,일요일,충청북도 제천시 청전동,경상사고,0,0,2,0,차대차 - 측면충돌,신호위반,건조,맑음,교차로 - 교차로안,이륜,남,15세,상해없음,승용,남,41세,경상
2018100700100058,2018년 10월 7일 03시,일요일,충청북도 청주시 서원구 모충동,경상사고,0,0,1,0,차대차 - 기타,신호위반,건조,맑음,교차로 - 교차로안,승용,여,56세,상해없음,승용,남,69세,경상
2018100700100094,2018년 10월 7일 06시,일요일,충청북도 청주시 청원구 외남동,사망사고,1,0,0,0,차대사람 - 횡단중,중앙선침범,젖음/습기,안개,교차로 - 교차로부근,화물,남,66세,상해없음,보행자,여,78세,사망
2018100700100168,2018년 10월 7일 10시,일요일,충청북도 충주시 교현동,중상사고,0,1,0,0,차대사람 - 보도통행중,안전운전불이행,건조,맑음,단일로 - 기타,이륜,남,75세,상해없음,보행자,여,80세,중상
2018100700100169,2018년 10월 7일 10시,일요일,충청북도 청주시 흥덕구 봉명동,경상사고,0,0,2,0,차대차 - 측면충돌,교차로운행방법위반,건조,맑음,교차로 - 교차로안,승용,여,52세,경상,승용,여,59세,경상
2018100700100221,2018년 10월 7일 12시,일요일,충청북도 청주시 서원구 사창동,경상사고,0,0,1,0,차량단독 - 기타,안전운전불이행,건조,맑음,교차로 - 교차로부근,이륜,남,25세,경상,,,,
2018100700100246,2018년 10월 7일 13시,일요일,충청북도 음성군 감곡면,중상사고,0,1,1,0,차대차 - 측면충돌,차로위반,건조,맑음,단일로 - 기타,승용,남,64세,경상,승용,남,39세,중상
2018100700100247,2018년 10월 7일 13시,일요일,충청북도 청주시 흥덕구 오송읍,부상신고사고,0,0,0,1,차대차 - 측면충돌,안전운전불이행,건조,맑음,단일로 - 기타,자전거,남,61세,부상신고,승용,남,42세,상해없음
2018100700100273,2018년 10월 7일 14시,일요일,충청북도 진천군 진천읍,중상사고,0,1,0,0,차대사람 - 차도통행중,안전운전불이행,건조,맑음,단일로 - 기타,화물,남,64세,상해없음,보행자,남,71세,중상
2018100700100310,2018년 10월 7일 15시,일요일,충청북도 청주시 청원구 오창읍,경상사고,0,0,3,0,차대차 - 기타,신호위반,건조,맑음,교차로 - 교차로안,승용,남,64세,경상,승용,여,22세,경상
2018100700100311,2018년 10월 7일 15시,일요일,충청북도 충주시 칠금동,중상사고,0,1,0,0,차대차 - 기타,신호위반,건조,맑음,교차로 - 교차로안,이륜,남,78세,중상,승용,남,66세,상해없음
2018100700100312,2018년 10월 7일 15시,일요일,충청북도 제천시 왕암동,경상사고,0,0,2,0,차대차 - 측면충돌,안전거리미확보,건조,맑음,단일로 - 기타,이륜,남,71세,경상,승용,여,53세,경상
2018100700100349,2018년 10월 7일 16시,일요일,충청북도 청주시 청원구 오창읍,경상사고,0,0,2,0,차대차 - 추돌,안전운전불이행,건조,맑음,교차로 - 교차로부근,승용,남,37세,상해없음,승용,남,47세,경상
2018100700100350,2018년 10월 7일 16시,일요일,충청북도 충주시 안림동,경상사고,0,0,1,0,차대차 - 기타,안전운전불이행,건조,맑음,단일로 - 기타,승용,남,49세,상해없음,승용,남,37세,상해없음
2018100700100351,2018년 10월 7일 16시,일요일,충청북도 청주시 서원구 분평동,중상사고,0,1,0,0,차대차 - 정면충돌,신호위반,건조,맑음,교차로 - 교차로안,자전거,남,75세,중상,화물,남,63세,상해없음
2018100700100352,2018년 10월 7일 16시,일요일,충청북도 진천군 초평면,경상사고,0,0,2,0,차대차 - 추돌,안전거리미확보,건조,맑음,단일로 - 기타,승용,여,49세,상해없음,승용,여,36세,경상
2018100700100391,2018년 10월 7일 17시,일요일,충청북도 충주시 금릉동,경상사고,0,0,3,0,차대차 - 기타,안전거리미확보,건조,맑음,교차로 - 교차로안,승용,여,45세,경상,승용,여,55세,경상
2018100700100431,2018년 10월 7일 18시,일요일,충청북도 제천시 장락동,중상사고,0,1,0,0,차대차 - 추돌,안전운전불이행,건조,맑음,단일로 - 기타,화물,남,68세,상해없음,자전거,남,76세,중상
2018100700100432,2018년 10월 7일 18시,일요일,충청북도 옥천군 청성면,중상사고,0,1,0,0,차대차 - 측면충돌,안전운전불이행,건조,맑음,단일로 - 기타,기타불명,기타불명,미분류,기타불명,승용,남,54세,중상
2018100700100473,2018년 10월 7일 19시,일요일,충청북도 청주시 서원구 사직동,경상사고,0,0,3,0,차대차 - 측면충돌,신호위반,건조,맑음,교차로 - 교차로안,이륜,남,22세,경상,승용,남,39세,경상
2018100700100474,2018년 10월 7일 19시,일요일,충청북도 청주시 청원구 우암동,중상사고,0,1,0,0,차대사람 - 횡단중,신호위반,건조,맑음,교차로 - 교차로횡단보도내,화물,남,68세,상해없음,보행자,남,60세,중상
2018100700100475,2018년 10월 7일 19시,일요일,충청북도 청주시 청원구 오창읍,중상사고,0,1,0,0,차대차 - 측면충돌,안전거리미확보,건조,맑음,단일로 - 기타,승용,남,40세,상해없음,이륜,남,20세,중상
2018100700100476,2018년 10월 7일 19시,일요일,충청북도 청주시 상당구 서운동,경상사고,0,0,1,0,차대차 - 측면충돌,안전거리미확보,건조,맑음,교차로 - 교차로횡단보도내,승용,남,69세,상해없음,승용,여,54세,경상
2018100700100505,2018년 10월 7일 20시,일요일,충청북도 청주시 청원구 외남동,경상사고,0,0,1,0,차대사람 - 횡단중,안전운전불이행,건조,맑음,단일로 - 기타,승용,여,44세,기타불명,보행자,남,57세,경상
2018100700100506,2018년 10월 7일 20시,일요일,충청북도 청주시 서원구 개신동,경상사고,0,0,1,0,차대차 - 기타,교차로운행방법위반,건조,맑음,교차로 - 교차로안,승용,여,27세,상해없음,승용,남,50세,경상
2018100700100507,2018년 10월 7일 20시,일요일,충청북도 충주시 대소원면,중상사고,0,1,0,0,차대차 - 기타,신호위반,건조,맑음,교차로 - 교차로안,승용,남,59세,상해없음,승용,남,31세,중상
2018100700100508,2018년 10월 7일 20시,일요일,충청북도 충주시 연수동,경상사고,0,0,1,0,차대차 - 기타,안전운전불이행,건조,맑음,단일로 - 기타,승용,여,39세,상해없음,승용,남,28세,경상
2018100700100509,2018년 10월 7일 20시,일요일,충청북도 청주시 상당구 용암동,중상사고,0,1,0,0,차대사람 - 횡단중,신호위반,건조,맑음,교차로 - 교차로횡단보도내,승합,남,68세,상해없음,보행자,남,52세,중상