사고번호,사고일시,요일,시군구,사고내용,사망자수,중상자수,경상자수,부상신고자수,사고유형,법규위반,노면상태,기상상태,도로형태,가해운전자 차종,가해운전자 성별,가해운전자 연령,가해운전자 상해정도,피해운전자 차종,피해운전자 성별,피해운전자 연령,피해운전자 상해정도
2018100700100531,2018년 10월 7일 21시,일요일,충청북도 충주시 칠금동,중상사고,0,1,0,0,차대차 - 기타,안전운전불이행,건조,흐림,단일로 - 기타,화물,여,58세,상해없음,이륜,남,51세,중상
2018100700100558,2018년 10월 7일 22시,일요일,충청북도 청주시 서원구 모충동,경상사고,0,0,1,0,차대사람 - 차도통행중,안전운전불이행,건조,맑음,교차로 - 교차로안,이륜,남,51세,상해없음,보행자,남,25세,경상
2018100700100574,2018년 10월 7일 23시,일요일,충청북도 청주시 청원구 사천동,경상사고,0,0,1,0,차대차 - 측면충돌,안전운전불이행,건조,맑음,교차로 - 교차로부근,승용,남,36세,상해없음,화물,남,50세,경상
2018100800100047,2018년 10월 8일 06시,월요일,충청북도 청주시 흥덕구 봉명동,경상사고,0,0,1,0,차대사람 - 횡단중,보행자보호의무위반,건조,맑음,교차로 - 교차로안,승합,여,57세,상해없음,보행자,남,59세,경상
2018100800100090,2018년 10월 8일 08시,월요일,충청북도 충주시 문화동,중상사고,0,1,0,0,차대사람 - 기타,안전운전불이행,건조,맑음,단일로 - 기타,승용,여,30세,상해없음,보행자,여,84세,중상
2018100800100091,2018년 10월 8일 08시,월요일,충청북도 청주시 서원구 분평동,중상사고,0,5,0,0,차대차 - 측면충돌,안전운전불이행,건조,맑음,교차로 - 교차로안,승용,여,60세,중상,승용,남,62세,중상
2018100800100092,2018년 10월 8일 08시,월요일,충청북도 청주시 상당구 용담동,중상사고,0,1,0,0,차대차 - 측면충돌,안전운전불이행,건조,맑음,단일로 - 지하차도(도로)내,자전거,남,78세,중상,승용,여,45세,상해없음
2018100800100176,2018년 10월 8일 10시,월요일,충청북도 영동군 학산면,사망사고,1,1,1,0,차대차 - 측면충돌,안전운전불이행,건조,맑음,교차로 - 교차로안,화물,남,56세,경상,화물,남,60세,사망
2018100800100177,2018년 10월 8일 10시,월요일,충청북도 청주시 흥덕구 석소동,부상신고사고,0,0,0,1,차량단독 - 공작물충돌,안전운전불이행,건조,맑음,단일로 - 기타,승용,남,49세,부상신고,,,,
2018100800100223,2018년 10월 8일 11시,월요일,충청북도 청주시 청원구 우암동,경상사고,0,0,3,0,차대차 - 측면충돌,안전운전불이행,건조,맑음,단일로 - 기타,화물,남,37세,상해없음,화물,남,57세,경상
2018100800100290,2018년 10월 8일 13시,월요일,충청북도 청주시 청원구 내덕동,경상사고,0,0,2,0,차대차 - 기타,안전운전불이행,건조,맑음,교차로 - 교차로안,승용,여,31세,기타불명,승용,남,54세,경상
2018100800100360,2018년 10월 8일 15시,월요일,충청북도 청주시 청원구 내덕동,중상사고,0,1,0,0,차대차 - 기타,신호위반,건조,맑음,단일로 - 기타,승용,여,54세,상해없음,자전거,여,69세,중상
2018100800100361,2018년 10월 8일 15시,월요일,충청북도 제천시 고암동,경상사고,0,0,1,0,차대사람 - 횡단중,보행자보호의무위반,건조,맑음,단일로 - 기타,승용,여,42세,상해없음,보행자,남,8세,경상
2018100800100362,2018년 10월 8일 15시,월요일,충청북도 옥천군 군서면,경상사고,0,0,1,0,차대차 - 추돌,안전거리미확보,건조,맑음,단일로 - 기타,화물,남,68세,경상,건설기계,남,45세,상해없음
2018100800100363,2018년 10월 8일 15시,월요일,충청북도 진천군 백곡면,경상사고,0,0,1,0,차대차 - 측면충돌,안전운전불이행,건조,맑음,단일로 - 기타,농기계,남,65세,경상,화물,남,62세,상해없음
2018100800100407,2018년 10월 8일 16시,월요일,충청북도 청주시 상당구 북문로3가동,경상사고,0,0,2,0,차대차 - 측면충돌,안전운전불이행,건조,맑음,교차로 - 교차로부근,승용,남,73세,경상,승용,남,30세,경상
2018100800100408,2018년 10월 8일 16시,월요일,충청북도 괴산군 불정면,중상사고,0,2,1,0,차대차 - 추돌,안전운전불이행,건조,맑음,단일로 - 기타,화물,남,69세,상해없음,화물,남,72세,중상
2018100800100409,2018년 10월 8일 16시,월요일,충청북도 청주시 흥덕구 복대동,경상사고,0,0,1,0,차대차 - 기타,안전운전불이행,건조,맑음,단일로 - 기타,승용,남,52세,상해없음,승용,남,71세,상해없음
2018100800100410,2018년 10월 8일 16시,월요일,충청북도 청주시 상당구 남일면,경상사고,0,0,2,0,차대차 - 기타,안전운전불이행,건조,맑음,교차로 - 교차로부근,승용,남,55세,상해없음,승용,남,60세,경상
2018100800100452,2018년 10월 8일 17시,월요일,충청북도 청주시 상당구 석교동,경상사고,0,0,1,0,차대차 - 측면충돌,안전운전불이행,건조,맑음,교차로 - 교차로안,승용,남,55세,상해없음,승용,여,54세,경상
2018100800100502,2018년 10월 8일 18시,월요일,충청북도 충주시 금릉동,부상신고사고,0,0,0,1,차대차 - 기타,안전운전불이행,건조,맑음,단일로 - 기타,기타불명,기타불명,미분류,기타불명,승용,여,21세,부상신고
2018100800100503,2018년 10월 8일 18시,월요일,충청북도 음성군 금왕읍,경상사고,0,0,1,0,차대차 - 정면충돌,교차로운행방법위반,건조,맑음,교차로 - 교차로안,승합,남,69세,경상,화물,남,61세,상해없음
2018100800100573,2018년 10월 8일 20시,월요일,충청북도 증평군 증평읍,경상사고,0,0,1,0,차대차 - 측면충돌,직진우회전진행방해,건조,맑음,교차로 - 교차로안,화물,남,54세,상해없음,화물,남,66세,상해없음
2018100800100574,2018년 10월 8일 20시,월요일,충청북도 청주시 흥덕구 복대동,경상사고,0,0,1,0,차대차 - 기타,교차로운행방법위반,건조,맑음,교차로 - 교차로안,승용,남,25세,상해없음,승용,여,50세,경상
2018100800100575,2018년 10월 8일 20시,월요일,충청북도 청주시 상당구 영운동,경상사고,0,0,1,0,차대사람 - 횡단중,안전운전불이행,건조,맑음,단일로 - 지하차도(도로)내,승용,남,57세,상해없음,보행자,남,58세,경상
2018100800100606,2018년 10월 8일 21시,월요일,충청북도 청주시 청원구 내덕동,중상사고,0,1,0,0,차대사람 - 횡단중,안전운전불이행,건조,맑음,교차로 - 교차로횡단보도내,승용,남,74세,상해없음,보행자,남,41세,중상
2018100800100607,2018년 10월 8일 21시,월요일,충청북도 청주시 상당구 용암동,경상사고,0,0,1,0,차대차 - 기타,안전운전불이행,건조,맑음,교차로 - 교차로안,승용,남,43세,상해없음,이륜,남,34세,경상
2018100800100608,2018년 10월 8일 21시,월요일,충청북도 음성군 대소면,중상사고,0,1,1,0,차대차 - 기타,안전운전불이행,건조,맑음,단일로 - 기타,승용,여,42세,경상,특수,남,67세,상해없음
2018100800100660,2018년 10월 8일 23시,월요일,충청북도 청주시 청원구 우암동,중상사고,0,2,0,0,차대사람 - 횡단중,과속,건조,맑음,교차로 - 교차로횡단보도내,승용,남,18세,상해없음,보행자,여,21세,중상
2018100800100661,2018년 10월 8일 23시,월요일,충청북도 단양군 단양읍,경상사고,0,0,1,0,차대차 - 측면충돌,중앙선침범,건조,맑음,단일로 - 기타,화물,남,46세,상해없음,승용,남,63세,경상
2018100900100028,2018년 10월 9일 01시,화요일,충청북도 충주시 교현동,중상사고,0,1,1,0,차대차 - 측면충돌,신호위반,건조,맑음,교차로 - 교차로안,승용,남,34세,경상,승용,남,49세,중상
2018100900100041,2018년 10월 9일 02시,화요일,충청북도 청주시 청원구 우암동,경상사고,0,0,1,0,차대차 - 기타,안전운전불이행,건조,맑음,단일로 - 기타,승용,남,25세,상해없음,화물,남,56세,상해없음
2018100900100129,2018년 10월 9일 08시,화요일,충청북도 청주시 서원구 사직동,중상사고,0,1,0,0,차대사람 - 기타,안전운전불이행,건조,맑음,단일로 - 기타,승합,남,57세,기타불명,보행자,여,68세,중상
2018100900100159,2018년 10월 9일 10시,화요일,충청북도 청주시 청원구 주중동,경상사고,0,0,1,0,차대차 - 기타,안전운전불이행,건조,맑음,단일로 - 기타,승용,여,58세,상해없음,승용,여,39세,경상
2018100900100160,2018년 10월 9일 10시,화요일,충청북도 청주시 상당구 금천동,경상사고,0,0,1,0,차대차 - 기타,안전운전불이행,건조,맑음,단일로 - 기타,승용,남,57세,상해없음,승용,여,30세,경상
2018100900100214,2018년 10월 9일 12시,화요일,충청북도 청주시 흥덕구 가경동,경상사고,0,0,1,0,차대차 - 추돌,안전운전불이행,건조,맑음,교차로 - 교차로부근,승용,여,55세,상해없음,승용,남,59세,상해없음
2018100900100215,2018년 10월 9일 12시,화요일,충청북도 청주시 상당구 용담동,경상사고,0,0,1,0,차대차 - 측면충돌,안전운전불이행,건조,맑음,주차장 - 주차장,승용,여,47세,상해없음,승용,여,50세,경상
2018100900100243,2018년 10월 9일 13시,화요일,충청북도 청주시 상당구 낭성면,경상사고,0,0,1,0,차대차 - 측면충돌,안전운전불이행,건조,맑음,단일로 - 기타,승용,여,70세,경상,승용,기타불명,미분류,기타불명
2018100900100266,2018년 10월 9일 14시,화요일,충청북도 청주시 서원구 수곡동,중상사고,0,1,1,0,차대차 - 측면충돌,교차로운행방법위반,건조,맑음,교차로 - 교차로안,승용,남,75세,경상,화물,남,42세,중상
2018100900100292,2018년 10월 9일 15시,화요일,충청북도 청주시 서원구 분평동,중상사고,0,1,0,0,차대차 - 측면충돌,안전운전불이행,건조,맑음,교차로 - 교차로횡단보도내,이륜,남,18세,상해없음,자전거,여,69세,중상
2018100900100293,2018년 10월 9일 15시,화요일,충청북도 청주시 서원구 모충동,경상사고,0,0,2,0,차대차 - 측면충돌,안전운전불이행,건조,맑음,단일로 - 기타,승용,남,66세,경상,승용,여,57세,경상
2018100900100314,2018년 10월 9일 16시,화요일,충청북도 단양군 영춘면,중상사고,0,2,3,0,차대차 - 측면충돌,직진우회전진행방해,건조,맑음,교차로 - 교차로안,화물,남,42세,경상,승용,남,65세,상해없음
2018100900100334,2018년 10월 9일 17시,화요일,충청북도 청주시 흥덕구 옥산면,경상사고,0,0,1,0,차대차 - 기타,중앙선침범,건조,맑음,교차로 - 교차로부근,승용,여,44세,상해없음,승용,여,47세,경상
2018100900100335,2018년 10월 9일 17시,화요일,충청북도 청주시 상당구 용암동,경상사고,0,0,1,0,차대차 - 측면충돌,안전운전불이행,건조,맑음,단일로 - 기타,화물,남,65세,상해없음,승용,남,68세,경상
2018100900100374,2018년 10월 9일 18시,화요일,충청북도 청주시 흥덕구 옥산면,경상사고,0,0,1,0,차대차 - 기타,안전운전불이행,건조,맑음,단일로 - 기타,농기계,남,57세,상해없음,승용,여,55세,경상
2018100900100415,2018년 10월 9일 19시,화요일,충청북도 청주시 서원구 분평동,경상사고,0,0,1,0,차대차 - 기타,중앙선침범,건조,맑음,단일로 - 기타,승용,남,42세,상해없음,승용,여,54세,경상
2018100900100448,2018년 10월 9일 20시,화요일,충청북도 제천시 영천동,경상사고,0,0,1,0,차대차 - 추돌,안전운전불이행,건조,맑음,교차로 - 교차로횡단보도내,이륜,남,45세,경상,승용,남,55세,상해없음
2018100900100475,2018년 10월 9일 21시,화요일,충청북도 청주시 상당구 용암동,경상사고,0,0,1,0,차대차 - 측면충돌,안전운전불이행,건조,맑음,단일로 - 지하차도(도로)내,승용,남,47세,상해없음,이륜,남,21세,경상
2018100900100502,2018년 10월 9일 23시,화요일,충청북도 충주시 연수동,경상사고,0,0,2,0,차대사람 - 차도통행중,안전운전불이행,건조,맑음,단일로 - 기타,승용,남,33세,상해없음,보행자,남,52세,경상
2018101000100048,2018년 10월 10일 06시,수요일,충청북도 청주시 청원구 율량동,경상사고,0,0,1,0,차대차 - 추돌,안전운전불이행,젖음/습기,흐림,교차로 - 교차로부근,승용,남,40세,상해없음,승용,남,65세,경상
2018101000100061,2018년 10월 10일 07시,수요일,충청북도 청주시 청원구 율량동,경상사고,0,0,1,0,차대차 - 측면충돌,중앙선침범,건조,맑음,교차로 - 교차로부근,승용,남,26세,상해없음,승용,여,48세,경상
2018101000100179,2018년 10월 10일 11시,수요일,충청북도 청주시 청원구 내수읍,중상사고,0,1,0,0,차대사람 - 횡단중,안전운전불이행,건조,맑음,단일로 - 기타,승용,여,51세,상해없음,보행자,여,73세,중상
2018101000100180,2018년 10월 10일 11시,수요일,충청북도 충주시 노은면,경상사고,0,0,2,0,차대차 - 추돌,안전운전불이행,건조,맑음,단일로 - 터널,화물,남,34세,상해없음,승용,남,35세,경상
2018101000100210,2018년 10월 10일 12시,수요일,충청북도 청주시 서원구 사직동,중상사고,0,1,0,0,차대차 - 측면충돌,신호위반,건조,맑음,교차로 - 교차로안,이륜,남,79세,중상,승용,남,45세,상해없음
2018101000100211,2018년 10월 10일 12시,수요일,충청북도 청주시 청원구 오창읍,경상사고,0,0,3,0,차대차 - 측면충돌,직진우회전진행방해,건조,맑음,교차로 - 교차로안,승용,남,21세,경상,승용,남,44세,경상
2018101000100212,2018년 10월 10일 12시,수요일,충청북도 충주시 충의동,중상사고,0,1,0,0,차대사람 - 기타,안전운전불이행,건조,맑음,단일로 - 기타,승용,여,33세,상해없음,보행자,여,71세,중상
2018101000100213,2018년 10월 10일 12시,수요일,충청북도 충주시 산척면,중상사고,0,1,0,0,차대차 - 기타,안전운전불이행,건조,맑음,단일로 - 기타,승합,남,56세,상해없음,농기계,남,48세,상해없음
2018101000100214,2018년 10월 10일 12시,수요일,충청북도 진천군 진천읍,중상사고,0,1,0,0,차대차 - 측면충돌,신호위반,건조,맑음,교차로 - 교차로안,승용,남,70세,상해없음,승용,남,53세,중상
2018101000100241,2018년 10월 10일 13시,수요일,충청북도 충주시 성서동,중상사고,0,1,0,0,차대차 - 기타,중앙선침범,건조,맑음,단일로 - 기타,자전거,남,73세,중상,화물,여,64세,상해없음
2018101000100269,2018년 10월 10일 14시,수요일,충청북도 충주시 엄정면,중상사고,0,1,0,0,차대사람 - 기타,안전운전불이행,건조,맑음,교차로 - 교차로안,농기계,남,83세,상해없음,보행자,여,76세,중상
2018101000100270,2018년 10월 10일 14시,수요일,충청북도 증평군 증평읍,중상사고,0,1,0,0,차대차 - 측면충돌,신호위반,건조,맑음,교차로 - 교차로안,승용,남,66세,상해없음,자전거,남,82세,중상
2018101000100271,2018년 10월 10일 14시,수요일,충청북도 청주시 서원구 미평동,경상사고,0,0,1,0,차대차 - 정면충돌,중앙선침범,건조,맑음,교차로 - 교차로안,승용,남,67세,상해없음,승용,남,38세,경상
2018101000100307,2018년 10월 10일 15시,수요일,충청북도 제천시 청전동,중상사고,0,1,0,0,차대차 - 측면충돌,직진우회전진행방해,건조,맑음,교차로 - 교차로안,승용,남,50세,상해없음,이륜,남,30세,중상
2018101000100308,2018년 10월 10일 15시,수요일,충청북도 청주시 흥덕구 봉명동,경상사고,0,0,1,0,차대차 - 후진중충돌,안전운전불이행,건조,맑음,교차로 - 교차로부근,승용,남,19세,상해없음,화물,남,28세,경상
2018101000100337,2018년 10월 10일 16시,수요일,충청북도 청주시 서원구 수곡동,중상사고,0,1,1,0,차대차 - 측면충돌,안전운전불이행,건조,맑음,교차로 - 교차로안,자전거,남,14세,중상,자전거,남,14세,경상
2018101000100364,2018년 10월 10일 17시,수요일,충청북도 청주시 상당구 금천동,경상사고,0,0,3,0,차대차 - 측면충돌,교차로운행방법위반,건조,맑음,교차로 - 교차로안,승용,남,67세,경상,승용,여,53세,경상
2018101000100422,2018년 10월 10일 18시,수요일,충청북도 제천시 장락동,중상사고,0,1,0,0,차대사람 - 횡단중,안전운전불이행,건조,맑음,단일로 - 지하차도(도로)내,승용,남,49세,상해없음,보행자,남,10세,중상
2018101000100423,2018년 10월 10일 18시,수요일,충청북도 옥천군 안내면,사망사고,1,0,0,0,차대사람 - 횡단중,안전운전불이행,건조,맑음,단일로 - 기타,승용,남,56세,상해없음,보행자,여,82세,사망
2018101000100424,2018년 10월 10일 18시,수요일,충청북도 진천군 진천읍,경상사고,0,0,1,0,차대차 - 측면충돌,안전운전불이행,건조,맑음,단일로 - 기타,화물,남,50세,상해없음,승용,남,52세,경상
2018101000100425,2018년 10월 10일 18시,수요일,충청북도 청주시 흥덕구 오송읍,경상사고,0,0,5,0,차대차 - 측면충돌,안전운전불이행,건조,맑음,교차로 - 교차로안,승용,남,47세,상해없음,승용,여,40세,경상
2018101000100460,2018년 10월 10일 19시,수요일,충청북도 청주시 청원구 내덕동,중상사고,0,1,0,0,차대차 - 기타,안전운전불이행,건조,맑음,단일로 - 기타,승용,여,56세,상해없음,화물,남,49세,기타불명
2018101000100461,2018년 10월 10일 19시,수요일,충청북도 충주시 연수동,경상사고,0,0,3,0,차대차 - 측면충돌,안전운전불이행,건조,맑음,교차로 - 교차로안,이륜,남,22세,경상,승용,여,42세,경상
2018101000100462,2018년 10월 10일 19시,수요일,충청북도 청주시 흥덕구 복대동,경상사고,0,0,1,0,차대사람 - 횡단중,보행자보호의무위반,건조,맑음,교차로 - 교차로안,승용,여,59세,상해없음,보행자,남,49세,경상
2018101000100463,2018년 10월 10일 19시,수요일,충청북도 청주시 상당구 용암동,경상사고,0,0,1,0,차대차 - 측면충돌,안전운전불이행,건조,맑음,단일로 - 지하차도(도로)내,이륜,남,44세,경상,승용,남,39세,상해없음
2018101000100464,2018년 10월 10일 19시,수요일,충청북도 청주시 서원구 산남동,경상사고,0,0,1,0,차대차 - 기타,차로위반,건조,맑음,단일로 - 지하차도(도로)내,화물,남,60세,상해없음,이륜,남,41세,경상
2018101000100494,2018년 10월 10일 20시,수요일,충청북도 충주시 앙성면,중상사고,0,1,0,0,차량단독 - 공작물충돌,안전운전불이행,건조,맑음,단일로 - 기타,승용,남,59세,중상,,,,
2018101000100521,2018년 10월 10일 21시,수요일,충청북도 청주시 흥덕구 석곡동,부상신고사고,0,0,0,1,차대차 - 측면충돌,안전운전불이행,건조,맑음,교차로 - 교차로안,이륜,남,37세,부상신고,승용,남,62세,상해없음
2018101000100550,2018년 10월 10일 22시,수요일,충청북도 음성군 원남면,중상사고,0,1,0,0,차대차 - 추돌,안전운전불이행,건조,맑음,교차로 - 교차로부근,화물,남,47세,상해없음,승용,남,52세,중상
2018101000100562,2018년 10월 10일 23시,수요일,충청북도 충주시 금가면,경상사고,0,0,2,0,차대차 - 측면충돌,안전거리미확보,건조,흐림,교차로 - 교차로부근,승용,여,62세,상해없음,승용,남,57세,경상
2018101000100563,2018년 10월 10일 23시,수요일,충청북도 청주시 흥덕구 봉명동,경상사고,0,0,1,0,차대차 - 측면충돌,안전운전불이행,건조,맑음,단일로 - 기타,원동기,남,18세,상해없음,승용,남,47세,경상
2018101100100008,2018년 10월 11일 00시,목요일,충청북도 청주시 청원구 사천동,경상사고,0,0,1,0,차량단독 - 기타,안전운전불이행,건조,맑음,교차로 - 교차로부근,승용,남,57세,상해없음,,,,
2018101100100040,2018년 10월 11일 05시,목요일,충청북도 충주시 칠금동,경상사고,0,0,1,0,차대차 - 기타,안전운전불이행,건조,맑음,교차로 - 교차로부근,기타불명,기타불명,미분류,기타불명,자전거,남,62세,경상
2018101100100051,2018년 10월 11일 06시,목요일,충청북도 충주시 금릉동,중상사고,0,2,1,0,차대차 - 정면충돌,안전거리미확보,건조,맑음,교차로 - 교차로안,승용,남,26세,상해없음,승용,남,70세,중상
2018101100100074,2018년 10월 11일 07시,목요일,충청북도 증평군 증평읍,경상사고,0,0,1,0,차대차 - 기타,신호위반,건조,맑음,교차로 - 교차로안,승합,남,38세,상해없음,승용,남,58세,경상
2018101100100075,2018년 10월 11일 07시,목요일,충청북도 증평군 증평읍,경상사고,0,0,1,0,차대사람 - 횡단중,보행자보호의무위반,건조,맑음,교차로 - 교차로부근,승용,남,57세,상해없음,보행자,여,60세,경상
2018101100100143,2018년 10월 11일 09시,목요일,충청북도 충주시 지현동,중상사고,0,1,1,0,차대차 - 기타,안전운전불이행,건조,맑음,단일로 - 기타,원동기,남,55세,중상,자전거,남,75세,경상
2018101100100144,2018년 10월 11일 09시,목요일,충청북도 청주시 상당구 가덕면,중상사고,0,1,0,0,차대차 - 추돌,안전운전불이행,건조,맑음,단일로 - 지하차도(도로)내,승합,남,57세,상해없음,이륜,남,81세,중상
2018101100100175,2018년 10월 11일 10시,목요일,충청북도 청주시 서원구 모충동,경상사고,0,0,1,0,차대차 - 추돌,안전운전불이행,건조,맑음,단일로 - 지하차도(도로)내,화물,남,58세,상해없음,이륜,남,56세,경상
2018101100100176,2018년 10월 11일 10시,목요일,충청북도 청주시 상당구 남문로1가동,경상사고,0,0,1,0,차대차 - 측면충돌,안전운전불이행,건조,맑음,단일로 - 기타,승용,남,68세,상해없음,화물,남,45세,경상
2018101100100204,2018년 10월 11일 11시,목요일,충청북도 청주시 서원구 수곡동,경상사고,0,0,2,0,차대차 - 기타,안전거리미확보,건조,맑음,교차로 - 교차로부근,승용,여,62세,상해없음,승용,남,22세,경상
2018101100100271,2018년 10월 11일 13시,목요일,충청북도 청주시 청원구 북이면,경상사고,0,0,2,0,차대차 - 기타,차로위반,건조,맑음,단일로 - 기타,승용,여,62세,상해없음,승용,남,69세,경상
2018101100100294,2018년 10월 11일 14시,목요일,충청북도 증평군 증평읍,경상사고,0,0,1,0,차대차 - 측면충돌,안전운전불이행,건조,맑음,단일로 - 기타,승용,남,71세,상해없음,승용,남,49세,경상
2018101100100295,2018년 10월 11일 14시,목요일,충청북도 옥천군 옥천읍,중상사고,0,1,0,0,차대차 - 측면충돌,중앙선침범,건조,맑음,단일로 - 기타,화물,남,37세,상해없음,이륜,여,74세,중상
2018101100100324,2018년 10월 11일 15시,목요일,충청북도 청주시 청원구 주중동,경상사고,0,0,1,0,차대차 - 기타,안전운전불이행,건조,맑음,단일로 - 기타,이륜,남,22세,경상,승합,남,51세,상해없음
2018101100100325,2018년 10월 11일 15시,목요일,충청북도 청주시 서원구 사창동,경상사고,0,0,2,0,차대차 - 추돌,안전운전불이행,건조,맑음,교차로 - 교차로부근,승용,남,37세,상해없음,승용,여,51세,경상
2018101100100326,2018년 10월 11일 15시,목요일,충청북도 음성군 생극면,경상사고,0,0,1,0,차대차 - 후진중충돌,안전운전불이행,건조,맑음,단일로 - 기타,승용,남,54세,상해없음,이륜,남,56세,경상
2018101100100409,2018년 10월 11일 17시,목요일,충청북도 보은군 보은읍,중상사고,0,1,1,0,차대차 - 측면충돌,교차로운행방법위반,건조,맑음,교차로 - 교차로안,이륜,남,73세,상해없음,화물,남,71세,중상
2018101100100410,2018년 10월 11일 17시,목요일,충청북도 청주시 흥덕구 오송읍,중상사고,0,1,1,0,차대차 - 측면충돌,안전운전불이행,건조,맑음,교차로 - 교차로안,승용,남,47세,중상,승용,남,25세,경상
2018101100100411,2018년 10월 11일 17시,목요일,충청북도 청주시 상당구 영운동,중상사고,0,1,1,0,차대차 - 측면충돌,안전운전불이행,건조,맑음,교차로 - 교차로안,승용,여,63세,중상,승용,남,32세,경상
2018101100100459,2018년 10월 11일 18시,목요일,충청북도 충주시 수안보면,경상사고,0,0,1,0,차대차 - 정면충돌,안전운전불이행,건조,맑음,교차로 - 교차로안,승용,남,55세,상해없음,승합,남,48세,경상
2018101100100460,2018년 10월 11일 18시,목요일,충청북도 음성군 감곡면,중상사고,0,1,0,0,차대사람 - 차도통행중,안전운전불이행,건조,맑음,단일로 - 기타,승용,남,31세,상해없음,보행자,남,55세,중상
2018101100100461,2018년 10월 11일 18시,목요일,충청북도 청주시 상당구 가덕면,경상사고,0,0,1,0,차대차 - 측면충돌,중앙선침범,건조,맑음,단일로 - 기타,화물,남,56세,상해없음,승용,남,58세,경상
2018101100100500,2018년 10월 11일 19시,목요일,충청북도 충주시 교현동,중상사고,0,1,0,0,차량단독 - 전도전복 - 전도,안전운전불이행,건조,맑음,단일로 - 기타,이륜,남,38세,중상,미분류,미분류,미분류,미분류
2018101100100501,2018년 10월 11일 19시,목요일,충청북도 청주시 흥덕구 복대동,경상사고,0,0,1,0,차대차 - 측면충돌,신호위반,건조,맑음,교차로 - 교차로안,승용,여,57세,상해없음,승용,남,24세,경상
2018101100100563,2018년 10월 11일 21시,목요일,충청북도 충주시 연수동,경상사고,0,0,3,0,차대차 - 측면충돌,직진우회전진행방해,건조,흐림,교차로 - 교차로안,승용,남,52세,상해없음,승용,여,46세,경상
2018101100100564,2018년 10월 11일 21시,목요일,충청북도 청주시 흥덕구 강내면,경상사고,0,0,2,0,차대차 - 기타,안전운전불이행,건조,맑음,교차로 - 교차로부근,승용,여,40세,상해없음,승용,남,46세,경상
2018101100100612,2018년 10월 11일 23시,목요일,충청북도 충주시 주덕읍,중상사고,0,1,0,0,차량단독 - 기타,안전운전불이행,건조,맑음,기타 - 기타,자전거,남,43세,중상,,,,
2018101200100005,2018년 10월 12일 00시,금요일,충청북도 청주시 청원구 오창읍,경상사고,0,0,1,0,차대차 - 측면충돌,안전운전불이행,건조,맑음,단일로 - 기타,화물,남,72세,상해없음,화물,남,57세,경상
2018101200100120,2018년 10월 12일 08시,금요일,충청북도 충주시 문화동,부상신고사고,0,0,0,1,차대차 - 측면충돌,중앙선침범,건조,맑음,단일로 - 기타,자전거,남,78세,부상신고,승용,여,33세,상해없음
2018101200100121,2018년 10월 12일 08시,금요일,충청북도 제천시 장락동,경상사고,0,0,2,0,차대차 - 정면충돌,중앙선침범,건조,맑음,교차로 - 교차로안,승용,여,55세,경상,승용,남,40세,경상
2018101200100122,2018년 10월 12일 08시,금요일,충청북도 제천시 강제동,경상사고,0,0,1,0,차대차 - 측면충돌,안전운전불이행,건조,맑음,교차로 - 교차로안,승용,여,52세,상해없음,승용,남,51세,경상
2018101200100164,2018년 10월 12일 09시,금요일,충청북도 제천시 신백동,경상사고,0,0,1,0,차대차 - 측면충돌,안전거리미확보,건조,맑음,단일로 - 기타,승용,여,65세,상해없음,승용,남,47세,상해없음
2018101200100228,2018년 10월 12일 11시,금요일,충청북도 충주시 연수동,경상사고,0,0,1,0,차대차 - 측면충돌,안전운전불이행,건조,맑음,교차로 - 교차로안,이륜,남,42세,경상,승용,남,43세,상해없음
2018101200100229,2018년 10월 12일 11시,금요일,충청북도 충주시 용산동,경상사고,0,0,2,0,차대사람 - 기타,안전운전불이행,건조,맑음,기타 - 기타,자전거,여,72세,경상,보행자,남,16세,경상
2018101200100263,2018년 10월 12일 12시,금요일,충청북도 증평군 증평읍,경상사고,0,0,2,0,차대차 - 측면충돌,안전운전불이행,건조,맑음,교차로 - 교차로안,승용,여,62세,경상,승용,남,30세,경상
2018101200100299,2018년 10월 12일 13시,금요일,충청북도 청주시 서원구 죽림동,경상사고,0,0,1,0,차대차 - 측면충돌,안전거리미확보,건조,맑음,교차로 - 교차로부근,건설기계,남,63세,상해없음,승용,여,26세,경상
2018101200100337,2018년 10월 12일 14시,금요일,충청북도 청주시 서원구 분평동,중상사고,0,1,0,0,차대사람 - 횡단중,안전운전불이행,건조,맑음,단일로 - 지하차도(도로)내,승용,남,61세,상해없음,보행자,남,49세,중상
2018101200100381,2018년 10월 12일 15시,금요일,충청북도 청주시 청원구 내수읍,중상사고,0,1,0,0,차대차 - 기타,교차로운행방법위반,건조,맑음,교차로 - 교차로안,화물,남,33세,상해없음,화물,남,62세,중상
2018101200100419,2018년 10월 12일 16시,금요일,충청북도 제천시 중앙로2가,경상사고,0,0,6,0,차대차 - 추돌,안전운전불이행,건조,맑음,교차로 - 교차로부근,승용,남,52세,상해없음,승용,남,66세,경상