사고번호,사고일시,요일,시군구,사고내용,사망자수,중상자수,경상자수,부상신고자수,사고유형,법규위반,노면상태,기상상태,도로형태,가해운전자 차종,가해운전자 성별,가해운전자 연령,가해운전자 상해정도,피해운전자 차종,피해운전자 성별,피해운전자 연령,피해운전자 상해정도
2018101200100420,2018년 10월 12일 16시,금요일,충청북도 청주시 흥덕구 복대동,경상사고,0,0,1,0,차대차 - 추돌,안전운전불이행,건조,맑음,교차로 - 교차로부근,승용,여,55세,상해없음,승용,남,68세,경상
2018101200100421,2018년 10월 12일 16시,금요일,충청북도 음성군 대소면,사망사고,1,3,9,0,차대차 - 추돌,안전운전불이행,건조,맑음,단일로 - 기타,화물,남,38세,상해없음,승용,남,58세,경상
2018101200100468,2018년 10월 12일 17시,금요일,충청북도 충주시 대소원면,경상사고,0,0,2,0,차대차 - 추돌,안전거리미확보,건조,맑음,단일로 - 교량,승용,남,56세,상해없음,화물,남,25세,경상
2018101200100521,2018년 10월 12일 18시,금요일,충청북도 제천시 하소동,경상사고,0,0,1,0,차대차 - 후진중충돌,안전운전불이행,건조,맑음,주차장 - 주차장,승용,여,48세,상해없음,승용,여,56세,경상
2018101200100522,2018년 10월 12일 18시,금요일,충청북도 청주시 서원구 수곡동,중상사고,0,1,0,0,차대차 - 측면충돌,안전운전불이행,건조,맑음,교차로 - 교차로안,승용,남,42세,상해없음,승용,남,48세,중상
2018101200100585,2018년 10월 12일 19시,금요일,충청북도 충주시 문화동,경상사고,0,0,1,0,차대차 - 측면충돌,안전운전불이행,건조,맑음,교차로 - 교차로안,승용,남,63세,상해없음,승용,남,64세,경상
2018101200100586,2018년 10월 12일 19시,금요일,충청북도 청주시 흥덕구 복대동,경상사고,0,0,1,0,차대사람 - 보도통행중,기타,건조,맑음,단일로 - 기타,승용,남,35세,상해없음,보행자,여,54세,경상
2018101200100587,2018년 10월 12일 19시,금요일,충청북도 청주시 흥덕구 강서동,경상사고,0,0,1,0,차대차 - 측면충돌,신호위반,건조,맑음,교차로 - 교차로안,승용,남,28세,상해없음,이륜,남,27세,경상
2018101200100627,2018년 10월 12일 20시,금요일,충청북도 음성군 금왕읍,경상사고,0,0,1,0,차대차 - 추돌,안전운전불이행,건조,맑음,기타 - 기타,화물,남,47세,상해없음,승용,남,57세,상해없음
2018101200100655,2018년 10월 12일 21시,금요일,충청북도 청주시 상당구 방서동,경상사고,0,0,3,0,차대차 - 정면충돌,중앙선침범,건조,맑음,교차로 - 교차로부근,승용,남,51세,상해없음,승용,남,43세,경상
2018101200100710,2018년 10월 12일 23시,금요일,충청북도 청주시 흥덕구 송절동,경상사고,0,0,1,0,차대차 - 기타,신호위반,건조,맑음,교차로 - 교차로안,승용,남,30세,상해없음,승용,남,32세,경상
2018101300100008,2018년 10월 13일 00시,토요일,충청북도 청주시 청원구 우암동,경상사고,0,0,1,0,차대차 - 기타,안전운전불이행,건조,맑음,단일로 - 기타,화물,남,52세,경상,승용,여,62세,상해없음
2018101300100036,2018년 10월 13일 01시,토요일,충청북도 청주시 흥덕구 강서동,경상사고,0,0,1,0,차대차 - 측면충돌,신호위반,건조,맑음,교차로 - 교차로안,이륜,남,51세,상해없음,승용,남,33세,경상
2018101300100037,2018년 10월 13일 01시,토요일,충청북도 청주시 서원구 산남동,중상사고,0,1,1,0,차대차 - 측면충돌,신호위반,건조,맑음,교차로 - 교차로안,승용,남,26세,상해없음,승용,남,59세,중상
2018101300100113,2018년 10월 13일 07시,토요일,충청북도 제천시 서부동,중상사고,0,1,0,0,차대차 - 측면충돌,신호위반,건조,맑음,교차로 - 교차로안,승용,남,81세,상해없음,승용,남,41세,중상
2018101300100186,2018년 10월 13일 10시,토요일,충청북도 충주시 대소원면,경상사고,0,0,3,0,차대차 - 측면충돌,교차로운행방법위반,건조,맑음,교차로 - 교차로안,화물,남,76세,경상,승용,남,44세,경상
2018101300100188,2018년 10월 13일 10시,토요일,충청북도 청주시 청원구 오창읍,경상사고,0,0,4,0,차대차 - 추돌,안전운전불이행,건조,맑음,단일로 - 기타,화물,남,65세,상해없음,승용,여,34세,경상
2018101300100229,2018년 10월 13일 11시,토요일,충청북도 청주시 서원구 사직동,경상사고,0,0,1,0,차대사람 - 기타,안전운전불이행,건조,맑음,단일로 - 기타,승용,여,27세,상해없음,보행자,여,61세,경상
2018101300100230,2018년 10월 13일 11시,토요일,충청북도 증평군 증평읍,부상신고사고,0,0,0,1,차대차 - 측면충돌,안전운전불이행,건조,맑음,단일로 - 기타,자전거,남,68세,부상신고,승용,남,23세,상해없음
2018101300100231,2018년 10월 13일 11시,토요일,충청북도 청주시 상당구 금천동,경상사고,0,0,1,0,차대차 - 측면충돌,안전운전불이행,건조,맑음,교차로 - 교차로안,승용,남,21세,상해없음,승용,남,57세,경상
2018101300100234,2018년 10월 13일 11시,토요일,충청북도 청주시 흥덕구 옥산면,중상사고,0,1,4,0,차대차 - 기타,안전운전불이행,건조,맑음,단일로 - 기타,승용,남,56세,상해없음,승용,여,39세,경상
2018101300100236,2018년 10월 13일 11시,토요일,충청북도 옥천군 동이면,경상사고,0,0,1,0,차대사람 - 보도통행중,안전운전불이행,건조,맑음,단일로 - 기타,승용,남,52세,상해없음,보행자,여,31세,경상
2018101300100307,2018년 10월 13일 13시,토요일,충청북도 청주시 흥덕구 복대동,중상사고,0,1,0,0,차대차 - 기타,교차로운행방법위반,건조,맑음,교차로 - 교차로안,승합,남,42세,상해없음,이륜,여,50세,중상
2018101300100308,2018년 10월 13일 13시,토요일,충청북도 청주시 흥덕구 강내면,중상사고,0,1,0,0,차량단독 - 공작물충돌,안전운전불이행,건조,맑음,교차로 - 교차로부근,승용,여,30세,중상,,,,
2018101300100347,2018년 10월 13일 14시,토요일,충청북도 제천시 화산동,경상사고,0,0,1,0,차대사람 - 횡단중,안전운전불이행,건조,맑음,교차로 - 교차로안,승용,남,74세,상해없음,보행자,여,79세,경상
2018101300100348,2018년 10월 13일 14시,토요일,충청북도 청주시 흥덕구 상신동,경상사고,0,0,1,0,차대차 - 측면충돌,신호위반,건조,맑음,교차로 - 교차로안,건설기계,남,56세,상해없음,승용,여,75세,경상
2018101300100379,2018년 10월 13일 15시,토요일,충청북도 청주시 흥덕구 비하동,중상사고,0,1,6,0,차대차 - 측면충돌,안전운전불이행,건조,맑음,단일로 - 기타,승용,남,63세,상해없음,승용,남,50세,중상
2018101300100409,2018년 10월 13일 16시,토요일,충청북도 괴산군 괴산읍,경상사고,0,0,1,0,차대차 - 측면충돌,신호위반,건조,맑음,교차로 - 교차로안,화물,여,60세,상해없음,승용,남,46세,경상
2018101300100410,2018년 10월 13일 16시,토요일,충청북도 옥천군 옥천읍,경상사고,0,0,2,0,차대차 - 측면충돌,교차로운행방법위반,건조,맑음,교차로 - 교차로안,화물,남,63세,상해없음,승용,남,37세,경상
2018101300100444,2018년 10월 13일 17시,토요일,충청북도 청주시 청원구 오창읍,경상사고,0,0,1,0,차대차 - 기타,신호위반,건조,맑음,교차로 - 교차로부근,승용,남,45세,상해없음,승용,여,30세,경상
2018101300100478,2018년 10월 13일 18시,토요일,충청북도 충주시 지현동,경상사고,0,0,1,0,차대차 - 기타,안전거리미확보,건조,맑음,교차로 - 교차로부근,승합,남,53세,상해없음,이륜,남,52세,경상
2018101300100479,2018년 10월 13일 18시,토요일,충청북도 제천시 왕암동,중상사고,0,1,2,0,차대차 - 측면충돌,직진우회전진행방해,건조,맑음,교차로 - 교차로안,승용,남,27세,상해없음,승용,남,30세,중상
2018101300100480,2018년 10월 13일 18시,토요일,충청북도 보은군 산외면,중상사고,0,1,0,0,차량단독 - 전도전복 - 전도,안전운전불이행,건조,맑음,단일로 - 지하차도(도로)내,이륜,남,55세,중상,미분류,미분류,미분류,미분류
2018101300100481,2018년 10월 13일 18시,토요일,충청북도 청주시 상당구 영운동,경상사고,0,0,1,0,차대차 - 후진중충돌,안전운전불이행,건조,맑음,교차로 - 교차로안,승용,남,48세,상해없음,승용,남,32세,경상
2018101300100514,2018년 10월 13일 19시,토요일,충청북도 청주시 흥덕구 가경동,경상사고,0,0,1,0,차대사람 - 기타,기타,건조,맑음,교차로 - 교차로횡단보도내,승용,남,44세,상해없음,보행자,남,50세,경상
2018101300100515,2018년 10월 13일 19시,토요일,충청북도 청주시 흥덕구 봉명동,중상사고,0,1,1,1,차대차 - 측면충돌,안전거리미확보,건조,맑음,단일로 - 기타,승용,여,52세,부상신고,승용,남,31세,중상
2018101300100579,2018년 10월 13일 21시,토요일,충청북도 제천시 서부동,경상사고,0,0,1,0,차대차 - 정면충돌,중앙선침범,건조,맑음,교차로 - 교차로부근,승용,남,30세,상해없음,이륜,남,48세,경상
2018101300100580,2018년 10월 13일 21시,토요일,충청북도 청주시 서원구 분평동,경상사고,0,0,1,0,차대차 - 측면충돌,교차로운행방법위반,건조,맑음,교차로 - 교차로안,승용,남,28세,상해없음,승용,남,64세,경상
2018101300100622,2018년 10월 13일 23시,토요일,충청북도 청주시 서원구 사직동,중상사고,0,1,0,0,차대차 - 기타,신호위반,건조,맑음,교차로 - 교차로부근,승용,남,77세,상해없음,승용,남,39세,중상
2018101300100623,2018년 10월 13일 23시,토요일,충청북도 충주시 성서동,중상사고,0,1,0,0,차량단독 - 기타,기타,건조,맑음,단일로 - 기타,승용,남,55세,상해없음,,,,
2018101400100003,2018년 10월 14일 00시,일요일,충청북도 청주시 흥덕구 복대동,경상사고,0,0,1,0,차대사람 - 횡단중,보행자보호의무위반,건조,맑음,단일로 - 기타,기타불명,기타불명,미분류,기타불명,보행자,남,25세,경상
2018101400100016,2018년 10월 14일 01시,일요일,충청북도 충주시 칠금동,경상사고,0,0,1,0,차대차 - 기타,안전운전불이행,건조,맑음,교차로 - 교차로부근,화물,남,45세,상해없음,승용,여,22세,경상
2018101400100017,2018년 10월 14일 01시,일요일,충청북도 증평군 증평읍,경상사고,0,0,4,0,차대차 - 측면충돌,신호위반,건조,맑음,교차로 - 교차로안,승용,남,23세,상해없음,승용,남,47세,상해없음
2018101400100042,2018년 10월 14일 03시,일요일,충청북도 충주시 교현동,경상사고,0,0,2,0,차대차 - 기타,신호위반,건조,흐림,교차로 - 교차로안,승용,남,46세,상해없음,승합,남,67세,경상
2018101400100063,2018년 10월 14일 05시,일요일,충청북도 청주시 흥덕구 송절동,중상사고,0,1,0,0,차대차 - 측면충돌,신호위반,건조,맑음,교차로 - 교차로안,승합,남,39세,상해없음,자전거,남,45세,중상
2018101400100071,2018년 10월 14일 06시,일요일,충청북도 청주시 서원구 남이면,경상사고,0,0,1,0,차대차 - 추돌,안전운전불이행,건조,맑음,단일로 - 기타,승용,여,30세,상해없음,승용,남,53세,경상
2018101400100106,2018년 10월 14일 09시,일요일,충청북도 충주시 문화동,경상사고,0,0,1,0,차대차 - 추돌,안전운전불이행,건조,맑음,교차로 - 교차로부근,승용,여,36세,상해없음,승용,남,51세,경상
2018101400100125,2018년 10월 14일 10시,일요일,충청북도 음성군 감곡면,경상사고,0,0,2,0,차대차 - 측면충돌,교차로운행방법위반,건조,맑음,교차로 - 교차로안,승용,남,45세,상해없음,승용,남,87세,경상
2018101400100163,2018년 10월 14일 12시,일요일,충청북도 보은군 산외면,경상사고,0,0,3,0,차대차 - 측면충돌,중앙선침범,건조,맑음,교차로 - 교차로안,화물,남,75세,상해없음,승용,남,26세,경상
2018101400100164,2018년 10월 14일 12시,일요일,충청북도 청주시 흥덕구 강내면,경상사고,0,0,2,0,차대차 - 측면충돌,안전거리미확보,건조,맑음,단일로 - 기타,승용,남,68세,경상,승용,여,52세,상해없음
2018101400100190,2018년 10월 14일 13시,일요일,충청북도 충주시 살미면,경상사고,0,0,3,0,차대차 - 측면충돌,안전운전불이행,건조,맑음,단일로 - 기타,승용,남,24세,상해없음,승용,여,36세,경상
2018101400100191,2018년 10월 14일 13시,일요일,충청북도 충주시 중앙탑면,중상사고,0,1,0,0,차대차 - 기타,안전운전불이행,건조,맑음,단일로 - 기타,자전거,여,59세,중상,자전거,남,45세,상해없음
2018101400100221,2018년 10월 14일 14시,일요일,충청북도 청주시 흥덕구 강서동,중상사고,0,1,1,0,차대차 - 기타,교차로운행방법위반,건조,맑음,교차로 - 교차로안,승용,여,28세,상해없음,승용,남,44세,중상
2018101400100247,2018년 10월 14일 15시,일요일,충청북도 단양군 단성면,경상사고,0,0,4,0,차대차 - 추돌,안전운전불이행,건조,맑음,단일로 - 기타,승용,남,57세,상해없음,승용,남,57세,경상
2018101400100248,2018년 10월 14일 15시,일요일,충청북도 청주시 흥덕구 봉명동,경상사고,0,0,1,0,차대차 - 기타,신호위반,건조,맑음,교차로 - 교차로부근,이륜,남,27세,상해없음,자전거,여,54세,경상
2018101400100249,2018년 10월 14일 15시,일요일,충청북도 청주시 상당구 탑동,경상사고,0,0,1,0,차대차 - 기타,안전운전불이행,건조,맑음,교차로 - 교차로안,이륜,여,51세,경상,승용,남,58세,상해없음
2018101400100280,2018년 10월 14일 16시,일요일,충청북도 청주시 상당구 남일면,중상사고,0,1,0,0,차대차 - 기타,안전운전불이행,건조,맑음,단일로 - 지하차도(도로)내,사륜오토바이(ATV),남,40세,중상,승용,남,51세,상해없음
2018101400100339,2018년 10월 14일 18시,일요일,충청북도 충주시 호암동,경상사고,0,0,1,0,차대사람 - 횡단중,신호위반,건조,맑음,단일로 - 기타,기타불명,기타불명,미분류,기타불명,보행자,여,53세,경상
2018101400100340,2018년 10월 14일 18시,일요일,충청북도 진천군 진천읍,경상사고,0,0,1,0,차대차 - 측면충돌,직진우회전진행방해,건조,맑음,교차로 - 교차로안,이륜,남,21세,경상,승용,남,38세,상해없음
2018101400100341,2018년 10월 14일 18시,일요일,충청북도 청주시 청원구 오창읍,경상사고,0,0,1,0,차대차 - 측면충돌,안전거리미확보,건조,맑음,단일로 - 기타,특수,남,53세,상해없음,승용,여,45세,경상
2018101400100415,2018년 10월 14일 20시,일요일,충청북도 청주시 흥덕구 복대동,경상사고,0,0,2,0,차대차 - 기타,차로위반,건조,맑음,기타 - 기타,승용,남,66세,상해없음,승용,여,54세,경상
2018101400100434,2018년 10월 14일 21시,일요일,충청북도 청주시 청원구 율량동,경상사고,0,0,2,0,차대차 - 기타,안전운전불이행,건조,맑음,교차로 - 교차로부근,승용,남,35세,상해없음,승용,남,47세,경상
2018101400100435,2018년 10월 14일 21시,일요일,충청북도 청주시 청원구 내덕동,경상사고,0,0,1,0,차대차 - 후진중충돌,안전운전불이행,건조,맑음,단일로 - 기타,승용,남,72세,상해없음,화물,남,49세,경상
2018101400100436,2018년 10월 14일 21시,일요일,충청북도 청주시 흥덕구 봉명동,경상사고,0,0,1,0,차대차 - 측면충돌,안전운전불이행,건조,맑음,교차로 - 교차로안,승용,남,65세,상해없음,승용,남,53세,상해없음
2018101400100452,2018년 10월 14일 22시,일요일,충청북도 청주시 청원구 율량동,경상사고,0,0,1,0,차대차 - 측면충돌,신호위반,건조,맑음,교차로 - 교차로안,이륜,남,16세,상해없음,승용,여,23세,경상
2018101500100029,2018년 10월 15일 05시,월요일,충청북도 제천시 왕암동,경상사고,0,0,1,0,차대차 - 측면충돌,직진우회전진행방해,건조,맑음,교차로 - 교차로안,화물,남,56세,상해없음,화물,남,73세,경상
2018101500100096,2018년 10월 15일 08시,월요일,충청북도 청주시 흥덕구 가경동,경상사고,0,0,2,1,차대차 - 추돌,차로위반,건조,맑음,교차로 - 교차로부근,승용,여,26세,부상신고,화물,남,45세,경상
2018101500100157,2018년 10월 15일 10시,월요일,충청북도 단양군 매포읍,경상사고,0,0,1,1,차대차 - 기타,안전거리미확보,건조,맑음,단일로 - 기타,건설기계,남,47세,부상신고,승용,여,60세,경상
2018101500100191,2018년 10월 15일 11시,월요일,충청북도 충주시 봉방동,경상사고,0,0,1,0,차대차 - 기타,안전운전불이행,건조,맑음,교차로 - 교차로안,승용,남,81세,기타불명,승용,여,53세,경상
2018101500100192,2018년 10월 15일 11시,월요일,충청북도 진천군 진천읍,경상사고,0,0,1,0,차대차 - 기타,안전거리미확보,건조,맑음,단일로 - 기타,기타불명,기타불명,미분류,기타불명,승용,남,37세,상해없음
2018101500100214,2018년 10월 15일 12시,월요일,충청북도 제천시 청전동,경상사고,0,0,1,0,차대차 - 측면충돌,중앙선침범,건조,맑음,교차로 - 교차로부근,승용,여,53세,상해없음,승용,남,79세,경상
2018101500100215,2018년 10월 15일 12시,월요일,충청북도 음성군 음성읍,중상사고,0,1,0,0,차대차 - 기타,과속,건조,맑음,교차로 - 교차로안,승합,남,48세,중상,승용,남,49세,상해없음
2018101500100216,2018년 10월 15일 12시,월요일,충청북도 청주시 흥덕구 가경동,중상사고,0,1,0,0,차대차 - 측면충돌,교차로운행방법위반,건조,맑음,교차로 - 교차로안,승용,남,67세,상해없음,이륜,남,35세,중상
2018101500100242,2018년 10월 15일 13시,월요일,충청북도 청주시 청원구 주중동,경상사고,0,0,1,0,차대차 - 추돌,안전운전불이행,건조,맑음,교차로 - 교차로부근,승용,남,62세,상해없음,승용,여,47세,경상
2018101500100276,2018년 10월 15일 14시,월요일,충청북도 청주시 상당구 남일면,사망사고,1,0,0,1,차대차 - 측면충돌,안전운전불이행,건조,맑음,단일로 - 지하차도(도로)내,이륜,남,76세,사망,화물,남,63세,부상신고
2018101500100321,2018년 10월 15일 15시,월요일,충청북도 충주시 연수동,경상사고,0,0,1,0,차대차 - 기타,기타,건조,맑음,교차로 - 교차로부근,승용,남,54세,상해없음,승용,여,52세,상해없음
2018101500100322,2018년 10월 15일 15시,월요일,충청북도 진천군 광혜원면,중상사고,0,1,0,0,차대차 - 추돌,안전운전불이행,건조,맑음,단일로 - 기타,승용,남,61세,중상,화물,남,55세,상해없음
2018101500100349,2018년 10월 15일 16시,월요일,충청북도 충주시 연수동,경상사고,0,0,2,0,차대차 - 기타,안전운전불이행,건조,맑음,단일로 - 기타,화물,남,64세,상해없음,승용,여,46세,경상
2018101500100350,2018년 10월 15일 16시,월요일,충청북도 청주시 흥덕구 가경동,중상사고,0,1,0,0,차대차 - 측면충돌,안전운전불이행,건조,맑음,교차로 - 교차로횡단보도내,승용,남,53세,상해없음,자전거,남,18세,중상
2018101500100480,2018년 10월 15일 19시,월요일,충청북도 청주시 청원구 오창읍,중상사고,0,1,3,0,차대차 - 추돌,안전운전불이행,건조,맑음,교차로 - 교차로부근,화물,남,62세,상해없음,화물,남,45세,경상
2018101500100481,2018년 10월 15일 19시,월요일,충청북도 청주시 흥덕구 복대동,경상사고,0,0,2,0,차대차 - 추돌,안전운전불이행,건조,맑음,교차로 - 교차로안,승용,여,25세,상해없음,승용,남,26세,경상
2018101500100482,2018년 10월 15일 19시,월요일,충청북도 청주시 상당구 영운동,경상사고,0,0,2,0,차대차 - 후진중충돌,안전운전불이행,건조,맑음,단일로 - 지하차도(도로)내,승용,여,51세,상해없음,승용,남,31세,경상
2018101500100523,2018년 10월 15일 20시,월요일,충청북도 청주시 흥덕구 봉명동,경상사고,0,0,4,0,차대차 - 기타,안전운전불이행,건조,맑음,교차로 - 교차로부근,승용,남,44세,상해없음,승용,남,40세,경상
2018101500100524,2018년 10월 15일 20시,월요일,충청북도 청주시 서원구 모충동,경상사고,0,0,1,0,차대사람 - 횡단중,안전운전불이행,건조,맑음,단일로 - 지하차도(도로)내,승용,남,63세,상해없음,보행자,남,28세,경상
2018101500100548,2018년 10월 15일 21시,월요일,충청북도 진천군 진천읍,경상사고,0,0,1,0,차대차 - 측면충돌,교차로운행방법위반,건조,맑음,교차로 - 교차로안,승용,여,54세,상해없음,이륜,남,19세,경상
2018101500100567,2018년 10월 15일 22시,월요일,충청북도 진천군 이월면,경상사고,0,0,1,0,차대차 - 추돌,안전운전불이행,건조,맑음,단일로 - 기타,화물,남,33세,경상,화물,남,54세,상해없음
2018101500100592,2018년 10월 15일 23시,월요일,충청북도 제천시 장락동,중상사고,0,1,2,0,차대차 - 추돌,안전운전불이행,건조,맑음,교차로 - 교차로부근,승용,남,46세,상해없음,승용,남,27세,경상
2018101500100593,2018년 10월 15일 23시,월요일,충청북도 제천시 청전동,경상사고,0,0,1,0,차대차 - 추돌,안전운전불이행,건조,맑음,단일로 - 기타,승용,여,56세,상해없음,승용,남,58세,경상
2018101600100043,2018년 10월 16일 04시,화요일,충청북도 청주시 서원구 남이면,중상사고,0,1,1,0,차대차 - 추돌,안전운전불이행,젖음/습기,안개,단일로 - 기타,화물,남,56세,상해없음,특수,남,46세,중상
2018101600100055,2018년 10월 16일 06시,화요일,충청북도 청주시 상당구 문의면,중상사고,0,1,0,1,차량단독 - 공작물충돌,안전운전불이행,건조,맑음,단일로 - 지하차도(도로)내,화물,여,64세,부상신고,,,,
2018101600100067,2018년 10월 16일 07시,화요일,충청북도 음성군 감곡면,경상사고,0,0,2,0,차대차 - 측면충돌,안전운전불이행,건조,맑음,단일로 - 기타,승용,남,65세,경상,승용,남,57세,경상
2018101600100068,2018년 10월 16일 07시,화요일,충청북도 진천군 진천읍,중상사고,0,2,0,0,차대차 - 정면충돌,중앙선침범,기타,안개,단일로 - 기타,승용,남,26세,중상,특수,남,62세,상해없음
2018101600100069,2018년 10월 16일 07시,화요일,충청북도 청주시 상당구 남일면,중상사고,0,1,1,0,차대차 - 측면충돌,차로위반,건조,흐림,단일로 - 지하차도(도로)내,승용,남,63세,상해없음,화물,남,41세,중상
2018101600100189,2018년 10월 16일 11시,화요일,충청북도 괴산군 괴산읍,중상사고,0,1,0,0,차대사람 - 기타,안전운전불이행,건조,맑음,교차로 - 교차로안,화물,남,68세,상해없음,보행자,여,81세,중상
2018101600100224,2018년 10월 16일 12시,화요일,충청북도 영동군 영동읍,중상사고,0,1,0,0,차대차 - 측면충돌,안전운전불이행,건조,맑음,교차로 - 교차로부근,이륜,여,75세,중상,승용,여,42세,상해없음
2018101600100254,2018년 10월 16일 13시,화요일,충청북도 충주시 칠금동,경상사고,0,0,1,0,차대사람 - 차도통행중,안전운전불이행,건조,맑음,교차로 - 교차로안,화물,남,51세,상해없음,보행자,남,79세,경상
2018101600100255,2018년 10월 16일 13시,화요일,충청북도 단양군 단양읍,중상사고,0,1,0,0,차대차 - 측면충돌,신호위반,건조,맑음,교차로 - 교차로안,화물,남,56세,상해없음,승용,남,46세,중상
2018101600100287,2018년 10월 16일 14시,화요일,충청북도 충주시 대소원면,중상사고,0,1,0,0,차대차 - 추돌,안전운전불이행,건조,맑음,단일로 - 기타,화물,남,62세,상해없음,승용,여,49세,중상
2018101600100316,2018년 10월 16일 15시,화요일,충청북도 제천시 모산동,경상사고,0,0,1,0,차대차 - 추돌,안전운전불이행,건조,맑음,기타 - 기타,화물,여,59세,상해없음,승용,남,47세,경상
2018101600100317,2018년 10월 16일 15시,화요일,충청북도 음성군 금왕읍,경상사고,0,0,1,0,차대차 - 측면충돌,교차로운행방법위반,건조,맑음,교차로 - 교차로안,승용,여,32세,경상,승용,여,51세,상해없음
2018101600100318,2018년 10월 16일 15시,화요일,충청북도 청주시 서원구 현도면,중상사고,0,1,2,0,차대차 - 추돌,안전운전불이행,건조,맑음,교차로 - 교차로부근,화물,남,52세,상해없음,승용,여,50세,경상
2018101600100361,2018년 10월 16일 16시,화요일,충청북도 보은군 보은읍,중상사고,0,1,0,0,차대사람 - 기타,안전운전불이행,건조,맑음,단일로 - 기타,승용,남,34세,상해없음,보행자,여,60세,중상
2018101600100404,2018년 10월 16일 17시,화요일,충청북도 청주시 서원구 개신동,중상사고,0,1,0,0,차대차 - 기타,안전운전불이행,건조,맑음,교차로 - 교차로부근,승용,남,50세,상해없음,승용,남,61세,중상
2018101600100448,2018년 10월 16일 18시,화요일,충청북도 청주시 청원구 율량동,경상사고,0,0,1,0,차대차 - 기타,안전운전불이행,건조,맑음,교차로 - 교차로안,승용,남,69세,상해없음,원동기,남,58세,경상
2018101600100449,2018년 10월 16일 18시,화요일,충청북도 청주시 청원구 율량동,중상사고,0,1,0,0,차대차 - 측면충돌,안전거리미확보,건조,맑음,단일로 - 기타,승용,남,79세,상해없음,원동기,남,36세,중상
2018101600100450,2018년 10월 16일 18시,화요일,충청북도 청주시 서원구 사직동,부상신고사고,0,0,0,1,차대차 - 기타,안전운전불이행,건조,맑음,단일로 - 기타,이륜,남,22세,부상신고,승용,여,60세,상해없음
2018101600100451,2018년 10월 16일 18시,화요일,충청북도 청주시 상당구 영운동,경상사고,0,0,2,0,차대차 - 측면충돌,안전운전불이행,건조,맑음,교차로 - 교차로안,승용,남,63세,경상,승용,여,55세,경상
2018101600100511,2018년 10월 16일 19시,화요일,충청북도 충주시 대소원면,경상사고,0,0,1,0,차대차 - 측면충돌,안전거리미확보,건조,맑음,단일로 - 기타,화물,남,54세,상해없음,승용,남,30세,경상
2018101600100512,2018년 10월 16일 19시,화요일,충청북도 청주시 상당구 방서동,경상사고,0,0,1,0,차대차 - 측면충돌,안전운전불이행,건조,맑음,교차로 - 교차로부근,화물,남,44세,상해없음,승용,남,50세,경상
2018101600100545,2018년 10월 16일 20시,화요일,충청북도 제천시 중앙로2가,경상사고,0,0,4,0,차대차 - 추돌,안전운전불이행,건조,맑음,교차로 - 교차로부근,승용,여,33세,상해없음,승용,남,43세,경상
2018101600100546,2018년 10월 16일 20시,화요일,충청북도 진천군 이월면,경상사고,0,0,2,0,차대차 - 추돌,안전운전불이행,건조,맑음,교차로 - 교차로부근,화물,남,60세,상해없음,승용,여,54세,경상
2018101600100575,2018년 10월 16일 21시,화요일,충청북도 진천군 이월면,경상사고,0,0,2,0,차대차 - 측면충돌,신호위반,건조,맑음,교차로 - 교차로안,승용,남,60세,상해없음,승용,여,50세,경상
2018101600100576,2018년 10월 16일 21시,화요일,충청북도 청주시 흥덕구 복대동,경상사고,0,0,1,0,차대사람 - 길가장자리구역통행중,안전운전불이행,건조,맑음,교차로 - 교차로부근,승용,남,49세,상해없음,보행자,남,38세,경상
2018101600100593,2018년 10월 16일 22시,화요일,충청북도 청주시 흥덕구 봉명동,중상사고,0,1,1,0,차량단독 - 전도전복 - 전도,안전운전불이행,건조,맑음,단일로 - 기타,이륜,남,20세,경상,미분류,미분류,미분류,미분류
2018101600100604,2018년 10월 16일 23시,화요일,충청북도 음성군 음성읍,중상사고,0,1,0,0,차대차 - 추돌,안전운전불이행,건조,맑음,단일로 - 기타,화물,남,50세,중상,화물,남,44세,상해없음
2018101700100016,2018년 10월 17일 01시,수요일,충청북도 제천시 봉양읍,중상사고,0,1,0,0,차대사람 - 길가장자리구역통행중,안전운전불이행,건조,맑음,기타 - 기타,승용,남,40세,상해없음,보행자,여,56세,중상
2018101700100045,2018년 10월 17일 05시,수요일,충청북도 청주시 청원구 우암동,중상사고,0,1,0,0,차대사람 - 횡단중,신호위반,건조,맑음,교차로 - 교차로안,승용,남,22세,상해없음,보행자,여,62세,중상
2018101700100055,2018년 10월 17일 06시,수요일,충청북도 충주시 금가면,경상사고,0,0,1,0,차대차 - 측면충돌,기타,젖음/습기,안개,교차로 - 교차로부근,승용,남,65세,상해없음,화물,남,64세,경상
2018101700100143,2018년 10월 17일 09시,수요일,충청북도 청주시 청원구 오창읍,경상사고,0,0,3,0,차대차 - 기타,교차로운행방법위반,건조,맑음,교차로 - 교차로안,승용,남,37세,경상,화물,남,27세,경상
2018101700100207,2018년 10월 17일 11시,수요일,충청북도 증평군 증평읍,중상사고,0,1,0,0,차대차 - 측면충돌,안전거리미확보,건조,맑음,단일로 - 기타,화물,남,50세,상해없음,승용,여,42세,중상