사고번호,사고일시,요일,시군구,사고내용,사망자수,중상자수,경상자수,부상신고자수,사고유형,법규위반,노면상태,기상상태,도로형태,가해운전자 차종,가해운전자 성별,가해운전자 연령,가해운전자 상해정도,피해운전자 차종,피해운전자 성별,피해운전자 연령,피해운전자 상해정도
2018102000100385,2018년 10월 20일 14시,토요일,충청북도 청주시 청원구 오창읍,경상사고,0,0,1,0,차대차 - 추돌,안전거리미확보,건조,맑음,단일로 - 기타,승용,남,26세,상해없음,승용,여,38세,경상
2018102000100429,2018년 10월 20일 15시,토요일,충청북도 충주시 칠금동,경상사고,0,0,1,0,차대사람 - 횡단중,안전운전불이행,건조,맑음,교차로 - 교차로안,승용,남,38세,상해없음,보행자,남,60세,경상
2018102000100430,2018년 10월 20일 15시,토요일,충청북도 충주시 성서동,경상사고,0,0,1,0,차대사람 - 기타,안전운전불이행,건조,맑음,단일로 - 기타,승용,여,47세,상해없음,보행자,여,25세,경상
2018102000100431,2018년 10월 20일 15시,토요일,충청북도 음성군 맹동면,경상사고,0,0,1,0,차대차 - 측면충돌,교차로운행방법위반,건조,맑음,교차로 - 교차로안,승용,남,27세,상해없음,화물,남,25세,경상
2018102000100432,2018년 10월 20일 15시,토요일,충청북도 청주시 상당구 남문로1가동,중상사고,0,1,0,0,차대사람 - 기타,안전운전불이행,건조,맑음,단일로 - 기타,승용,여,45세,상해없음,보행자,여,71세,중상
2018102000100474,2018년 10월 20일 16시,토요일,충청북도 청주시 청원구 내수읍,중상사고,0,2,2,0,차대차 - 기타,중앙선침범,건조,맑음,단일로 - 기타,화물,남,62세,중상,승용,남,54세,경상
2018102000100475,2018년 10월 20일 16시,토요일,충청북도 청주시 상당구 남문로1가동,경상사고,0,0,1,0,차대사람 - 기타,기타,건조,맑음,단일로 - 지하차도(도로)내,승용,남,28세,상해없음,보행자,여,77세,경상
2018102000100529,2018년 10월 20일 17시,토요일,충청북도 증평군 증평읍,경상사고,0,0,1,0,차대차 - 측면충돌,신호위반,건조,맑음,교차로 - 교차로안,승용,남,56세,상해없음,이륜,남,50세,경상
2018102000100530,2018년 10월 20일 17시,토요일,충청북도 옥천군 옥천읍,경상사고,0,0,2,0,차대차 - 측면충돌,교차로운행방법위반,건조,맑음,교차로 - 교차로안,특수,남,59세,경상,승용,여,62세,경상
2018102000100531,2018년 10월 20일 17시,토요일,충청북도 청주시 상당구 남일면,경상사고,0,0,1,0,차대차 - 기타,안전운전불이행,건조,맑음,단일로 - 기타,승용,남,50세,상해없음,승용,남,56세,경상
2018102000100572,2018년 10월 20일 18시,토요일,충청북도 청주시 청원구 내수읍,중상사고,0,1,0,0,차대차 - 기타,교차로운행방법위반,건조,맑음,교차로 - 교차로안,승용,남,63세,상해없음,이륜,남,68세,중상
2018102000100573,2018년 10월 20일 18시,토요일,충청북도 충주시 교현동,경상사고,0,0,1,0,차대차 - 기타,안전운전불이행,건조,맑음,교차로 - 교차로안,승용,남,27세,상해없음,승용,남,70세,경상
2018102000100574,2018년 10월 20일 18시,토요일,충청북도 제천시 금성면,경상사고,0,0,1,0,차량단독 - 도로외이탈 - 추락,중앙선침범,건조,맑음,단일로 - 기타,승용,남,60세,경상,,,,
2018102000100649,2018년 10월 20일 19시,토요일,충청북도 진천군 진천읍,중상사고,0,1,0,0,차대차 - 측면충돌,교차로운행방법위반,건조,맑음,교차로 - 교차로안,승용,남,52세,상해없음,원동기,남,21세,중상
2018102000100680,2018년 10월 20일 20시,토요일,충청북도 청주시 흥덕구 송정동,중상사고,0,1,4,0,차대차 - 추돌,안전거리미확보,건조,맑음,교차로 - 교차로부근,승용,남,44세,상해없음,승용,남,38세,경상
2018102000100681,2018년 10월 20일 20시,토요일,충청북도 청주시 흥덕구 운천동,경상사고,0,0,1,0,차대차 - 측면충돌,안전운전불이행,건조,맑음,교차로 - 교차로횡단보도내,승용,남,71세,상해없음,이륜,남,37세,경상
2018102000100682,2018년 10월 20일 20시,토요일,충청북도 청주시 상당구 용암동,경상사고,0,0,1,0,차대차 - 기타,중앙선침범,건조,맑음,단일로 - 기타,승용,여,47세,상해없음,이륜,남,18세,경상
2018102000100722,2018년 10월 20일 21시,토요일,충청북도 충주시 대소원면,경상사고,0,0,2,0,차대차 - 추돌,안전운전불이행,건조,맑음,교차로 - 교차로부근,승용,남,56세,상해없음,승용,남,34세,경상
2018102000100723,2018년 10월 20일 21시,토요일,충청북도 음성군 대소면,경상사고,0,0,2,0,차대차 - 추돌,안전거리미확보,건조,맑음,단일로 - 기타,화물,남,65세,상해없음,승용,남,44세,경상
2018102000100746,2018년 10월 20일 22시,토요일,충청북도 보은군 회인면,중상사고,0,1,1,0,차대차 - 정면충돌,안전운전불이행,건조,맑음,교차로 - 교차로안,승용,남,59세,상해없음,화물,남,60세,경상
2018102000100747,2018년 10월 20일 22시,토요일,충청북도 음성군 금왕읍,중상사고,0,1,0,0,차량단독 - 공작물충돌,안전운전불이행,건조,맑음,단일로 - 기타,승용,남,27세,상해없음,,,,
2018102000100768,2018년 10월 20일 23시,토요일,충청북도 보은군 회인면,사망사고,1,2,0,0,차대차 - 추돌,안전운전불이행,건조,맑음,단일로 - 기타,승용,남,55세,중상,화물,남,65세,중상
2018102100100005,2018년 10월 21일 00시,일요일,충청북도 충주시 중앙탑면,중상사고,0,1,3,0,차대차 - 기타,안전운전불이행,건조,맑음,교차로 - 교차로부근,화물,남,37세,경상,승용,여,35세,중상
2018102100100024,2018년 10월 21일 01시,일요일,충청북도 증평군 증평읍,중상사고,0,1,1,0,차대차 - 측면충돌,신호위반,건조,맑음,교차로 - 교차로안,승용,남,46세,경상,승용,남,48세,중상
2018102100100025,2018년 10월 21일 01시,일요일,충청북도 청주시 흥덕구 봉명동,경상사고,0,0,2,0,차대차 - 추돌,안전운전불이행,건조,맑음,교차로 - 교차로부근,화물,남,35세,상해없음,승용,남,40세,경상
2018102100100038,2018년 10월 21일 02시,일요일,충청북도 제천시 금성면,부상신고사고,0,0,0,1,차량단독 - 도로외이탈 - 추락,안전운전불이행,건조,흐림,단일로 - 기타,승용,남,61세,부상신고,,,,
2018102100100072,2018년 10월 21일 06시,일요일,충청북도 제천시 고암동,중상사고,0,1,0,0,차량단독 - 공작물충돌,안전운전불이행,기타,흐림,단일로 - 기타,이륜,남,18세,중상,,,,
2018102100100097,2018년 10월 21일 08시,일요일,충청북도 충주시 교현동,중상사고,0,1,1,0,차대차 - 측면충돌,신호위반,건조,맑음,교차로 - 교차로안,승용,남,34세,상해없음,승용,여,30세,중상
2018102100100115,2018년 10월 21일 09시,일요일,충청북도 충주시 엄정면,경상사고,0,0,1,0,차대차 - 정면충돌,교차로운행방법위반,건조,맑음,교차로 - 교차로안,승용,여,61세,상해없음,승용,여,66세,경상
2018102100100116,2018년 10월 21일 09시,일요일,충청북도 충주시 앙성면,중상사고,0,1,0,0,차대차 - 기타,안전운전불이행,건조,맑음,단일로 - 기타,화물,남,58세,상해없음,이륜,남,67세,중상
2018102100100159,2018년 10월 21일 11시,일요일,충청북도 음성군 맹동면,중상사고,0,1,1,0,차대차 - 측면충돌,교차로운행방법위반,건조,맑음,교차로 - 교차로안,승용,여,28세,상해없음,화물,남,57세,경상
2018102100100193,2018년 10월 21일 12시,일요일,충청북도 제천시 남천동,경상사고,0,0,1,0,차대차 - 측면충돌,안전거리미확보,건조,맑음,단일로 - 기타,화물,남,61세,상해없음,승용,남,32세,경상
2018102100100262,2018년 10월 21일 14시,일요일,충청북도 제천시 왕암동,중상사고,0,1,2,0,차대차 - 추돌,안전운전불이행,건조,맑음,교차로 - 교차로부근,승용,여,62세,상해없음,승용,남,35세,경상
2018102100100292,2018년 10월 21일 15시,일요일,충청북도 청주시 상당구 낭성면,중상사고,0,3,1,0,차대차 - 정면충돌,중앙선침범,건조,맑음,단일로 - 기타,승용,남,69세,경상,승용,남,41세,중상
2018102100100293,2018년 10월 21일 15시,일요일,충청북도 청주시 서원구 수곡동,중상사고,0,1,0,0,차대차 - 측면충돌,안전운전불이행,건조,맑음,단일로 - 기타,승용,여,56세,상해없음,개인형이동수단(PM),남,60세,중상
2018102100100329,2018년 10월 21일 16시,일요일,충청북도 청주시 흥덕구 봉명동,중상사고,0,1,0,0,차대차 - 기타,안전운전불이행,건조,맑음,단일로 - 기타,화물,남,50세,상해없음,이륜,남,40세,중상
2018102100100372,2018년 10월 21일 17시,일요일,충청북도 충주시 주덕읍,경상사고,0,0,2,0,차대차 - 측면충돌,신호위반,건조,맑음,교차로 - 교차로안,화물,남,65세,경상,화물,남,51세,경상
2018102100100407,2018년 10월 21일 18시,일요일,충청북도 청주시 청원구 우암동,경상사고,0,0,1,0,차대차 - 측면충돌,직진우회전진행방해,건조,맑음,교차로 - 교차로안,이륜,남,71세,경상,승용,남,26세,상해없음
2018102100100408,2018년 10월 21일 18시,일요일,충청북도 청주시 서원구 미평동,경상사고,0,0,1,1,차대차 - 측면충돌,안전운전불이행,건조,맑음,단일로 - 지하차도(도로)내,승용,남,67세,상해없음,승용,남,46세,상해없음
2018102100100455,2018년 10월 21일 19시,일요일,충청북도 음성군 소이면,중상사고,0,1,0,0,차량단독 - 기타,안전운전불이행,건조,맑음,단일로 - 기타,승용,남,52세,상해없음,,,,
2018102100100456,2018년 10월 21일 19시,일요일,충청북도 청주시 상당구 용암동,경상사고,0,0,1,0,차대차 - 추돌,안전운전불이행,건조,맑음,교차로 - 교차로부근,화물,남,66세,상해없음,승용,여,53세,경상
2018102100100522,2018년 10월 21일 21시,일요일,충청북도 청주시 흥덕구 강내면,경상사고,0,0,1,0,차대차 - 측면충돌,교차로운행방법위반,건조,맑음,교차로 - 교차로안,승용,남,49세,상해없음,승용,여,25세,경상
2018102100100547,2018년 10월 21일 22시,일요일,충청북도 청주시 청원구 오창읍,경상사고,0,0,1,0,차대차 - 측면충돌,안전운전불이행,건조,맑음,교차로 - 교차로안,승용,남,50세,상해없음,이륜,남,30세,경상
2018102100100562,2018년 10월 21일 23시,일요일,충청북도 청주시 서원구 분평동,경상사고,0,0,1,1,차대차 - 추돌,안전운전불이행,건조,맑음,단일로 - 지하차도(도로)내,이륜,남,20세,부상신고,승용,남,57세,경상
2018102200100090,2018년 10월 22일 08시,월요일,충청북도 청주시 상당구 금천동,중상사고,0,1,0,0,차대차 - 측면충돌,교차로운행방법위반,건조,맑음,교차로 - 교차로안,승용,남,44세,상해없음,승합,남,52세,중상
2018102200100156,2018년 10월 22일 10시,월요일,충청북도 음성군 생극면,중상사고,0,1,0,0,차대차 - 후진중충돌,안전운전불이행,건조,맑음,교차로 - 교차로안,화물,남,43세,상해없음,이륜,남,58세,중상
2018102200100157,2018년 10월 22일 10시,월요일,충청북도 음성군 금왕읍,경상사고,0,0,2,0,차대차 - 측면충돌,안전운전불이행,건조,맑음,기타 - 기타,승용,여,61세,경상,승용,여,75세,경상
2018102200100158,2018년 10월 22일 10시,월요일,충청북도 청주시 흥덕구 복대동,중상사고,0,1,0,0,차대사람 - 기타,안전운전불이행,건조,맑음,단일로 - 기타,화물,남,46세,상해없음,보행자,남,63세,중상
2018102200100159,2018년 10월 22일 10시,월요일,충청북도 청주시 흥덕구 가경동,부상신고사고,0,0,0,1,차량단독 - 전도전복 - 전도,안전거리미확보,건조,맑음,교차로 - 교차로부근,이륜,남,77세,부상신고,미분류,미분류,미분류,미분류
2018102200100193,2018년 10월 22일 11시,월요일,충청북도 제천시 영천동,중상사고,0,1,1,0,차대차 - 정면충돌,직진우회전진행방해,건조,맑음,교차로 - 교차로안,화물,남,59세,경상,화물,남,51세,중상
2018102200100194,2018년 10월 22일 11시,월요일,충청북도 청주시 상당구 금천동,경상사고,0,0,2,0,차대차 - 측면충돌,안전운전불이행,건조,맑음,교차로 - 교차로안,승용,남,43세,경상,승용,남,77세,경상
2018102200100195,2018년 10월 22일 11시,월요일,충청북도 청주시 상당구 영운동,중상사고,0,1,1,0,차대차 - 측면충돌,교차로운행방법위반,건조,맑음,교차로 - 교차로안,이륜,남,45세,중상,승용,여,52세,경상
2018102200100232,2018년 10월 22일 12시,월요일,충청북도 제천시 고암동,중상사고,0,1,2,1,차대차 - 측면충돌,안전거리미확보,건조,맑음,단일로 - 지하차도(도로)내,건설기계,남,61세,상해없음,승용,남,57세,상해없음
2018102200100233,2018년 10월 22일 12시,월요일,충청북도 영동군 추풍령면,경상사고,0,0,1,0,차량단독 - 전도전복 - 전도,안전운전불이행,건조,맑음,단일로 - 기타,이륜,남,55세,경상,미분류,미분류,미분류,미분류
2018102200100234,2018년 10월 22일 12시,월요일,충청북도 청주시 서원구 모충동,중상사고,0,1,0,0,차대사람 - 횡단중,보행자보호의무위반,건조,맑음,교차로 - 교차로부근,승용,남,54세,상해없음,보행자,여,53세,중상
2018102200100277,2018년 10월 22일 14시,월요일,충청북도 충주시 금가면,경상사고,0,0,2,0,차대차 - 기타,안전운전불이행,건조,맑음,단일로 - 기타,승용,남,64세,상해없음,화물,남,27세,경상
2018102200100316,2018년 10월 22일 15시,월요일,충청북도 증평군 증평읍,중상사고,0,1,3,0,차대차 - 기타,신호위반,건조,맑음,교차로 - 교차로안,화물,남,63세,상해없음,승용,여,49세,중상
2018102200100343,2018년 10월 22일 16시,월요일,충청북도 청주시 상당구 가덕면,중상사고,0,1,0,0,차량단독 - 도로외이탈 - 기타,안전운전불이행,건조,맑음,단일로 - 기타,화물,남,64세,중상,,,,
2018102200100344,2018년 10월 22일 16시,월요일,충청북도 청주시 서원구 분평동,경상사고,0,0,1,0,차대차 - 추돌,안전운전불이행,건조,맑음,교차로 - 교차로부근,승용,여,37세,상해없음,승용,여,49세,경상
2018102200100436,2018년 10월 22일 18시,월요일,충청북도 청주시 청원구 오창읍,경상사고,0,0,1,0,차대차 - 기타,신호위반,건조,맑음,교차로 - 교차로안,승용,남,58세,상해없음,이륜,남,19세,경상
2018102200100437,2018년 10월 22일 18시,월요일,충청북도 청주시 청원구 오창읍,경상사고,0,0,1,0,차대차 - 기타,신호위반,건조,맑음,교차로 - 교차로안,승용,여,23세,상해없음,원동기,남,30세,경상
2018102200100438,2018년 10월 22일 18시,월요일,충청북도 충주시 엄정면,중상사고,0,1,0,0,차대사람 - 기타,안전운전불이행,건조,맑음,기타 - 기타,승용,남,72세,상해없음,보행자,여,77세,중상
2018102200100501,2018년 10월 22일 19시,월요일,충청북도 청주시 서원구 개신동,경상사고,0,0,1,0,차대차 - 측면충돌,안전거리미확보,건조,맑음,교차로 - 교차로부근,특수,남,30세,기타불명,이륜,남,19세,경상
2018102200100502,2018년 10월 22일 19시,월요일,충청북도 청주시 서원구 미평동,중상사고,0,1,0,0,차대차 - 측면충돌,신호위반,건조,맑음,교차로 - 교차로부근,승용,여,45세,상해없음,이륜,남,36세,중상
2018102200100576,2018년 10월 22일 22시,월요일,충청북도 청주시 청원구 내덕동,중상사고,0,1,1,0,차대차 - 기타,안전운전불이행,건조,맑음,단일로 - 기타,승용,남,63세,상해없음,승합,남,61세,경상
2018102300100014,2018년 10월 23일 01시,화요일,충청북도 청주시 서원구 사창동,경상사고,0,0,1,0,차대차 - 기타,안전운전불이행,건조,맑음,단일로 - 기타,승용,여,51세,상해없음,승용,남,37세,경상
2018102300100049,2018년 10월 23일 06시,화요일,충청북도 청주시 청원구 내덕동,경상사고,0,0,1,0,차대사람 - 보도통행중,보행자보호의무위반,건조,맑음,교차로 - 교차로부근,승용,남,38세,상해없음,보행자,여,53세,경상
2018102300100076,2018년 10월 23일 07시,화요일,충청북도 제천시 동현동,경상사고,0,0,1,0,차대차 - 추돌,안전운전불이행,건조,맑음,교차로 - 교차로부근,화물,남,66세,상해없음,승용,여,57세,경상
2018102300100111,2018년 10월 23일 08시,화요일,충청북도 진천군 광혜원면,경상사고,0,0,1,0,차대차 - 기타,직진우회전진행방해,건조,맑음,교차로 - 교차로안,승용,남,58세,상해없음,승용,여,34세,경상
2018102300100112,2018년 10월 23일 08시,화요일,충청북도 청주시 흥덕구 복대동,경상사고,0,0,1,0,차대차 - 기타,교차로운행방법위반,건조,맑음,교차로 - 교차로안,승용,남,40세,상해없음,승합,남,47세,상해없음
2018102300100113,2018년 10월 23일 08시,화요일,충청북도 청주시 흥덕구 비하동,중상사고,0,1,0,0,차대차 - 측면충돌,안전운전불이행,건조,맑음,단일로 - 기타,승용,남,52세,상해없음,승용,여,28세,중상
2018102300100114,2018년 10월 23일 08시,화요일,충청북도 청주시 흥덕구 비하동,경상사고,0,0,1,1,차대차 - 측면충돌,안전운전불이행,건조,맑음,단일로 - 기타,승용,남,56세,부상신고,승용,남,38세,경상
2018102300100115,2018년 10월 23일 08시,화요일,충청북도 청주시 상당구 용암동,중상사고,0,1,0,0,차대차 - 측면충돌,안전운전불이행,건조,맑음,단일로 - 기타,승용,남,59세,상해없음,자전거,남,76세,중상
2018102300100187,2018년 10월 23일 10시,화요일,충청북도 청주시 서원구 남이면,중상사고,0,1,0,0,차대차 - 기타,안전운전불이행,젖음/습기,비,단일로 - 기타,승용,여,40세,상해없음,승용,남,30세,중상
2018102300100188,2018년 10월 23일 10시,화요일,충청북도 청주시 상당구 월오동,경상사고,0,0,1,0,차량단독 - 공작물충돌,안전운전불이행,젖음/습기,비,단일로 - 기타,화물,남,51세,경상,,,,
2018102300100189,2018년 10월 23일 10시,화요일,충청북도 청주시 서원구 모충동,경상사고,0,0,1,0,차대차 - 기타,안전운전불이행,건조,맑음,교차로 - 교차로안,승용,남,71세,상해없음,승용,여,41세,경상
2018102300100219,2018년 10월 23일 11시,화요일,충청북도 청주시 청원구 내수읍,중상사고,0,3,0,0,차대차 - 정면충돌,중앙선침범,젖음/습기,흐림,단일로 - 기타,화물,남,23세,중상,건설기계,남,59세,중상
2018102300100220,2018년 10월 23일 11시,화요일,충청북도 옥천군 옥천읍,중상사고,0,1,1,0,차대차 - 측면충돌,신호위반,건조,맑음,교차로 - 교차로안,화물,남,52세,상해없음,화물,남,62세,경상
2018102300100221,2018년 10월 23일 11시,화요일,충청북도 청주시 흥덕구 송절동,중상사고,0,1,0,0,차대차 - 정면충돌,중앙선침범,젖음/습기,비,단일로 - 기타,화물,남,43세,상해없음,이륜,남,25세,중상
2018102300100275,2018년 10월 23일 13시,화요일,충청북도 청주시 청원구 오창읍,경상사고,0,0,1,0,차대차 - 기타,안전운전불이행,건조,맑음,미분류 - 미분류,승용,여,40세,상해없음,이륜,남,38세,경상
2018102300100276,2018년 10월 23일 13시,화요일,충청북도 진천군 광혜원면,경상사고,0,0,1,0,차대차 - 측면충돌,직진우회전진행방해,젖음/습기,비,교차로 - 교차로안,승용,남,38세,상해없음,화물,남,63세,경상
2018102300100298,2018년 10월 23일 14시,화요일,충청북도 충주시 칠금동,경상사고,0,0,1,0,차대차 - 기타,교차로운행방법위반,젖음/습기,비,교차로 - 교차로안,승용,여,51세,상해없음,화물,남,34세,경상
2018102300100299,2018년 10월 23일 14시,화요일,충청북도 음성군 금왕읍,경상사고,0,0,2,0,차대차 - 후진중충돌,안전운전불이행,건조,맑음,단일로 - 기타,승용,남,57세,상해없음,승용,남,33세,경상
2018102300100329,2018년 10월 23일 15시,화요일,충청북도 청주시 흥덕구 가경동,경상사고,0,0,1,0,차대차 - 기타,안전거리미확보,젖음/습기,흐림,단일로 - 기타,승용,남,63세,상해없음,이륜,남,31세,경상
2018102300100358,2018년 10월 23일 16시,화요일,충청북도 옥천군 옥천읍,중상사고,0,1,0,0,차대차 - 측면충돌,신호위반,건조,맑음,교차로 - 교차로안,승합,남,55세,상해없음,이륜,남,52세,중상
2018102300100396,2018년 10월 23일 17시,화요일,충청북도 청주시 청원구 율량동,경상사고,0,0,1,0,차대차 - 기타,교차로운행방법위반,젖음/습기,흐림,교차로 - 교차로안,승용,남,32세,상해없음,원동기,남,25세,경상
2018102300100397,2018년 10월 23일 17시,화요일,충청북도 충주시 금릉동,경상사고,0,0,1,0,차대차 - 기타,안전운전불이행,건조,흐림,단일로 - 기타,승합,남,63세,상해없음,승용,남,46세,경상
2018102300100398,2018년 10월 23일 17시,화요일,충청북도 음성군 금왕읍,경상사고,0,0,1,0,차대차 - 측면충돌,신호위반,건조,맑음,교차로 - 교차로안,승용,여,32세,경상,화물,남,57세,상해없음
2018102300100399,2018년 10월 23일 17시,화요일,충청북도 청주시 서원구 산남동,경상사고,0,0,1,0,차대차 - 측면충돌,안전운전불이행,젖음/습기,비,단일로 - 지하차도(도로)내,승합,남,62세,상해없음,사륜오토바이(ATV),남,62세,경상
2018102300100453,2018년 10월 23일 18시,화요일,충청북도 청주시 청원구 오창읍,경상사고,0,0,3,0,차대차 - 추돌,안전운전불이행,젖음/습기,비,교차로 - 교차로부근,승용,남,39세,경상,승용,남,50세,경상
2018102300100454,2018년 10월 23일 18시,화요일,충청북도 청주시 청원구 주중동,경상사고,0,0,2,0,차대차 - 측면충돌,안전거리미확보,건조,맑음,단일로 - 기타,승합,남,76세,기타불명,승용,여,26세,경상
2018102300100455,2018년 10월 23일 18시,화요일,충청북도 충주시 동량면,경상사고,0,0,1,0,차대차 - 측면충돌,안전운전불이행,건조,맑음,단일로 - 교량,화물,남,48세,상해없음,승용,남,29세,경상
2018102300100456,2018년 10월 23일 18시,화요일,충청북도 음성군 소이면,중상사고,0,1,0,0,차대차 - 측면충돌,차로위반,건조,맑음,단일로 - 기타,화물,남,51세,상해없음,승용,남,41세,중상
2018102300100457,2018년 10월 23일 18시,화요일,충청북도 청주시 흥덕구 비하동,중상사고,0,1,0,0,차대차 - 추돌,안전운전불이행,젖음/습기,비,교차로 - 교차로부근,승용,남,41세,상해없음,승용,남,34세,중상
2018102300100514,2018년 10월 23일 19시,화요일,충청북도 충주시 금릉동,중상사고,0,2,0,0,차대차 - 측면충돌,안전운전불이행,건조,맑음,단일로 - 기타,승합,남,55세,상해없음,승용,남,55세,중상
2018102300100548,2018년 10월 23일 20시,화요일,충청북도 청주시 청원구 사천동,경상사고,0,0,1,0,차대사람 - 기타,안전운전불이행,건조,맑음,교차로 - 교차로안,승합,남,24세,상해없음,보행자,여,54세,경상
2018102300100549,2018년 10월 23일 20시,화요일,충청북도 옥천군 옥천읍,경상사고,0,0,1,0,차대차 - 측면충돌,안전운전불이행,건조,맑음,단일로 - 기타,승용,남,36세,상해없음,이륜,남,17세,경상
2018102300100576,2018년 10월 23일 21시,화요일,충청북도 청주시 서원구 산남동,경상사고,0,0,3,0,차대차 - 기타,안전운전불이행,건조,맑음,단일로 - 기타,승용,남,52세,상해없음,승용,남,54세,경상
2018102300100594,2018년 10월 23일 22시,화요일,충청북도 제천시 장락동,경상사고,0,0,2,0,차대차 - 측면충돌,직진우회전진행방해,건조,맑음,교차로 - 교차로안,승용,남,26세,상해없음,승용,여,28세,경상
2018102300100595,2018년 10월 23일 22시,화요일,충청북도 청주시 서원구 개신동,중상사고,0,1,0,0,차대차 - 측면충돌,안전운전불이행,건조,맑음,교차로 - 교차로안,승용,여,43세,상해없음,이륜,남,27세,중상
2018102400100015,2018년 10월 24일 01시,수요일,충청북도 청주시 상당구 금천동,경상사고,0,0,1,0,차대차 - 기타,신호위반,건조,맑음,교차로 - 교차로안,승용,남,31세,상해없음,이륜,남,16세,경상
2018102400100068,2018년 10월 24일 07시,수요일,충청북도 충주시 용관동,경상사고,0,0,2,0,차대차 - 기타,과속,건조,맑음,단일로 - 기타,승용,남,26세,경상,건설기계,남,41세,경상
2018102400100069,2018년 10월 24일 07시,수요일,충청북도 충주시 연수동,경상사고,0,0,1,0,차대차 - 기타,안전운전불이행,건조,맑음,단일로 - 기타,승용,남,66세,상해없음,승용,남,58세,경상
2018102400100118,2018년 10월 24일 08시,수요일,충청북도 옥천군 이원면,중상사고,0,1,1,0,차대차 - 추돌,불법유턴,젖음/습기,안개,교차로 - 교차로부근,화물,남,59세,상해없음,승용,남,74세,경상
2018102400100119,2018년 10월 24일 08시,수요일,충청북도 청주시 흥덕구 복대동,경상사고,0,0,2,0,차대차 - 측면충돌,안전운전불이행,건조,맑음,교차로 - 교차로안,승용,여,50세,상해없음,승용,남,27세,경상
2018102400100170,2018년 10월 24일 09시,수요일,충청북도 청주시 상당구 대성동,경상사고,0,0,1,0,차대차 - 측면충돌,안전운전불이행,건조,맑음,교차로 - 교차로안,승용,여,49세,상해없음,이륜,남,72세,경상
2018102400100204,2018년 10월 24일 10시,수요일,충청북도 괴산군 괴산읍,경상사고,0,0,1,0,차대차 - 기타,안전거리미확보,건조,맑음,단일로 - 기타,승용,여,63세,상해없음,승용,남,80세,경상
2018102400100242,2018년 10월 24일 11시,수요일,충청북도 청주시 청원구 주중동,중상사고,0,1,0,0,차대사람 - 기타,안전운전불이행,건조,맑음,단일로 - 기타,승합,남,59세,상해없음,보행자,여,38세,중상
2018102400100243,2018년 10월 24일 11시,수요일,충청북도 청주시 흥덕구 봉명동,중상사고,0,1,1,0,차대차 - 기타,신호위반,건조,맑음,단일로 - 기타,특수,남,48세,상해없음,승용,남,55세,중상
2018102400100357,2018년 10월 24일 14시,수요일,충청북도 청주시 흥덕구 신봉동,중상사고,0,1,0,0,차대사람 - 기타,안전운전불이행,건조,맑음,단일로 - 기타,승용,여,30세,상해없음,보행자,여,59세,중상
2018102400100393,2018년 10월 24일 15시,수요일,충청북도 충주시 달천동,부상신고사고,0,0,0,2,차대차 - 측면충돌,안전운전불이행,건조,맑음,단일로 - 기타,화물,남,68세,상해없음,승용,남,70세,부상신고
2018102400100394,2018년 10월 24일 15시,수요일,충청북도 충주시 대소원면,경상사고,0,0,1,0,차대차 - 측면충돌,안전운전불이행,건조,맑음,주차장 - 주차장,승용,여,26세,상해없음,승용,남,24세,경상
2018102400100395,2018년 10월 24일 15시,수요일,충청북도 보은군 회인면,중상사고,0,1,1,0,차대차 - 정면충돌,중앙선침범,건조,맑음,단일로 - 지하차도(도로)내,승용,여,57세,경상,승용,남,76세,중상
2018102400100396,2018년 10월 24일 15시,수요일,충청북도 진천군 진천읍,중상사고,0,1,0,0,차대사람 - 기타,보행자보호의무위반,건조,맑음,교차로 - 교차로안,승합,여,47세,상해없음,보행자,여,21세,중상
2018102400100397,2018년 10월 24일 15시,수요일,충청북도 진천군 광혜원면,중상사고,0,1,0,0,차대사람 - 기타,안전운전불이행,건조,맑음,단일로 - 기타,승용,여,42세,상해없음,보행자,여,59세,중상
2018102400100398,2018년 10월 24일 15시,수요일,충청북도 청주시 흥덕구 가경동,중상사고,0,1,5,0,차대차 - 측면충돌,신호위반,건조,맑음,교차로 - 교차로안,승합,남,23세,상해없음,승용,여,38세,경상
2018102400100438,2018년 10월 24일 16시,수요일,충청북도 제천시 수산면,중상사고,0,1,0,0,차량단독 - 공작물충돌,안전운전불이행,건조,맑음,기타 - 기타,화물,남,56세,중상,,,,
2018102400100439,2018년 10월 24일 16시,수요일,충청북도 괴산군 연풍면,경상사고,0,0,2,0,차대차 - 측면충돌,안전거리미확보,건조,맑음,단일로 - 기타,화물,남,38세,상해없음,승용,여,65세,경상
2018102400100484,2018년 10월 24일 17시,수요일,충청북도 청주시 청원구 오창읍,경상사고,0,0,1,0,차대차 - 측면충돌,안전운전불이행,건조,맑음,단일로 - 기타,승용,여,69세,상해없음,승용,남,61세,경상