사고번호,사고일시,요일,시군구,사고내용,사망자수,중상자수,경상자수,부상신고자수,사고유형,법규위반,노면상태,기상상태,도로형태,가해운전자 차종,가해운전자 성별,가해운전자 연령,가해운전자 상해정도,피해운전자 차종,피해운전자 성별,피해운전자 연령,피해운전자 상해정도
2018102400100547,2018년 10월 24일 18시,수요일,충청북도 음성군 생극면,중상사고,0,2,1,0,차대차 - 추돌,안전운전불이행,건조,맑음,단일로 - 기타,승용,남,73세,중상,농기계,남,74세,중상
2018102400100548,2018년 10월 24일 18시,수요일,충청북도 청주시 흥덕구 봉명동,경상사고,0,0,1,0,차대차 - 측면충돌,안전거리미확보,건조,맑음,교차로 - 교차로부근,승용,남,36세,상해없음,이륜,남,38세,경상
2018102400100549,2018년 10월 24일 18시,수요일,충청북도 청주시 흥덕구 강서동,중상사고,0,1,0,0,차대사람 - 횡단중,신호위반,건조,맑음,교차로 - 교차로횡단보도내,화물,남,60세,상해없음,보행자,여,60세,중상
2018102400100606,2018년 10월 24일 19시,수요일,충청북도 청주시 서원구 수곡동,경상사고,0,0,1,0,차대차 - 정면충돌,안전운전불이행,건조,맑음,교차로 - 교차로안,승용,남,36세,상해없음,이륜,남,22세,경상
2018102400100651,2018년 10월 24일 20시,수요일,충청북도 청주시 청원구 오창읍,중상사고,0,1,0,0,차대사람 - 횡단중,보행자보호의무위반,건조,맑음,교차로 - 교차로횡단보도내,승용,남,54세,상해없음,보행자,여,20세,중상
2018102400100652,2018년 10월 24일 20시,수요일,충청북도 충주시 봉방동,경상사고,0,0,1,0,차대사람 - 횡단중,안전운전불이행,건조,맑음,단일로 - 기타,승용,남,35세,상해없음,보행자,남,71세,경상
2018102400100653,2018년 10월 24일 20시,수요일,충청북도 청주시 서원구 성화동,경상사고,0,0,1,0,차대차 - 측면충돌,교차로운행방법위반,건조,맑음,교차로 - 교차로안,승용,남,33세,상해없음,이륜,남,28세,경상
2018102400100683,2018년 10월 24일 21시,수요일,충청북도 청주시 흥덕구 석소동,경상사고,0,0,2,0,차대차 - 측면충돌,안전거리미확보,건조,맑음,단일로 - 기타,승용,남,38세,상해없음,승용,여,47세,경상
2018102400100717,2018년 10월 24일 22시,수요일,충청북도 충주시 용산동,경상사고,0,0,1,0,차대차 - 기타,교차로운행방법위반,건조,맑음,교차로 - 교차로안,승용,남,21세,상해없음,이륜,남,17세,경상
2018102500100004,2018년 10월 25일 00시,목요일,충청북도 청주시 서원구 수곡동,중상사고,0,1,0,0,차량단독 - 공작물충돌,안전운전불이행,건조,맑음,교차로 - 교차로부근,승용,남,40세,중상,,,,
2018102500100014,2018년 10월 25일 01시,목요일,충청북도 제천시 금성면,사망사고,2,2,0,0,차대차 - 정면충돌,중앙선침범,젖음/습기,안개,기타 - 기타,승용,여,24세,사망,승용,남,43세,중상
2018102500100025,2018년 10월 25일 02시,목요일,충청북도 충주시 금릉동,경상사고,0,0,2,0,차대차 - 기타,신호위반,젖음/습기,안개,교차로 - 교차로안,승용,남,32세,상해없음,승용,남,42세,경상
2018102500100037,2018년 10월 25일 04시,목요일,충청북도 청주시 서원구 사창동,경상사고,0,0,1,0,차대차 - 기타,중앙선침범,건조,맑음,교차로 - 교차로부근,승용,남,61세,상해없음,승용,남,58세,상해없음
2018102500100057,2018년 10월 25일 06시,목요일,충청북도 청주시 흥덕구 송정동,중상사고,0,1,0,0,차대사람 - 횡단중,안전운전불이행,건조,맑음,교차로 - 교차로부근,승용,여,49세,상해없음,보행자,여,45세,중상
2018102500100129,2018년 10월 25일 08시,목요일,충청북도 청주시 흥덕구 봉명동,경상사고,0,0,2,0,차대차 - 측면충돌,신호위반,건조,맑음,교차로 - 교차로부근,승용,남,21세,상해없음,승용,남,26세,경상
2018102500100174,2018년 10월 25일 09시,목요일,충청북도 청주시 청원구 오창읍,경상사고,0,0,2,0,차대차 - 기타,교차로운행방법위반,건조,맑음,교차로 - 교차로안,승용,여,39세,경상,승용,남,25세,경상
2018102500100175,2018년 10월 25일 09시,목요일,충청북도 보은군 삼승면,경상사고,0,0,1,0,차대차 - 후진중충돌,안전운전불이행,젖음/습기,안개,단일로 - 지하차도(도로)내,화물,남,58세,상해없음,화물,남,37세,경상
2018102500100214,2018년 10월 25일 10시,목요일,충청북도 보은군 삼승면,중상사고,0,1,0,0,차대차 - 측면충돌,안전운전불이행,건조,맑음,단일로 - 지하차도(도로)내,화물,남,66세,상해없음,사륜오토바이(ATV),남,80세,중상
2018102500100215,2018년 10월 25일 10시,목요일,충청북도 청주시 상당구 북문로1가동,경상사고,0,0,2,0,차대차 - 측면충돌,안전운전불이행,건조,맑음,교차로 - 교차로안,승용,남,66세,경상,승용,여,47세,경상
2018102500100250,2018년 10월 25일 11시,목요일,충청북도 제천시 송학면,경상사고,0,0,2,0,차대차 - 측면충돌,직진우회전진행방해,건조,맑음,교차로 - 교차로안,승용,남,29세,경상,승용,남,49세,경상
2018102500100287,2018년 10월 25일 12시,목요일,충청북도 음성군 대소면,경상사고,0,0,2,0,차대차 - 측면충돌,안전운전불이행,건조,맑음,교차로 - 교차로안,승용,남,36세,경상,승용,여,40세,경상
2018102500100288,2018년 10월 25일 12시,목요일,충청북도 청주시 서원구 분평동,경상사고,0,0,1,0,차대차 - 측면충돌,교차로운행방법위반,건조,맑음,교차로 - 교차로안,화물,남,40세,상해없음,승용,남,76세,경상
2018102500100319,2018년 10월 25일 13시,목요일,충청북도 충주시 안림동,경상사고,0,0,1,0,차대차 - 기타,교차로운행방법위반,건조,맑음,교차로 - 교차로안,승용,여,51세,상해없음,승용,여,70세,경상
2018102500100320,2018년 10월 25일 13시,목요일,충청북도 청주시 흥덕구 오송읍,경상사고,0,0,1,0,차량단독 - 기타,안전운전불이행,건조,맑음,단일로 - 기타,승용,남,61세,상해없음,,,,
2018102500100389,2018년 10월 25일 15시,목요일,충청북도 제천시 산곡동,경상사고,0,0,1,0,차대차 - 기타,기타,건조,맑음,교차로 - 교차로부근,화물,남,53세,경상,승용,남,47세,상해없음
2018102500100390,2018년 10월 25일 15시,목요일,충청북도 음성군 금왕읍,중상사고,0,1,0,0,차대차 - 측면충돌,교차로운행방법위반,건조,맑음,교차로 - 교차로안,승용,남,80세,상해없음,승용,여,73세,중상
2018102500100391,2018년 10월 25일 15시,목요일,충청북도 청주시 서원구 성화동,경상사고,0,0,1,0,차대차 - 추돌,안전운전불이행,건조,맑음,교차로 - 교차로안,승용,남,38세,상해없음,승용,남,44세,경상
2018102500100392,2018년 10월 25일 15시,목요일,충청북도 청주시 서원구 산남동,경상사고,0,0,1,0,차대차 - 추돌,안전운전불이행,건조,맑음,교차로 - 교차로부근,승용,남,60세,상해없음,승용,남,50세,경상
2018102500100393,2018년 10월 25일 15시,목요일,충청북도 청주시 서원구 모충동,경상사고,0,0,1,0,차대차 - 측면충돌,안전운전불이행,건조,맑음,교차로 - 교차로안,건설기계,남,56세,상해없음,승용,여,47세,경상
2018102500100440,2018년 10월 25일 16시,목요일,충청북도 제천시 덕산면,중상사고,0,1,0,0,차대차 - 추돌,안전운전불이행,건조,맑음,기타 - 기타,승용,남,70세,상해없음,농기계,남,71세,중상
2018102500100441,2018년 10월 25일 16시,목요일,충청북도 제천시 모산동,중상사고,0,2,1,0,차대차 - 측면충돌,신호위반,건조,맑음,교차로 - 교차로안,특수,남,64세,상해없음,승용,여,38세,중상
2018102500100442,2018년 10월 25일 16시,목요일,충청북도 영동군 영동읍,중상사고,0,1,1,0,차대차 - 측면충돌,교차로운행방법위반,건조,맑음,교차로 - 교차로안,건설기계,남,54세,상해없음,승용,여,55세,중상
2018102500100483,2018년 10월 25일 17시,목요일,충청북도 충주시 단월동,경상사고,0,0,1,0,차대차 - 기타,안전거리미확보,건조,맑음,단일로 - 기타,화물,남,34세,상해없음,승용,남,51세,경상
2018102500100484,2018년 10월 25일 17시,목요일,충청북도 청주시 흥덕구 오송읍,경상사고,0,0,2,0,차대차 - 측면충돌,교차로운행방법위반,건조,맑음,교차로 - 교차로안,승용,여,45세,경상,승용,여,24세,경상
2018102500100485,2018년 10월 25일 17시,목요일,충청북도 청주시 상당구 남일면,경상사고,0,0,1,0,차대차 - 추돌,안전운전불이행,건조,맑음,단일로 - 지하차도(도로)내,승용,남,71세,상해없음,승용,여,52세,경상
2018102500100486,2018년 10월 25일 17시,목요일,충청북도 청주시 서원구 남이면,경상사고,0,0,2,0,차대차 - 측면충돌,안전운전불이행,건조,맑음,단일로 - 기타,승용,남,23세,상해없음,승용,남,28세,경상
2018102500100537,2018년 10월 25일 18시,목요일,충청북도 충주시 문화동,중상사고,0,1,0,0,차대사람 - 횡단중,보행자보호의무위반,건조,맑음,교차로 - 교차로횡단보도내,승합,남,68세,상해없음,보행자,남,58세,중상
2018102500100538,2018년 10월 25일 18시,목요일,충청북도 진천군 이월면,부상신고사고,0,0,0,1,차대차 - 추돌,안전운전불이행,건조,맑음,단일로 - 기타,승용,남,45세,부상신고,농기계,남,66세,상해없음
2018102500100539,2018년 10월 25일 18시,목요일,충청북도 청주시 흥덕구 오송읍,경상사고,0,0,2,0,차대차 - 기타,안전거리미확보,건조,맑음,단일로 - 기타,승용,여,59세,상해없음,승용,남,29세,경상
2018102500100598,2018년 10월 25일 19시,목요일,충청북도 음성군 감곡면,경상사고,0,0,5,0,차대차 - 측면충돌,안전운전불이행,건조,맑음,단일로 - 기타,화물,남,39세,경상,화물,남,57세,경상
2018102500100599,2018년 10월 25일 19시,목요일,충청북도 청주시 서원구 수곡동,경상사고,0,0,1,0,차대차 - 후진중충돌,안전운전불이행,건조,맑음,교차로 - 교차로안,승합,남,54세,상해없음,이륜,남,23세,경상
2018102500100634,2018년 10월 25일 20시,목요일,충청북도 충주시 안림동,경상사고,0,0,2,1,차대차 - 추돌,안전운전불이행,건조,맑음,단일로 - 기타,승용,남,28세,부상신고,승용,남,36세,경상
2018102500100660,2018년 10월 25일 21시,목요일,충청북도 청주시 상당구 수동,경상사고,0,0,2,0,차대차 - 기타,신호위반,건조,맑음,교차로 - 교차로안,승합,남,42세,상해없음,승용,남,35세,경상
2018102500100661,2018년 10월 25일 21시,목요일,충청북도 청주시 서원구 모충동,경상사고,0,0,1,0,차대차 - 정면충돌,안전운전불이행,건조,맑음,단일로 - 지하차도(도로)내,기타불명,기타불명,미분류,기타불명,화물,여,64세,경상
2018102600100073,2018년 10월 26일 06시,금요일,충청북도 진천군 진천읍,사망사고,1,0,0,0,차대사람 - 기타,과속,젖음/습기,비,교차로 - 교차로안,승용,남,35세,상해없음,보행자,여,68세,사망
2018102600100074,2018년 10월 26일 06시,금요일,충청북도 청주시 흥덕구 비하동,경상사고,0,0,2,0,차대차 - 추돌,안전운전불이행,젖음/습기,비,단일로 - 기타,화물,남,44세,상해없음,화물,남,64세,경상
2018102600100090,2018년 10월 26일 07시,금요일,충청북도 청주시 청원구 내덕동,중상사고,0,1,0,0,차대사람 - 횡단중,안전운전불이행,젖음/습기,비,교차로 - 교차로안,승합,남,60세,상해없음,보행자,여,71세,중상
2018102600100119,2018년 10월 26일 08시,금요일,충청북도 청주시 서원구 사직동,중상사고,0,1,0,0,차대사람 - 횡단중,보행자보호의무위반,젖음/습기,비,교차로 - 교차로횡단보도내,승용,남,44세,상해없음,보행자,남,71세,중상
2018102600100120,2018년 10월 26일 08시,금요일,충청북도 단양군 단양읍,경상사고,0,0,1,0,차대차 - 측면충돌,직진우회전진행방해,건조,맑음,교차로 - 교차로안,승용,여,40세,상해없음,화물,여,60세,경상
2018102600100177,2018년 10월 26일 10시,금요일,충청북도 청주시 서원구 사직동,중상사고,0,1,0,0,차대사람 - 기타,보행자보호의무위반,건조,맑음,교차로 - 교차로안,승용,여,55세,상해없음,보행자,여,63세,중상
2018102600100178,2018년 10월 26일 10시,금요일,충청북도 충주시 연수동,경상사고,0,0,4,0,차대차 - 기타,기타,젖음/습기,비,교차로 - 교차로안,승용,여,71세,경상,승용,여,59세,경상
2018102600100179,2018년 10월 26일 10시,금요일,충청북도 옥천군 옥천읍,중상사고,0,1,0,0,차대사람 - 보도통행중,보행자보호의무위반,건조,맑음,교차로 - 교차로안,승용,여,54세,상해없음,보행자,남,63세,중상
2018102600100180,2018년 10월 26일 10시,금요일,충청북도 청주시 흥덕구 복대동,경상사고,0,0,1,0,차대사람 - 횡단중,보행자보호의무위반,건조,맑음,교차로 - 교차로횡단보도내,승용,남,61세,상해없음,보행자,남,78세,경상
2018102600100200,2018년 10월 26일 11시,금요일,충청북도 충주시 성서동,경상사고,0,0,1,0,차대차 - 기타,안전거리미확보,건조,맑음,단일로 - 기타,승용,남,63세,상해없음,승합,남,57세,경상
2018102600100298,2018년 10월 26일 14시,금요일,충청북도 단양군 적성면,사망사고,1,0,0,0,차대차 - 추돌,안전운전불이행,젖음/습기,비,기타 - 기타,승용,여,58세,사망,화물,남,44세,상해없음
2018102600100299,2018년 10월 26일 14시,금요일,충청북도 제천시 영천동,경상사고,0,0,1,2,차대차 - 측면충돌,안전거리미확보,젖음/습기,비,단일로 - 기타,건설기계,남,61세,상해없음,승용,여,47세,경상
2018102600100300,2018년 10월 26일 14시,금요일,충청북도 음성군 음성읍,중상사고,0,1,0,0,차량단독 - 공작물충돌,중앙선침범,젖음/습기,비,단일로 - 기타,승용,여,56세,중상,,,,
2018102600100301,2018년 10월 26일 14시,금요일,충청북도 진천군 덕산면,경상사고,0,0,1,0,차대차 - 기타,직진우회전진행방해,젖음/습기,비,교차로 - 교차로안,승합,남,42세,상해없음,승용,여,26세,경상
2018102600100339,2018년 10월 26일 15시,금요일,충청북도 청주시 서원구 남이면,경상사고,0,0,1,0,차대차 - 측면충돌,차로위반,젖음/습기,비,교차로 - 교차로부근,승용,남,57세,상해없음,승용,남,48세,경상
2018102600100380,2018년 10월 26일 16시,금요일,충청북도 청주시 흥덕구 복대동,경상사고,0,0,1,0,차대차 - 추돌,안전거리미확보,건조,맑음,교차로 - 교차로부근,승용,남,49세,상해없음,승용,남,27세,경상
2018102600100465,2018년 10월 26일 18시,금요일,충청북도 청주시 서원구 사직동,경상사고,0,0,1,0,차대차 - 기타,교차로운행방법위반,젖음/습기,비,교차로 - 교차로안,승용,남,26세,기타불명,승용,남,26세,경상
2018102600100466,2018년 10월 26일 18시,금요일,충청북도 충주시 충인동,경상사고,0,0,1,0,차대차 - 기타,안전운전불이행,건조,맑음,교차로 - 교차로안,승용,여,45세,상해없음,승용,남,24세,경상
2018102600100556,2018년 10월 26일 19시,금요일,충청북도 청주시 청원구 율량동,경상사고,0,0,1,0,차대차 - 추돌,안전운전불이행,건조,맑음,단일로 - 기타,승용,남,39세,상해없음,승용,여,50세,경상
2018102600100557,2018년 10월 26일 19시,금요일,충청북도 청주시 흥덕구 가경동,경상사고,0,0,1,0,차대사람 - 횡단중,보행자보호의무위반,건조,맑음,교차로 - 교차로안,이륜,남,23세,상해없음,보행자,남,51세,경상
2018102600100599,2018년 10월 26일 20시,금요일,충청북도 청주시 서원구 모충동,경상사고,0,0,1,0,차대사람 - 차도통행중,안전운전불이행,건조,맑음,단일로 - 기타,승합,남,63세,상해없음,보행자,남,52세,경상
2018102600100640,2018년 10월 26일 21시,금요일,충청북도 제천시 청전동,경상사고,0,0,1,0,차대차 - 측면충돌,신호위반,젖음/습기,비,교차로 - 교차로안,승용,남,26세,상해없음,승용,남,62세,경상
2018102600100641,2018년 10월 26일 21시,금요일,충청북도 진천군 진천읍,중상사고,0,1,0,0,차대차 - 추돌,안전운전불이행,건조,맑음,단일로 - 기타,화물,남,54세,상해없음,화물,남,47세,중상
2018102600100671,2018년 10월 26일 22시,금요일,충청북도 청주시 흥덕구 비하동,경상사고,0,0,1,0,차대차 - 추돌,안전운전불이행,건조,맑음,교차로 - 교차로안,승용,남,24세,상해없음,승용,여,51세,경상
2018102700100046,2018년 10월 27일 02시,토요일,충청북도 음성군 금왕읍,경상사고,0,0,1,0,차대차 - 추돌,안전운전불이행,젖음/습기,비,교차로 - 교차로부근,승용,여,34세,경상,화물,남,50세,기타불명
2018102700100073,2018년 10월 27일 04시,토요일,충청북도 청주시 흥덕구 서촌동,중상사고,0,1,0,0,차량단독 - 공작물충돌,안전운전불이행,건조,맑음,교차로 - 교차로안,승용,남,22세,중상,,,,
2018102700100088,2018년 10월 27일 05시,토요일,충청북도 청주시 청원구 우암동,중상사고,0,1,0,0,차대사람 - 횡단중,신호위반,건조,맑음,단일로 - 기타,화물,남,53세,상해없음,보행자,여,75세,중상
2018102700100116,2018년 10월 27일 07시,토요일,충청북도 청주시 청원구 오창읍,사망사고,1,0,0,0,차대차 - 정면충돌,신호위반,젖음/습기,맑음,교차로 - 교차로안,건설기계,남,66세,기타불명,승용,여,61세,사망
2018102700100117,2018년 10월 27일 07시,토요일,충청북도 충주시 산척면,중상사고,0,1,0,0,차대차 - 추돌,안전운전불이행,젖음/습기,맑음,교차로 - 교차로부근,승용,남,41세,중상,특수,남,48세,상해없음
2018102700100118,2018년 10월 27일 07시,토요일,충청북도 제천시 동현동,경상사고,0,0,1,0,차대차 - 측면충돌,교차로운행방법위반,건조,맑음,교차로 - 교차로안,화물,남,47세,상해없음,승용,남,67세,경상
2018102700100144,2018년 10월 27일 08시,토요일,충청북도 괴산군 칠성면,중상사고,0,1,1,0,차량단독 - 도로외이탈 - 추락,안전운전불이행,건조,맑음,단일로 - 기타,이륜,남,86세,중상,,,,
2018102700100179,2018년 10월 27일 09시,토요일,충청북도 제천시 송학면,중상사고,0,1,0,0,차대사람 - 길가장자리구역통행중,안전운전불이행,건조,맑음,교차로 - 교차로안,이륜,남,58세,상해없음,보행자,여,78세,중상
2018102700100180,2018년 10월 27일 09시,토요일,충청북도 음성군 원남면,경상사고,0,0,2,0,차대차 - 추돌,안전운전불이행,젖음/습기,맑음,단일로 - 기타,승용,남,59세,상해없음,승용,남,27세,경상
2018102700100181,2018년 10월 27일 09시,토요일,충청북도 음성군 대소면,경상사고,0,0,3,0,차대차 - 추돌,안전거리미확보,젖음/습기,흐림,단일로 - 기타,승용,남,25세,상해없음,승용,남,47세,경상
2018102700100213,2018년 10월 27일 10시,토요일,충청북도 옥천군 옥천읍,중상사고,0,1,0,0,차대차 - 측면충돌,안전거리미확보,건조,맑음,교차로 - 교차로부근,이륜,남,76세,중상,승용,남,52세,상해없음
2018102700100242,2018년 10월 27일 11시,토요일,충청북도 청주시 청원구 내덕동,경상사고,0,0,2,0,차대차 - 기타,교차로운행방법위반,건조,맑음,교차로 - 교차로안,승용,남,49세,경상,승용,여,46세,경상
2018102700100309,2018년 10월 27일 13시,토요일,충청북도 제천시 하소동,경상사고,0,0,2,0,차대차 - 측면충돌,신호위반,건조,맑음,교차로 - 교차로부근,승용,남,86세,상해없음,승합,남,63세,상해없음
2018102700100348,2018년 10월 27일 14시,토요일,충청북도 청주시 청원구 주성동,경상사고,0,0,2,0,차대차 - 기타,안전운전불이행,건조,맑음,교차로 - 교차로부근,화물,남,50세,상해없음,승용,남,55세,경상
2018102700100349,2018년 10월 27일 14시,토요일,충청북도 진천군 덕산면,사망사고,1,0,0,0,차대차 - 기타,교차로운행방법위반,건조,맑음,교차로 - 교차로안,화물,남,37세,상해없음,이륜,남,73세,사망
2018102700100399,2018년 10월 27일 15시,토요일,충청북도 단양군 적성면,경상사고,0,0,1,0,차대차 - 기타,중앙선침범,건조,맑음,단일로 - 기타,화물,남,57세,상해없음,화물,남,57세,경상
2018102700100400,2018년 10월 27일 15시,토요일,충청북도 영동군 추풍령면,사망사고,1,0,0,0,차대차 - 추돌,안전운전불이행,건조,맑음,단일로 - 기타,화물,남,44세,상해없음,승용,여,49세,사망
2018102700100439,2018년 10월 27일 16시,토요일,충청북도 음성군 금왕읍,경상사고,0,0,3,0,차대차 - 측면충돌,차로위반,건조,맑음,교차로 - 교차로안,승용,남,22세,상해없음,승용,남,55세,경상
2018102700100440,2018년 10월 27일 16시,토요일,충청북도 청주시 상당구 미원면,중상사고,0,1,10,0,차대차 - 기타,중앙선침범,건조,맑음,단일로 - 기타,승용,남,77세,상해없음,승용,남,41세,경상
2018102700100441,2018년 10월 27일 16시,토요일,충청북도 진천군 문백면,경상사고,0,0,2,1,차대차 - 추돌,안전운전불이행,건조,맑음,단일로 - 기타,승용,여,34세,상해없음,승용,남,37세,경상
2018102700100520,2018년 10월 27일 18시,토요일,충청북도 청주시 청원구 오창읍,경상사고,0,0,2,0,차대차 - 기타,안전운전불이행,건조,맑음,단일로 - 기타,승용,여,41세,상해없음,승용,남,40세,경상
2018102700100709,2018년 10월 27일 23시,토요일,충청북도 제천시 금성면,중상사고,0,2,0,0,차량단독 - 공작물충돌,안전운전불이행,건조,맑음,단일로 - 기타,승용,남,51세,중상,,,,
2018102800100035,2018년 10월 28일 02시,일요일,충청북도 음성군 금왕읍,중상사고,0,1,0,0,차량단독 - 공작물충돌,안전운전불이행,건조,맑음,단일로 - 기타,승용,남,32세,중상,,,,
2018102800100036,2018년 10월 28일 02시,일요일,충청북도 청주시 상당구 용암동,경상사고,0,0,1,0,차대차 - 추돌,안전운전불이행,건조,맑음,교차로 - 교차로부근,승용,남,62세,상해없음,승용,여,52세,상해없음
2018102800100049,2018년 10월 28일 03시,일요일,충청북도 진천군 덕산면,경상사고,0,0,1,0,차량단독 - 공작물충돌,안전운전불이행,건조,맑음,단일로 - 기타,승용,남,23세,상해없음,,,,
2018102800100063,2018년 10월 28일 04시,일요일,충청북도 청주시 청원구 내덕동,경상사고,0,0,3,0,차대차 - 추돌,안전운전불이행,건조,맑음,교차로 - 교차로안,승용,남,25세,상해없음,승용,여,48세,경상
2018102800100101,2018년 10월 28일 07시,일요일,충청북도 청주시 서원구 남이면,경상사고,0,0,1,0,차량단독 - 기타,안전운전불이행,건조,맑음,단일로 - 기타,승용,여,45세,경상,,,,
2018102800100118,2018년 10월 28일 08시,일요일,충청북도 청주시 서원구 남이면,중상사고,0,3,5,0,차대차 - 추돌,안전운전불이행,젖음/습기,흐림,단일로 - 기타,승용,남,58세,상해없음,승용,남,35세,중상
2018102800100141,2018년 10월 28일 09시,일요일,충청북도 제천시 왕암동,경상사고,0,0,2,0,차대차 - 측면충돌,직진우회전진행방해,젖음/습기,비,교차로 - 교차로안,승용,남,58세,경상,승용,남,50세,경상
2018102800100164,2018년 10월 28일 10시,일요일,충청북도 제천시 송학면,경상사고,0,0,1,0,차대차 - 측면충돌,중앙선침범,젖음/습기,비,단일로 - 기타,화물,남,40세,상해없음,승용,남,39세,경상
2018102800100165,2018년 10월 28일 10시,일요일,충청북도 괴산군 연풍면,경상사고,0,0,1,0,차대차 - 기타,직진우회전진행방해,건조,맑음,교차로 - 교차로안,승합,남,63세,상해없음,승용,여,51세,경상
2018102800100166,2018년 10월 28일 10시,일요일,충청북도 청주시 상당구 서문동,경상사고,0,0,1,0,차대사람 - 길가장자리구역통행중,기타,젖음/습기,비,교차로 - 교차로부근,승용,남,58세,상해없음,보행자,여,37세,경상
2018102800100213,2018년 10월 28일 12시,일요일,충청북도 청주시 흥덕구 복대동,경상사고,0,0,1,0,차대차 - 측면충돌,신호위반,건조,맑음,교차로 - 교차로안,승용,남,48세,상해없음,화물,남,46세,상해없음
2018102800100214,2018년 10월 28일 12시,일요일,충청북도 청주시 서원구 수곡동,경상사고,0,0,2,0,차대차 - 기타,안전운전불이행,건조,맑음,교차로 - 교차로안,승용,남,42세,상해없음,승합,남,46세,상해없음
2018102800100272,2018년 10월 28일 14시,일요일,충청북도 청주시 상당구 용암동,중상사고,0,1,0,0,차대사람 - 기타,신호위반,젖음/습기,비,교차로 - 교차로횡단보도내,승용,여,37세,상해없음,보행자,여,14세,중상
2018102800100273,2018년 10월 28일 14시,일요일,충청북도 청주시 상당구 용암동,경상사고,0,0,1,0,차대차 - 측면충돌,신호위반,건조,맑음,교차로 - 교차로안,승용,남,27세,상해없음,승용,여,64세,경상
2018102800100274,2018년 10월 28일 14시,일요일,충청북도 진천군 초평면,경상사고,0,0,2,3,차대차 - 추돌,안전거리미확보,건조,맑음,단일로 - 기타,화물,남,29세,상해없음,승용,남,41세,경상
2018102800100293,2018년 10월 28일 15시,일요일,충청북도 청주시 상당구 북문로2가동,중상사고,0,1,0,0,차대차 - 기타,안전운전불이행,젖음/습기,비,단일로 - 기타,화물,남,64세,상해없음,승용,여,34세,중상
2018102800100328,2018년 10월 28일 16시,일요일,충청북도 충주시 칠금동,경상사고,0,0,2,0,차대차 - 기타,안전거리미확보,젖음/습기,흐림,기타 - 기타,승용,남,62세,상해없음,승용,남,24세,경상
2018102800100329,2018년 10월 28일 16시,일요일,충청북도 단양군 영춘면,경상사고,0,0,2,0,차량단독 - 도로외이탈 - 기타,안전운전불이행,젖음/습기,비,단일로 - 기타,승용,여,50세,경상,,,,
2018102800100358,2018년 10월 28일 17시,일요일,충청북도 옥천군 안내면,경상사고,0,0,2,0,차대차 - 정면충돌,중앙선침범,젖음/습기,비,단일로 - 기타,승용,여,56세,경상,승용,남,52세,경상
2018102800100444,2018년 10월 28일 19시,일요일,충청북도 음성군 대소면,중상사고,0,1,5,0,차대차 - 추돌,안전운전불이행,건조,맑음,교차로 - 교차로부근,승용,남,60세,상해없음,화물,남,49세,경상
2018102800100445,2018년 10월 28일 19시,일요일,충청북도 진천군 진천읍,경상사고,0,0,5,0,차대차 - 추돌,안전거리미확보,건조,맑음,단일로 - 기타,승합,남,33세,상해없음,승합,남,37세,경상
2018102800100474,2018년 10월 28일 20시,일요일,충청북도 음성군 원남면,중상사고,0,4,0,1,차대차 - 측면충돌,과속,건조,맑음,교차로 - 교차로안,승용,남,33세,중상,승용,남,57세,중상
2018102800100503,2018년 10월 28일 21시,일요일,충청북도 단양군 영춘면,중상사고,0,2,0,0,차대차 - 기타,직진우회전진행방해,건조,맑음,교차로 - 교차로안,승용,남,49세,기타불명,승용,남,57세,중상
2018102900100013,2018년 10월 29일 01시,월요일,충청북도 괴산군 괴산읍,중상사고,0,1,0,0,차대차 - 측면충돌,안전운전불이행,건조,맑음,교차로 - 교차로안,승용,남,28세,상해없음,승용,여,60세,중상
2018102900100017,2018년 10월 29일 02시,월요일,충청북도 충주시 연수동,경상사고,0,0,2,0,차대차 - 기타,안전운전불이행,건조,맑음,단일로 - 기타,화물,남,27세,상해없음,승용,남,23세,경상
2018102900100054,2018년 10월 29일 06시,월요일,충청북도 청주시 서원구 수곡동,중상사고,0,1,0,0,차대차 - 측면충돌,신호위반,건조,맑음,교차로 - 교차로안,화물,남,38세,상해없음,승용,남,64세,중상
2018102900100082,2018년 10월 29일 07시,월요일,충청북도 제천시 중앙로1가,경상사고,0,0,2,0,차대차 - 측면충돌,신호위반,건조,맑음,교차로 - 교차로안,화물,남,58세,경상,화물,남,65세,경상
2018102900100117,2018년 10월 29일 08시,월요일,충청북도 청주시 서원구 개신동,중상사고,0,1,0,0,차대차 - 측면충돌,신호위반,건조,맑음,교차로 - 교차로안,승합,남,47세,상해없음,이륜,남,76세,중상
2018102900100118,2018년 10월 29일 08시,월요일,충청북도 영동군 영동읍,중상사고,0,1,0,0,차대차 - 기타,안전거리미확보,건조,맑음,단일로 - 기타,화물,남,56세,상해없음,승용,여,49세,중상
2018102900100119,2018년 10월 29일 08시,월요일,충청북도 청주시 상당구 낭성면,경상사고,0,0,1,1,차대차 - 측면충돌,교차로운행방법위반,젖음/습기,안개,교차로 - 교차로안,승용,남,61세,부상신고,승용,여,39세,경상