사고번호,사고일시,요일,시군구,사고내용,사망자수,중상자수,경상자수,부상신고자수,사고유형,법규위반,노면상태,기상상태,도로형태,가해운전자 차종,가해운전자 성별,가해운전자 연령,가해운전자 상해정도,피해운전자 차종,피해운전자 성별,피해운전자 연령,피해운전자 상해정도
2018102900100164,2018년 10월 29일 09시,월요일,충청북도 제천시 장락동,중상사고,0,1,1,0,차대차 - 측면충돌,기타,건조,맑음,교차로 - 교차로안,승용,남,57세,상해없음,승용,남,63세,경상
2018102900100165,2018년 10월 29일 09시,월요일,충청북도 단양군 영춘면,중상사고,0,1,1,0,차대차 - 측면충돌,직진우회전진행방해,건조,맑음,교차로 - 교차로안,화물,남,77세,상해없음,농기계,남,78세,중상
2018102900100201,2018년 10월 29일 10시,월요일,충청북도 충주시 대소원면,중상사고,0,1,2,0,차대차 - 추돌,안전운전불이행,건조,맑음,단일로 - 기타,승합,남,55세,상해없음,승용,여,51세,중상
2018102900100202,2018년 10월 29일 10시,월요일,충청북도 충주시 목행동,중상사고,0,2,1,0,차대차 - 기타,안전거리미확보,건조,맑음,단일로 - 기타,화물,남,83세,중상,승용,여,54세,경상
2018102900100227,2018년 10월 29일 11시,월요일,충청북도 청주시 상당구 용암동,경상사고,0,0,1,0,차대사람 - 기타,기타,건조,맑음,단일로 - 지하차도(도로)내,승합,남,45세,상해없음,보행자,여,78세,경상
2018102900100261,2018년 10월 29일 12시,월요일,충청북도 청주시 청원구 율량동,경상사고,0,0,1,0,차대차 - 측면충돌,안전운전불이행,건조,맑음,교차로 - 교차로안,승용,여,50세,상해없음,승용,남,36세,경상
2018102900100298,2018년 10월 29일 13시,월요일,충청북도 충주시 동량면,경상사고,0,0,1,0,차량단독 - 공작물충돌,안전운전불이행,건조,맑음,단일로 - 기타,사륜오토바이(ATV),남,83세,경상,,,,
2018102900100299,2018년 10월 29일 13시,월요일,충청북도 청주시 흥덕구 봉명동,중상사고,0,1,1,0,차대차 - 기타,교차로운행방법위반,건조,맑음,교차로 - 교차로안,화물,남,49세,상해없음,승용,남,64세,중상
2018102900100377,2018년 10월 29일 15시,월요일,충청북도 청주시 청원구 오창읍,중상사고,0,1,8,0,차대차 - 기타,중앙선침범,건조,맑음,단일로 - 기타,화물,남,62세,경상,승합,남,54세,경상
2018102900100378,2018년 10월 29일 15시,월요일,충청북도 청주시 서원구 성화동,경상사고,0,0,3,0,차대차 - 측면충돌,안전운전불이행,건조,맑음,교차로 - 교차로부근,승용,남,60세,경상,승용,여,24세,경상
2018102900100422,2018년 10월 29일 16시,월요일,충청북도 청주시 흥덕구 복대동,경상사고,0,0,1,0,차대차 - 측면충돌,안전운전불이행,건조,맑음,교차로 - 교차로안,승용,여,38세,상해없음,승용,남,55세,경상
2018102900100460,2018년 10월 29일 17시,월요일,충청북도 청주시 서원구 사직동,경상사고,0,0,4,0,차대차 - 기타,안전운전불이행,건조,맑음,교차로 - 교차로부근,승용,남,42세,경상,승용,남,70세,경상
2018102900100461,2018년 10월 29일 17시,월요일,충청북도 괴산군 감물면,부상신고사고,0,0,0,1,차량단독 - 도로외이탈 - 추락,안전운전불이행,건조,맑음,단일로 - 기타,승용,남,73세,부상신고,,,,
2018102900100516,2018년 10월 29일 18시,월요일,충청북도 충주시 용탄동,중상사고,0,1,0,1,차대차 - 측면충돌,신호위반,건조,맑음,교차로 - 교차로안,화물,남,41세,부상신고,승용,여,31세,중상
2018102900100517,2018년 10월 29일 18시,월요일,충청북도 음성군 생극면,중상사고,0,1,1,0,차대차 - 측면충돌,안전운전불이행,건조,맑음,교차로 - 교차로부근,화물,남,52세,상해없음,승용,남,39세,경상
2018102900100586,2018년 10월 29일 19시,월요일,충청북도 충주시 호암동,중상사고,0,1,0,0,차대사람 - 차도통행중,안전운전불이행,건조,맑음,단일로 - 기타,승용,남,44세,상해없음,보행자,남,59세,중상
2018102900100615,2018년 10월 29일 20시,월요일,충청북도 청주시 청원구 내덕동,경상사고,0,0,1,0,차대차 - 기타,안전운전불이행,건조,맑음,교차로 - 교차로부근,승용,여,30세,상해없음,승용,여,52세,경상
2018102900100637,2018년 10월 29일 21시,월요일,충청북도 진천군 이월면,경상사고,0,0,1,0,차대차 - 기타,신호위반,건조,맑음,교차로 - 교차로안,승용,남,56세,상해없음,승용,남,25세,경상
2018102900100657,2018년 10월 29일 22시,월요일,충청북도 증평군 증평읍,경상사고,0,0,3,0,차대차 - 측면충돌,신호위반,건조,맑음,교차로 - 교차로안,승용,여,33세,경상,승용,여,55세,경상
2018102900100658,2018년 10월 29일 22시,월요일,충청북도 청주시 흥덕구 외북동,경상사고,0,0,2,0,차대차 - 추돌,안전운전불이행,건조,맑음,교차로 - 교차로부근,승용,남,27세,상해없음,승용,남,22세,경상
2018103000100009,2018년 10월 30일 00시,화요일,충청북도 청주시 흥덕구 오송읍,중상사고,0,1,0,0,차량단독 - 기타,안전운전불이행,건조,맑음,단일로 - 기타,기타불명,남,56세,중상,,,,
2018103000100050,2018년 10월 30일 05시,화요일,충청북도 제천시 서부동,경상사고,0,0,1,0,차대차 - 측면충돌,신호위반,건조,맑음,교차로 - 교차로안,승용,남,74세,상해없음,승용,남,56세,경상
2018103000100085,2018년 10월 30일 07시,화요일,충청북도 청주시 상당구 북문로2가동,사망사고,1,0,0,0,차대차 - 측면충돌,신호위반,건조,맑음,교차로 - 교차로안,자전거,남,83세,사망,승용,남,74세,상해없음
2018103000100086,2018년 10월 30일 07시,화요일,충청북도 청주시 흥덕구 수의동,경상사고,0,0,1,0,차대차 - 추돌,안전운전불이행,건조,맑음,단일로 - 기타,승용,여,53세,상해없음,승용,남,29세,경상
2018103000100120,2018년 10월 30일 08시,화요일,충청북도 진천군 진천읍,경상사고,0,0,1,0,차대차 - 기타,안전거리미확보,건조,맑음,단일로 - 기타,승용,남,43세,상해없음,화물,남,48세,상해없음
2018103000100175,2018년 10월 30일 09시,화요일,충청북도 청주시 상당구 문의면,중상사고,0,1,1,0,차량단독 - 도로외이탈 - 추락,안전운전불이행,건조,맑음,단일로 - 지하차도(도로)내,화물,남,73세,경상,,,,
2018103000100208,2018년 10월 30일 10시,화요일,충청북도 청주시 상당구 석교동,경상사고,0,0,4,0,차대차 - 기타,안전운전불이행,건조,맑음,교차로 - 교차로안,화물,남,52세,상해없음,승용,여,58세,경상
2018103000100241,2018년 10월 30일 11시,화요일,충청북도 청주시 서원구 수곡동,중상사고,0,1,0,0,차대차 - 측면충돌,안전운전불이행,건조,맑음,단일로 - 지하차도(도로)내,승합,남,41세,상해없음,자전거,여,58세,중상
2018103000100242,2018년 10월 30일 11시,화요일,충청북도 청주시 상당구 금천동,경상사고,0,0,2,0,차대차 - 측면충돌,교차로운행방법위반,건조,맑음,교차로 - 교차로안,승용,여,59세,경상,승용,여,68세,경상
2018103000100275,2018년 10월 30일 12시,화요일,충청북도 충주시 연수동,중상사고,0,1,0,0,차대차 - 기타,신호위반,건조,맑음,교차로 - 교차로안,승용,여,44세,상해없음,승용,여,26세,중상
2018103000100305,2018년 10월 30일 13시,화요일,충청북도 충주시 충인동,경상사고,0,0,1,0,차대사람 - 차도통행중,안전운전불이행,건조,맑음,교차로 - 교차로부근,승용,남,65세,상해없음,보행자,여,21세,경상
2018103000100378,2018년 10월 30일 15시,화요일,충청북도 제천시 남천동,경상사고,0,0,1,0,차대사람 - 기타,안전운전불이행,건조,맑음,단일로 - 기타,승용,남,52세,상해없음,보행자,남,34세,경상
2018103000100379,2018년 10월 30일 15시,화요일,충청북도 제천시 장락동,경상사고,0,0,1,0,차대사람 - 횡단중,보행자보호의무위반,건조,맑음,교차로 - 교차로횡단보도내,승용,여,34세,상해없음,보행자,남,8세,경상
2018103000100380,2018년 10월 30일 15시,화요일,충청북도 청주시 서원구 개신동,경상사고,0,0,1,0,차대차 - 측면충돌,안전운전불이행,건조,맑음,교차로 - 교차로부근,승용,남,71세,상해없음,승용,여,41세,경상
2018103000100381,2018년 10월 30일 15시,화요일,충청북도 청주시 상당구 남일면,중상사고,0,2,0,0,차대차 - 기타,안전운전불이행,건조,맑음,단일로 - 기타,이륜,남,78세,중상,승용,여,61세,중상
2018103000100416,2018년 10월 30일 16시,화요일,충청북도 음성군 삼성면,중상사고,0,1,0,0,차대사람 - 횡단중,안전운전불이행,건조,맑음,교차로 - 교차로안,화물,남,25세,상해없음,보행자,여,73세,중상
2018103000100417,2018년 10월 30일 16시,화요일,충청북도 단양군 단양읍,중상사고,0,2,0,0,차대차 - 기타,안전운전불이행,건조,맑음,교차로 - 교차로안,승합,남,44세,상해없음,승용,남,46세,중상
2018103000100418,2018년 10월 30일 16시,화요일,충청북도 청주시 흥덕구 석곡동,경상사고,0,0,1,0,차대차 - 추돌,안전운전불이행,건조,맑음,교차로 - 교차로안,승합,남,26세,상해없음,화물,남,46세,경상
2018103000100466,2018년 10월 30일 17시,화요일,충청북도 진천군 이월면,경상사고,0,0,1,0,차대차 - 측면충돌,기타,건조,맑음,교차로 - 교차로안,승합,남,70세,상해없음,승용,남,59세,경상
2018103000100467,2018년 10월 30일 17시,화요일,충청북도 청주시 서원구 수곡동,경상사고,0,0,2,0,차대차 - 기타,안전운전불이행,건조,맑음,교차로 - 교차로안,이륜,남,42세,경상,이륜,남,55세,경상
2018103000100513,2018년 10월 30일 18시,화요일,충청북도 충주시 살미면,중상사고,0,1,1,1,차대차 - 정면충돌,신호위반,건조,맑음,교차로 - 교차로안,화물,남,54세,부상신고,승합,남,51세,중상
2018103000100514,2018년 10월 30일 18시,화요일,충청북도 제천시 청전동,경상사고,0,0,1,0,차대사람 - 보도통행중,보행자보호의무위반,건조,맑음,교차로 - 교차로횡단보도내,승용,여,64세,상해없음,보행자,남,59세,경상
2018103000100515,2018년 10월 30일 18시,화요일,충청북도 청주시 흥덕구 신촌동,경상사고,0,0,1,0,차대차 - 기타,교차로운행방법위반,건조,맑음,교차로 - 교차로안,화물,남,39세,상해없음,승용,남,37세,경상
2018103000100516,2018년 10월 30일 18시,화요일,충청북도 청주시 서원구 수곡동,중상사고,0,1,0,0,차대사람 - 횡단중,신호위반,건조,맑음,교차로 - 교차로횡단보도내,이륜,남,26세,상해없음,보행자,여,65세,중상
2018103000100517,2018년 10월 30일 18시,화요일,충청북도 청주시 서원구 모충동,경상사고,0,0,1,0,차대사람 - 횡단중,보행자보호의무위반,건조,맑음,교차로 - 교차로횡단보도내,화물,남,66세,상해없음,보행자,여,43세,경상
2018103000100518,2018년 10월 30일 18시,화요일,충청북도 청주시 상당구 미원면,중상사고,0,1,0,0,차대사람 - 횡단중,안전운전불이행,건조,맑음,단일로 - 지하차도(도로)내,승용,여,53세,상해없음,보행자,여,88세,중상
2018103000100575,2018년 10월 30일 19시,화요일,충청북도 청주시 청원구 사천동,경상사고,0,0,3,0,차대차 - 기타,교차로운행방법위반,건조,맑음,교차로 - 교차로안,승용,남,39세,경상,승용,남,49세,상해없음
2018103000100618,2018년 10월 30일 20시,화요일,충청북도 청주시 흥덕구 복대동,부상신고사고,0,0,0,1,차대차 - 기타,안전운전불이행,건조,맑음,교차로 - 교차로부근,승용,남,52세,상해없음,자전거,남,21세,부상신고
2018103000100650,2018년 10월 30일 21시,화요일,충청북도 충주시 연수동,경상사고,0,0,1,0,차대사람 - 기타,안전운전불이행,건조,맑음,단일로 - 기타,기타불명,기타불명,미분류,기타불명,보행자,남,26세,경상
2018103000100679,2018년 10월 30일 22시,화요일,충청북도 청주시 흥덕구 복대동,경상사고,0,0,1,0,차대차 - 측면충돌,안전운전불이행,건조,맑음,교차로 - 교차로부근,개인형이동수단(PM),남,33세,경상,승용,남,50세,상해없음
2018103100100010,2018년 10월 31일 00시,수요일,충청북도 충주시 대소원면,경상사고,0,0,1,0,차량단독 - 도로외이탈 - 기타,안전운전불이행,건조,맑음,기타 - 기타,승용,남,39세,경상,,,,
2018103100100116,2018년 10월 31일 08시,수요일,충청북도 청주시 서원구 수곡동,경상사고,0,0,1,0,차대사람 - 길가장자리구역통행중,안전운전불이행,건조,맑음,교차로 - 교차로부근,승합,남,50세,상해없음,보행자,여,61세,경상
2018103100100188,2018년 10월 31일 10시,수요일,충청북도 청주시 서원구 사창동,경상사고,0,0,1,0,차대차 - 측면충돌,안전운전불이행,건조,맑음,단일로 - 기타,이륜,남,22세,경상,승용,남,26세,상해없음
2018103100100223,2018년 10월 31일 11시,수요일,충청북도 충주시 연수동,경상사고,0,0,1,0,차대사람 - 보도통행중,기타,건조,맑음,단일로 - 기타,이륜,남,25세,상해없음,보행자,여,34세,경상
2018103100100224,2018년 10월 31일 11시,수요일,충청북도 청주시 흥덕구 강내면,경상사고,0,0,2,0,차대차 - 측면충돌,중앙선침범,건조,맑음,단일로 - 기타,승용,여,63세,경상,승합,남,34세,경상
2018103100100225,2018년 10월 31일 11시,수요일,충청북도 청주시 흥덕구 휴암동,경상사고,0,0,1,0,차대차 - 기타,안전운전불이행,건조,맑음,기타 - 기타,특수,남,44세,상해없음,승용,여,40세,경상
2018103100100256,2018년 10월 31일 12시,수요일,충청북도 청주시 상당구 북문로2가동,경상사고,0,0,2,0,차대차 - 후진중충돌,안전운전불이행,건조,맑음,교차로 - 교차로부근,승용,남,49세,상해없음,승용,여,45세,경상
2018103100100257,2018년 10월 31일 12시,수요일,충청북도 음성군 감곡면,경상사고,0,0,2,0,차대차 - 측면충돌,교차로운행방법위반,건조,맑음,교차로 - 교차로안,화물,남,52세,상해없음,승용,남,23세,경상
2018103100100258,2018년 10월 31일 12시,수요일,충청북도 청주시 흥덕구 비하동,경상사고,0,0,1,0,차대차 - 기타,안전운전불이행,건조,맑음,교차로 - 교차로안,승용,여,42세,상해없음,승용,남,63세,상해없음
2018103100100292,2018년 10월 31일 13시,수요일,충청북도 보은군 보은읍,경상사고,0,0,1,0,차대사람 - 기타,안전운전불이행,건조,맑음,단일로 - 지하차도(도로)내,승용,남,71세,상해없음,보행자,남,51세,경상
2018103100100293,2018년 10월 31일 13시,수요일,충청북도 옥천군 군서면,사망사고,1,0,0,0,차대차 - 측면충돌,교차로운행방법위반,건조,맑음,교차로 - 교차로안,이륜,남,80세,사망,승용,남,68세,상해없음
2018103100100398,2018년 10월 31일 16시,수요일,충청북도 음성군 대소면,중상사고,0,2,0,0,차대차 - 측면충돌,교차로운행방법위반,건조,맑음,교차로 - 교차로안,화물,남,52세,상해없음,원동기,남,78세,중상
2018103100100399,2018년 10월 31일 16시,수요일,충청북도 청주시 흥덕구 가경동,경상사고,0,0,1,0,차대사람 - 기타,불법유턴,건조,맑음,교차로 - 교차로안,승용,남,23세,상해없음,보행자,남,51세,경상
2018103100100400,2018년 10월 31일 16시,수요일,충청북도 청주시 서원구 수곡동,부상신고사고,0,0,0,1,차대차 - 기타,안전운전불이행,건조,맑음,교차로 - 교차로부근,이륜,남,29세,부상신고,이륜,남,38세,상해없음
2018103100100443,2018년 10월 31일 17시,수요일,충청북도 청주시 청원구 오창읍,경상사고,0,0,1,0,차대차 - 측면충돌,안전운전불이행,건조,맑음,교차로 - 교차로안,화물,남,75세,상해없음,승용,여,34세,경상
2018103100100444,2018년 10월 31일 17시,수요일,충청북도 청주시 흥덕구 향정동,경상사고,0,0,2,0,차대차 - 측면충돌,신호위반,건조,맑음,교차로 - 교차로안,이륜,남,30세,경상,화물,남,45세,상해없음
2018103100100491,2018년 10월 31일 18시,수요일,충청북도 청주시 서원구 사직동,경상사고,0,0,1,0,차대사람 - 기타,안전운전불이행,건조,맑음,단일로 - 기타,기타불명,기타불명,미분류,기타불명,보행자,여,18세,경상
2018103100100492,2018년 10월 31일 18시,수요일,충청북도 청주시 흥덕구 운천동,경상사고,0,0,1,0,차대차 - 추돌,안전운전불이행,건조,맑음,교차로 - 교차로부근,이륜,남,38세,상해없음,화물,남,40세,경상
2018103100100493,2018년 10월 31일 18시,수요일,충청북도 청주시 흥덕구 비하동,경상사고,0,0,1,0,차대사람 - 기타,기타,건조,맑음,기타 - 기타,승용,남,66세,상해없음,보행자,여,14세,경상
2018103100100568,2018년 10월 31일 19시,수요일,충청북도 충주시 연수동,경상사고,0,0,1,0,차대차 - 측면충돌,안전운전불이행,건조,흐림,단일로 - 기타,승용,남,24세,상해없음,승용,남,32세,상해없음
2018103100100569,2018년 10월 31일 19시,수요일,충청북도 청주시 흥덕구 강내면,경상사고,0,0,1,0,차대차 - 측면충돌,안전운전불이행,건조,맑음,교차로 - 교차로부근,화물,남,53세,상해없음,승용,남,27세,경상
2018103100100601,2018년 10월 31일 20시,수요일,충청북도 청주시 청원구 우암동,중상사고,0,2,0,0,차대차 - 기타,교차로운행방법위반,건조,맑음,교차로 - 교차로안,승용,남,30세,상해없음,승용,남,21세,중상
2018103100100624,2018년 10월 31일 21시,수요일,충청북도 증평군 증평읍,중상사고,0,1,0,0,차대차 - 측면충돌,중앙선침범,건조,맑음,교차로 - 교차로부근,승용,남,56세,상해없음,이륜,남,34세,중상
2018103100100625,2018년 10월 31일 21시,수요일,충청북도 음성군 대소면,중상사고,0,2,0,0,차대차 - 측면충돌,교차로운행방법위반,건조,맑음,교차로 - 교차로안,승용,남,31세,상해없음,승용,여,28세,중상
2018103100100650,2018년 10월 31일 22시,수요일,충청북도 청주시 서원구 모충동,중상사고,0,1,0,0,차대차 - 측면충돌,신호위반,건조,맑음,교차로 - 교차로안,승용,남,45세,상해없음,승용,남,22세,중상
2018110100100119,2018년 11월 1일 08시,목요일,충청북도 청주시 청원구 오창읍,중상사고,0,3,2,0,차대차 - 측면충돌,교차로운행방법위반,건조,맑음,교차로 - 교차로안,승용,남,32세,경상,승용,남,63세,중상
2018110100100120,2018년 11월 1일 08시,목요일,충청북도 청주시 청원구 내덕동,경상사고,0,0,2,0,차대차 - 기타,안전운전불이행,건조,맑음,단일로 - 기타,승용,여,60세,상해없음,승용,여,26세,경상
2018110100100121,2018년 11월 1일 08시,목요일,충청북도 제천시 서부동,중상사고,0,1,3,0,차대차 - 측면충돌,신호위반,건조,맑음,교차로 - 교차로안,승용,남,30세,경상,승용,여,33세,경상
2018110100100122,2018년 11월 1일 08시,목요일,충청북도 옥천군 청산면,중상사고,0,1,1,0,차대차 - 측면충돌,직진우회전진행방해,젖음/습기,안개,교차로 - 교차로안,이륜,여,61세,중상,승용,남,39세,경상
2018110100100168,2018년 11월 1일 09시,목요일,충청북도 충주시 봉방동,경상사고,0,0,1,0,차대차 - 후진중충돌,안전운전불이행,건조,맑음,기타 - 기타,승용,여,72세,상해없음,승용,여,49세,경상
2018110100100169,2018년 11월 1일 09시,목요일,충청북도 청주시 서원구 개신동,경상사고,0,0,1,0,차대차 - 측면충돌,안전운전불이행,건조,맑음,단일로 - 기타,기타불명,남,22세,경상,승용,남,26세,상해없음
2018110100100234,2018년 11월 1일 11시,목요일,충청북도 청주시 서원구 사직동,경상사고,0,0,4,0,차대차 - 기타,안전운전불이행,건조,맑음,교차로 - 교차로안,승용,남,72세,경상,승합,남,44세,경상
2018110100100235,2018년 11월 1일 11시,목요일,충청북도 진천군 이월면,중상사고,0,1,0,0,차대차 - 기타,안전운전불이행,건조,맑음,단일로 - 기타,승합,남,58세,상해없음,특수,남,62세,중상
2018110100100236,2018년 11월 1일 11시,목요일,충청북도 진천군 진천읍,중상사고,0,1,0,0,차대차 - 기타,신호위반,건조,맑음,교차로 - 교차로안,화물,남,71세,상해없음,승용,남,67세,중상
2018110100100237,2018년 11월 1일 11시,목요일,충청북도 청주시 서원구 분평동,경상사고,0,0,3,0,차대차 - 추돌,안전운전불이행,건조,맑음,단일로 - 지하차도(도로)내,승용,여,57세,상해없음,승용,여,53세,경상
2018110100100269,2018년 11월 1일 12시,목요일,충청북도 청주시 청원구 율량동,경상사고,0,0,1,0,차대차 - 측면충돌,직진우회전진행방해,건조,맑음,교차로 - 교차로안,이륜,남,86세,경상,화물,남,45세,상해없음
2018110100100297,2018년 11월 1일 13시,목요일,충청북도 충주시 살미면,경상사고,0,0,1,1,차대차 - 정면충돌,중앙선침범,건조,맑음,단일로 - 기타,승용,여,62세,부상신고,화물,남,50세,경상
2018110100100298,2018년 11월 1일 13시,목요일,충청북도 제천시 청전동,경상사고,0,0,1,0,차대차 - 측면충돌,안전운전불이행,건조,맑음,교차로 - 교차로횡단보도내,승용,남,47세,상해없음,이륜,남,38세,경상
2018110100100328,2018년 11월 1일 14시,목요일,충청북도 음성군 금왕읍,경상사고,0,0,1,0,차대사람 - 보도통행중,안전운전불이행,건조,맑음,단일로 - 기타,승용,남,37세,상해없음,보행자,남,66세,경상
2018110100100329,2018년 11월 1일 14시,목요일,충청북도 음성군 맹동면,경상사고,0,0,1,0,차대차 - 측면충돌,안전운전불이행,건조,맑음,단일로 - 기타,승용,여,50세,경상,승용,기타불명,미분류,기타불명
2018110100100375,2018년 11월 1일 15시,목요일,충청북도 괴산군 감물면,중상사고,0,1,1,0,차량단독 - 공작물충돌,안전운전불이행,건조,맑음,교차로 - 교차로안,화물,남,83세,경상,,,,
2018110100100376,2018년 11월 1일 15시,목요일,충청북도 음성군 맹동면,중상사고,0,1,0,0,차대차 - 측면충돌,중앙선침범,건조,맑음,단일로 - 기타,화물,남,38세,상해없음,이륜,남,66세,중상
2018110100100423,2018년 11월 1일 16시,목요일,충청북도 청주시 청원구 주중동,중상사고,0,1,1,0,차대차 - 기타,중앙선침범,건조,맑음,교차로 - 교차로부근,승용,남,67세,경상,승용,남,26세,중상
2018110100100424,2018년 11월 1일 16시,목요일,충청북도 보은군 마로면,중상사고,0,1,0,0,차대사람 - 길가장자리구역통행중,안전운전불이행,건조,맑음,단일로 - 지하차도(도로)내,승용,여,60세,상해없음,보행자,남,61세,중상
2018110100100461,2018년 11월 1일 17시,목요일,충청북도 청주시 청원구 내덕동,중상사고,0,1,0,0,차대차 - 기타,신호위반,건조,맑음,교차로 - 교차로부근,승용,여,54세,상해없음,승용,남,67세,중상
2018110100100462,2018년 11월 1일 17시,목요일,충청북도 청주시 흥덕구 향정동,중상사고,0,1,0,0,차대사람 - 횡단중,신호위반,건조,맑음,교차로 - 교차로횡단보도내,승용,남,73세,상해없음,보행자,여,27세,중상
2018110100100513,2018년 11월 1일 18시,목요일,충청북도 제천시 중앙로1가,중상사고,0,1,0,0,차대차 - 기타,안전운전불이행,건조,맑음,단일로 - 기타,승용,여,66세,상해없음,승용,남,41세,상해없음
2018110100100514,2018년 11월 1일 18시,목요일,충청북도 옥천군 옥천읍,경상사고,0,0,2,0,차대차 - 측면충돌,안전거리미확보,건조,맑음,단일로 - 기타,승용,여,48세,경상,승용,여,56세,경상
2018110100100515,2018년 11월 1일 18시,목요일,충청북도 청주시 상당구 금천동,중상사고,0,1,0,0,차대차 - 정면충돌,교차로운행방법위반,건조,맑음,교차로 - 교차로안,승용,남,49세,기타불명,원동기,남,26세,중상
2018110100100568,2018년 11월 1일 19시,목요일,충청북도 옥천군 옥천읍,중상사고,0,1,0,0,차대사람 - 횡단중,신호위반,건조,맑음,교차로 - 교차로부근,이륜,남,47세,상해없음,보행자,남,59세,중상
2018110100100569,2018년 11월 1일 19시,목요일,충청북도 진천군 덕산면,경상사고,0,0,1,0,차대차 - 측면충돌,직진우회전진행방해,건조,맑음,교차로 - 교차로안,화물,여,55세,기타불명,기타불명,기타불명,미분류,기타불명
2018110100100602,2018년 11월 1일 20시,목요일,충청북도 음성군 대소면,경상사고,0,0,3,0,차대차 - 측면충돌,기타,건조,맑음,교차로 - 교차로안,승용,남,38세,상해없음,승용,남,24세,경상
2018110100100664,2018년 11월 1일 22시,목요일,충청북도 청주시 흥덕구 비하동,중상사고,0,1,0,0,차대차 - 기타,신호위반,건조,맑음,교차로 - 교차로안,승용,남,50세,상해없음,이륜,남,40세,중상
2018110100100683,2018년 11월 1일 23시,목요일,충청북도 진천군 이월면,사망사고,1,0,0,0,차대사람 - 길가장자리구역통행중,안전운전불이행,건조,맑음,단일로 - 기타,승용,남,29세,상해없음,보행자,남,71세,사망
2018110100100684,2018년 11월 1일 23시,목요일,충청북도 진천군 진천읍,경상사고,0,0,1,0,차대차 - 기타,신호위반,건조,맑음,단일로 - 기타,승용,남,40세,상해없음,승용,남,50세,상해없음
2018110200100010,2018년 11월 2일 00시,금요일,충청북도 청주시 서원구 개신동,경상사고,0,0,1,0,차대사람 - 기타,안전운전불이행,건조,맑음,교차로 - 교차로안,승용,남,48세,상해없음,보행자,남,21세,경상
2018110200100068,2018년 11월 2일 06시,금요일,충청북도 옥천군 안내면,경상사고,0,0,1,0,차대차 - 추돌,안전거리미확보,젖음/습기,안개,단일로 - 기타,화물,남,34세,상해없음,화물,남,68세,상해없음
2018110200100069,2018년 11월 2일 06시,금요일,충청북도 청주시 서원구 죽림동,경상사고,0,0,1,0,차대차 - 측면충돌,안전운전불이행,건조,맑음,교차로 - 교차로부근,건설기계,남,69세,상해없음,화물,남,61세,경상
2018110200100070,2018년 11월 2일 06시,금요일,충청북도 청주시 흥덕구 가경동,중상사고,0,1,0,0,차대차 - 기타,신호위반,건조,맑음,교차로 - 교차로안,승용,남,50세,상해없음,승용,남,44세,중상
2018110200100081,2018년 11월 2일 07시,금요일,충청북도 청주시 청원구 내수읍,중상사고,0,1,1,0,차대차 - 측면충돌,신호위반,건조,맑음,교차로 - 교차로안,이륜,남,74세,중상,승용,여,61세,경상
2018110200100127,2018년 11월 2일 08시,금요일,충청북도 청주시 청원구 오창읍,중상사고,0,1,1,0,차대차 - 기타,중앙선침범,건조,맑음,교차로 - 교차로부근,승용,여,35세,경상,승용,여,24세,중상
2018110200100128,2018년 11월 2일 08시,금요일,충청북도 옥천군 옥천읍,경상사고,0,0,1,0,차대차 - 측면충돌,교차로운행방법위반,건조,맑음,교차로 - 교차로안,승용,남,37세,상해없음,승용,남,48세,상해없음
2018110200100129,2018년 11월 2일 08시,금요일,충청북도 청주시 흥덕구 송정동,경상사고,0,0,1,0,차대사람 - 횡단중,안전운전불이행,건조,맑음,교차로 - 교차로부근,승용,남,45세,상해없음,보행자,남,36세,경상
2018110200100130,2018년 11월 2일 08시,금요일,충청북도 청주시 흥덕구 송정동,경상사고,0,0,1,0,차대차 - 측면충돌,안전운전불이행,건조,맑음,교차로 - 교차로안,화물,남,63세,상해없음,승용,남,69세,경상
2018110200100179,2018년 11월 2일 09시,금요일,충청북도 보은군 보은읍,경상사고,0,0,1,0,차대차 - 측면충돌,신호위반,건조,맑음,교차로 - 교차로안,승합,남,59세,상해없음,승용,남,72세,경상
2018110200100180,2018년 11월 2일 09시,금요일,충청북도 옥천군 청산면,중상사고,0,1,0,0,차대차 - 측면충돌,안전운전불이행,건조,맑음,교차로 - 교차로부근,이륜,여,77세,중상,승용,남,72세,상해없음
2018110200100181,2018년 11월 2일 09시,금요일,충청북도 청주시 흥덕구 가경동,경상사고,0,0,1,0,차량단독 - 기타,안전운전불이행,건조,맑음,단일로 - 기타,승합,남,54세,상해없음,,,,
2018110200100182,2018년 11월 2일 09시,금요일,충청북도 청주시 상당구 석교동,중상사고,0,1,0,0,차대사람 - 길가장자리구역통행중,안전운전불이행,건조,맑음,단일로 - 지하차도(도로)내,승용,남,37세,상해없음,보행자,여,75세,중상
2018110200100183,2018년 11월 2일 09시,금요일,충청북도 청주시 서원구 수곡동,경상사고,0,0,2,0,차대차 - 추돌,안전거리미확보,건조,맑음,교차로 - 교차로안,승용,여,52세,상해없음,승용,여,44세,경상