사고번호,사고일시,요일,시군구,사고내용,사망자수,중상자수,경상자수,부상신고자수,사고유형,법규위반,노면상태,기상상태,도로형태,가해운전자 차종,가해운전자 성별,가해운전자 연령,가해운전자 상해정도,피해운전자 차종,피해운전자 성별,피해운전자 연령,피해운전자 상해정도
2018110200100218,2018년 11월 2일 10시,금요일,충청북도 제천시 중앙로1가,중상사고,0,1,1,0,차대차 - 추돌,안전운전불이행,건조,맑음,교차로 - 교차로부근,화물,남,65세,상해없음,화물,남,72세,중상
2018110200100298,2018년 11월 2일 12시,금요일,충청북도 청주시 청원구 율량동,경상사고,0,0,5,0,차대차 - 기타,안전운전불이행,건조,맑음,교차로 - 교차로안,화물,남,63세,상해없음,승용,남,60세,경상
2018110200100299,2018년 11월 2일 12시,금요일,충청북도 충주시 봉방동,경상사고,0,0,1,0,차대차 - 기타,안전운전불이행,건조,맑음,단일로 - 기타,화물,남,46세,상해없음,화물,남,28세,경상
2018110200100300,2018년 11월 2일 12시,금요일,충청북도 충주시 칠금동,경상사고,0,0,4,0,차대차 - 기타,신호위반,건조,맑음,교차로 - 교차로안,승용,여,41세,경상,승용,여,23세,경상
2018110200100385,2018년 11월 2일 14시,금요일,충청북도 충주시 문화동,경상사고,0,0,1,0,차대차 - 기타,안전운전불이행,건조,맑음,교차로 - 교차로안,승합,남,61세,상해없음,자전거,여,51세,경상
2018110200100386,2018년 11월 2일 14시,금요일,충청북도 청주시 흥덕구 송정동,경상사고,0,0,2,0,차대차 - 측면충돌,직진우회전진행방해,건조,맑음,교차로 - 교차로안,화물,남,28세,상해없음,승용,여,48세,경상
2018110200100469,2018년 11월 2일 16시,금요일,충청북도 청주시 서원구 개신동,경상사고,0,0,2,0,차대차 - 측면충돌,차로위반,건조,맑음,단일로 - 기타,승용,남,71세,상해없음,화물,여,47세,경상
2018110200100470,2018년 11월 2일 16시,금요일,충청북도 충주시 달천동,중상사고,0,2,7,0,차대차 - 추돌,안전운전불이행,건조,맑음,단일로 - 교량,승용,남,34세,경상,화물,남,64세,상해없음
2018110200100471,2018년 11월 2일 16시,금요일,충청북도 음성군 감곡면,중상사고,0,1,0,0,차대사람 - 보도통행중,안전운전불이행,건조,맑음,교차로 - 교차로안,승용,여,27세,상해없음,보행자,여,74세,중상
2018110200100472,2018년 11월 2일 16시,금요일,충청북도 청주시 흥덕구 가경동,경상사고,0,0,1,0,차대차 - 기타,교차로운행방법위반,건조,맑음,교차로 - 교차로안,승용,여,28세,상해없음,승합,남,54세,상해없음
2018110200100473,2018년 11월 2일 16시,금요일,충청북도 청주시 상당구 용암동,중상사고,0,1,0,0,차대사람 - 횡단중,안전운전불이행,건조,맑음,단일로 - 기타,승용,남,26세,상해없음,보행자,남,43세,중상
2018110200100532,2018년 11월 2일 17시,금요일,충청북도 제천시 모산동,경상사고,0,0,2,0,차대차 - 측면충돌,안전운전불이행,건조,맑음,교차로 - 교차로안,화물,남,55세,상해없음,승용,남,67세,경상
2018110200100533,2018년 11월 2일 17시,금요일,충청북도 음성군 맹동면,경상사고,0,0,2,0,차대차 - 측면충돌,신호위반,건조,맑음,교차로 - 교차로안,승용,남,50세,경상,승용,남,60세,경상
2018110200100534,2018년 11월 2일 17시,금요일,충청북도 음성군 음성읍,경상사고,0,0,1,0,차대차 - 측면충돌,안전운전불이행,건조,맑음,단일로 - 기타,승용,남,51세,상해없음,승용,남,36세,경상
2018110200100535,2018년 11월 2일 17시,금요일,충청북도 진천군 진천읍,중상사고,0,1,0,0,차대사람 - 횡단중,신호위반,건조,맑음,교차로 - 교차로안,승용,여,57세,상해없음,보행자,여,79세,중상
2018110200100536,2018년 11월 2일 17시,금요일,충청북도 청주시 상당구 가덕면,중상사고,0,1,0,0,차대차 - 측면충돌,신호위반,건조,맑음,교차로 - 교차로부근,승용,여,62세,상해없음,승용,여,62세,중상
2018110200100593,2018년 11월 2일 18시,금요일,충청북도 충주시 금릉동,중상사고,0,1,0,0,차대차 - 추돌,안전운전불이행,건조,맑음,단일로 - 기타,승합,남,39세,상해없음,승용,남,28세,중상
2018110200100594,2018년 11월 2일 18시,금요일,충청북도 충주시 교현동,경상사고,0,0,1,0,차대차 - 기타,안전운전불이행,건조,맑음,기타 - 기타,화물,남,46세,상해없음,자전거,남,11세,경상
2018110200100595,2018년 11월 2일 18시,금요일,충청북도 충주시 용두동,경상사고,0,0,1,0,차대차 - 추돌,안전운전불이행,건조,맑음,단일로 - 기타,화물,남,65세,상해없음,승용,남,34세,경상
2018110200100596,2018년 11월 2일 18시,금요일,충청북도 제천시 명동,중상사고,0,1,0,0,차대차 - 측면충돌,안전운전불이행,건조,맑음,교차로 - 교차로안,승용,남,60세,상해없음,이륜,남,28세,중상
2018110200100597,2018년 11월 2일 18시,금요일,충청북도 제천시 신월동,경상사고,0,0,2,0,차대차 - 측면충돌,안전운전불이행,건조,맑음,교차로 - 교차로부근,기타불명,기타불명,미분류,기타불명,화물,남,48세,경상
2018110200100598,2018년 11월 2일 18시,금요일,충청북도 옥천군 옥천읍,중상사고,0,1,0,0,차대사람 - 기타,안전운전불이행,건조,맑음,교차로 - 교차로부근,화물,남,54세,상해없음,보행자,남,64세,중상
2018110200100599,2018년 11월 2일 18시,금요일,충청북도 진천군 진천읍,경상사고,0,0,2,0,차대차 - 추돌,안전운전불이행,건조,맑음,교차로 - 교차로부근,승용,남,61세,상해없음,승용,여,46세,경상
2018110200100600,2018년 11월 2일 18시,금요일,충청북도 청주시 흥덕구 비하동,경상사고,0,0,1,0,차대사람 - 횡단중,보행자보호의무위반,건조,맑음,교차로 - 교차로횡단보도내,승용,남,42세,상해없음,보행자,남,47세,경상
2018110200100676,2018년 11월 2일 19시,금요일,충청북도 영동군 매곡면,중상사고,0,1,0,0,차대사람 - 횡단중,보행자보호의무위반,건조,맑음,단일로 - 기타,승용,여,59세,상해없음,보행자,남,60세,중상
2018110200100677,2018년 11월 2일 19시,금요일,충청북도 청주시 흥덕구 가경동,경상사고,0,0,1,0,차대차 - 기타,안전운전불이행,건조,맑음,교차로 - 교차로안,승용,남,65세,상해없음,승용,남,32세,경상
2018110200100725,2018년 11월 2일 20시,금요일,충청북도 청주시 청원구 내덕동,경상사고,0,0,1,0,차대차 - 기타,안전운전불이행,건조,맑음,단일로 - 기타,승용,여,58세,상해없음,승용,남,29세,경상
2018110200100726,2018년 11월 2일 20시,금요일,충청북도 청주시 흥덕구 송정동,경상사고,0,0,2,0,차대차 - 기타,안전거리미확보,건조,맑음,단일로 - 기타,승용,남,32세,경상,이륜,남,26세,경상
2018110200100763,2018년 11월 2일 21시,금요일,충청북도 제천시 서부동,중상사고,0,1,0,0,차대차 - 측면충돌,신호위반,건조,맑음,교차로 - 교차로횡단보도내,자전거,남,59세,중상,승용,여,58세,상해없음
2018110200100764,2018년 11월 2일 21시,금요일,충청북도 제천시 모산동,경상사고,0,0,2,0,차대차 - 정면충돌,신호위반,건조,맑음,교차로 - 교차로안,승용,남,32세,경상,승용,여,51세,경상
2018110200100765,2018년 11월 2일 21시,금요일,충청북도 청주시 서원구 산남동,경상사고,0,0,2,0,차대차 - 추돌,안전운전불이행,건조,맑음,교차로 - 교차로부근,승용,남,49세,상해없음,승용,여,40세,경상
2018110300100008,2018년 11월 3일 00시,토요일,충청북도 청주시 흥덕구 복대동,경상사고,0,0,1,0,차대차 - 기타,안전운전불이행,건조,맑음,기타 - 기타,승용,남,18세,상해없음,승용,남,52세,경상
2018110300100043,2018년 11월 3일 02시,토요일,충청북도 제천시 장락동,경상사고,0,0,1,0,차대차 - 추돌,안전운전불이행,건조,맑음,교차로 - 교차로부근,화물,남,42세,상해없음,승용,남,33세,경상
2018110300100044,2018년 11월 3일 02시,토요일,충청북도 청주시 흥덕구 복대동,경상사고,0,0,5,0,차대차 - 추돌,안전운전불이행,건조,맑음,단일로 - 기타,승용,남,26세,상해없음,승용,남,50세,경상
2018110300100070,2018년 11월 3일 05시,토요일,충청북도 제천시 교동,중상사고,0,1,0,0,차대사람 - 횡단중,안전운전불이행,건조,맑음,교차로 - 교차로안,승용,여,62세,상해없음,보행자,남,23세,중상
2018110300100087,2018년 11월 3일 06시,토요일,충청북도 청주시 흥덕구 외북동,중상사고,0,1,0,0,차대차 - 기타,교차로운행방법위반,건조,맑음,교차로 - 교차로안,승용,남,54세,상해없음,이륜,남,59세,중상
2018110300100104,2018년 11월 3일 07시,토요일,충청북도 청주시 상당구 문의면,중상사고,0,1,1,0,차대차 - 측면충돌,신호위반,젖음/습기,안개,교차로 - 교차로안,승용,남,83세,중상,화물,남,76세,경상
2018110300100119,2018년 11월 3일 08시,토요일,충청북도 옥천군 안내면,경상사고,0,0,1,0,차대차 - 측면충돌,안전운전불이행,건조,맑음,단일로 - 기타,승용,남,33세,상해없음,승용,남,72세,상해없음
2018110300100120,2018년 11월 3일 08시,토요일,충청북도 청주시 흥덕구 복대동,경상사고,0,0,1,0,차대차 - 추돌,안전운전불이행,건조,맑음,교차로 - 교차로부근,승용,남,25세,상해없음,승용,남,24세,경상
2018110300100215,2018년 11월 3일 11시,토요일,충청북도 청주시 청원구 우암동,경상사고,0,0,1,0,차대차 - 측면충돌,안전운전불이행,건조,맑음,단일로 - 기타,화물,남,71세,상해없음,승용,남,55세,경상
2018110300100216,2018년 11월 3일 11시,토요일,충청북도 청주시 청원구 오동동,중상사고,0,1,0,0,차대차 - 기타,교차로운행방법위반,건조,맑음,교차로 - 교차로안,승용,남,35세,상해없음,이륜,여,68세,중상
2018110300100217,2018년 11월 3일 11시,토요일,충청북도 음성군 음성읍,중상사고,0,1,2,0,차대차 - 측면충돌,교차로운행방법위반,건조,맑음,교차로 - 교차로안,승용,남,60세,경상,승용,여,26세,중상
2018110300100266,2018년 11월 3일 12시,토요일,충청북도 보은군 수한면,사망사고,1,0,0,0,차량단독 - 도로외이탈 - 추락,안전운전불이행,건조,맑음,단일로 - 지하차도(도로)내,화물,남,55세,사망,,,,
2018110300100347,2018년 11월 3일 14시,토요일,충청북도 충주시 연수동,경상사고,0,0,1,0,차대차 - 기타,안전거리미확보,건조,맑음,단일로 - 기타,승용,여,36세,상해없음,승용,남,34세,경상
2018110300100348,2018년 11월 3일 14시,토요일,충청북도 보은군 보은읍,경상사고,0,0,2,0,차대차 - 추돌,안전운전불이행,건조,맑음,교차로 - 교차로부근,승용,남,69세,상해없음,승용,남,42세,경상
2018110300100381,2018년 11월 3일 15시,토요일,충청북도 청주시 흥덕구 가경동,경상사고,0,0,1,0,차대차 - 측면충돌,안전운전불이행,건조,맑음,교차로 - 교차로안,승합,남,60세,상해없음,승합,남,40세,경상
2018110300100419,2018년 11월 3일 16시,토요일,충청북도 청주시 청원구 오창읍,경상사고,0,0,1,0,차대차 - 기타,신호위반,건조,맑음,교차로 - 교차로안,승용,여,61세,경상,화물,남,60세,상해없음
2018110300100464,2018년 11월 3일 17시,토요일,충청북도 영동군 영동읍,중상사고,0,1,0,0,차량단독 - 전도전복 - 전도,안전운전불이행,건조,맑음,단일로 - 기타,이륜,남,35세,중상,미분류,미분류,미분류,미분류
2018110300100510,2018년 11월 3일 18시,토요일,충청북도 청주시 청원구 오창읍,경상사고,0,0,1,0,차대차 - 기타,안전운전불이행,건조,맑음,교차로 - 교차로부근,승용,남,56세,상해없음,승용,남,45세,상해없음
2018110300100511,2018년 11월 3일 18시,토요일,충청북도 충주시 연수동,중상사고,0,1,0,0,차대사람 - 횡단중,보행자보호의무위반,건조,맑음,교차로 - 교차로안,승용,남,58세,상해없음,보행자,여,76세,중상
2018110300100512,2018년 11월 3일 18시,토요일,충청북도 증평군 증평읍,경상사고,0,0,6,0,차대차 - 측면충돌,신호위반,건조,맑음,교차로 - 교차로횡단보도내,승용,남,38세,상해없음,승용,남,41세,경상
2018110300100560,2018년 11월 3일 19시,토요일,충청북도 괴산군 소수면,경상사고,0,0,1,0,차대차 - 정면충돌,중앙선침범,건조,맑음,단일로 - 기타,이륜,남,30세,경상,승용,남,58세,상해없음
2018110300100561,2018년 11월 3일 19시,토요일,충청북도 음성군 원남면,중상사고,0,4,0,1,차대차 - 측면충돌,안전운전불이행,건조,맑음,단일로 - 기타,화물,남,75세,중상,승용,남,62세,중상
2018110300100588,2018년 11월 3일 20시,토요일,충청북도 청주시 흥덕구 비하동,경상사고,0,0,3,0,차대차 - 측면충돌,안전운전불이행,건조,맑음,단일로 - 기타,승용,남,64세,경상,승용,남,24세,경상
2018110300100625,2018년 11월 3일 22시,토요일,충청북도 청주시 흥덕구 봉명동,경상사고,0,0,2,0,차대차 - 측면충돌,교차로운행방법위반,건조,맑음,교차로 - 교차로부근,승용,남,56세,상해없음,승용,남,59세,상해없음
2018110300100648,2018년 11월 3일 23시,토요일,충청북도 청주시 청원구 내덕동,경상사고,0,0,2,0,차대차 - 정면충돌,중앙선침범,건조,맑음,단일로 - 기타,승용,남,65세,상해없음,승용,여,25세,경상
2018110300100649,2018년 11월 3일 23시,토요일,충청북도 청주시 상당구 용암동,중상사고,0,1,0,0,차대사람 - 횡단중,안전운전불이행,건조,맑음,단일로 - 지하차도(도로)내,이륜,남,27세,상해없음,보행자,남,12세,중상
2018110400100023,2018년 11월 4일 01시,일요일,충청북도 음성군 음성읍,경상사고,0,0,1,0,차량단독 - 공작물충돌,안전운전불이행,건조,맑음,단일로 - 기타,승용,여,52세,경상,,,,
2018110400100024,2018년 11월 4일 01시,일요일,충청북도 청주시 흥덕구 가경동,경상사고,0,0,1,0,차대차 - 측면충돌,안전운전불이행,건조,맑음,교차로 - 교차로안,승용,남,49세,상해없음,승용,남,22세,경상
2018110400100075,2018년 11월 4일 06시,일요일,충청북도 청주시 청원구 오창읍,경상사고,0,0,1,0,차대차 - 기타,안전운전불이행,건조,맑음,교차로 - 교차로부근,승용,남,71세,상해없음,승합,남,54세,경상
2018110400100087,2018년 11월 4일 07시,일요일,충청북도 제천시 화산동,경상사고,0,0,1,0,차대사람 - 길가장자리구역통행중,안전운전불이행,건조,맑음,교차로 - 교차로부근,승용,여,41세,상해없음,보행자,여,80세,경상
2018110400100110,2018년 11월 4일 09시,일요일,충청북도 청주시 흥덕구 가경동,경상사고,0,0,1,0,차대차 - 기타,신호위반,건조,맑음,단일로 - 지하차도(도로)내,승용,여,53세,상해없음,승용,여,53세,경상
2018110400100111,2018년 11월 4일 09시,일요일,충청북도 청주시 상당구 남일면,경상사고,0,0,1,0,차량단독 - 공작물충돌,안전운전불이행,건조,맑음,단일로 - 기타,승용,남,23세,경상,,,,
2018110400100140,2018년 11월 4일 10시,일요일,충청북도 충주시 단월동,경상사고,0,0,3,0,차대차 - 기타,안전운전불이행,건조,맑음,교차로 - 교차로부근,화물,남,52세,상해없음,승용,남,69세,경상
2018110400100141,2018년 11월 4일 10시,일요일,충청북도 청주시 서원구 현도면,부상신고사고,0,0,0,1,차대차 - 측면충돌,중앙선침범,건조,맑음,단일로 - 기타,자전거,여,37세,부상신고,승합,남,57세,상해없음
2018110400100163,2018년 11월 4일 11시,일요일,충청북도 청주시 청원구 율량동,중상사고,0,1,0,0,차대차 - 측면충돌,교차로운행방법위반,건조,맑음,교차로 - 교차로안,승용,남,42세,상해없음,이륜,남,36세,중상
2018110400100198,2018년 11월 4일 12시,일요일,충청북도 청주시 상당구 용암동,중상사고,0,1,0,0,차대사람 - 기타,안전운전불이행,건조,맑음,단일로 - 기타,승용,남,33세,상해없음,보행자,남,20세,중상
2018110400100226,2018년 11월 4일 13시,일요일,충청북도 단양군 단양읍,중상사고,0,1,1,0,차대차 - 추돌,안전거리미확보,건조,맑음,단일로 - 기타,이륜,남,44세,상해없음,승용,남,58세,상해없음
2018110400100230,2018년 11월 4일 13시,일요일,충청북도 옥천군 옥천읍,중상사고,0,1,0,0,차대차 - 추돌,과속,건조,맑음,기타 - 기타,승용,여,66세,기타불명,승용,여,48세,중상
2018110400100265,2018년 11월 4일 14시,일요일,충청북도 청주시 청원구 율량동,중상사고,0,1,0,0,차대사람 - 횡단중,보행자보호의무위반,건조,맑음,교차로 - 교차로횡단보도내,승용,여,56세,상해없음,보행자,남,9세,중상
2018110400100297,2018년 11월 4일 15시,일요일,충청북도 충주시 연수동,경상사고,0,0,2,1,차대차 - 측면충돌,교차로운행방법위반,건조,맑음,교차로 - 교차로안,승용,여,64세,부상신고,승용,남,53세,경상
2018110400100298,2018년 11월 4일 15시,일요일,충청북도 제천시 한수면,중상사고,0,1,0,0,차대차 - 측면충돌,안전거리미확보,건조,맑음,단일로 - 지하차도(도로)내,승용,남,44세,상해없음,이륜,남,29세,중상
2018110400100338,2018년 11월 4일 16시,일요일,충청북도 충주시 연수동,경상사고,0,0,2,0,차대차 - 기타,신호위반,건조,맑음,교차로 - 교차로부근,이륜,남,23세,경상,승용,남,26세,경상
2018110400100368,2018년 11월 4일 17시,일요일,충청북도 청주시 청원구 율량동,경상사고,0,0,3,0,차대차 - 측면충돌,안전거리미확보,건조,맑음,교차로 - 교차로부근,승용,남,44세,상해없음,승용,남,29세,경상
2018110400100369,2018년 11월 4일 17시,일요일,충청북도 청주시 청원구 오창읍,경상사고,0,0,3,0,차대차 - 기타,안전운전불이행,건조,맑음,단일로 - 기타,승용,남,57세,상해없음,승용,여,40세,경상
2018110400100370,2018년 11월 4일 17시,일요일,충청북도 옥천군 옥천읍,경상사고,0,0,2,0,차대차 - 추돌,안전운전불이행,건조,맑음,교차로 - 교차로부근,승용,남,70세,상해없음,승용,남,34세,경상
2018110400100371,2018년 11월 4일 17시,일요일,충청북도 청주시 서원구 장암동,경상사고,0,0,4,0,차대차 - 기타,안전거리미확보,건조,맑음,단일로 - 기타,승용,여,45세,경상,승용,남,45세,경상
2018110400100402,2018년 11월 4일 18시,일요일,충청북도 제천시 명동,경상사고,0,0,3,0,차대차 - 추돌,기타,건조,맑음,교차로 - 교차로안,승용,남,58세,상해없음,승용,남,52세,경상
2018110400100403,2018년 11월 4일 18시,일요일,충청북도 청주시 흥덕구 봉명동,경상사고,0,0,1,0,차대차 - 기타,안전운전불이행,건조,맑음,단일로 - 기타,승용,여,43세,기타불명,이륜,남,21세,경상
2018110400100404,2018년 11월 4일 18시,일요일,충청북도 청주시 서원구 남이면,경상사고,0,0,1,0,차대차 - 측면충돌,안전거리미확보,건조,맑음,단일로 - 기타,승용,여,50세,상해없음,승용,여,53세,경상
2018110400100449,2018년 11월 4일 19시,일요일,충청북도 청주시 서원구 수곡동,중상사고,0,1,0,0,차대차 - 측면충돌,안전운전불이행,건조,맑음,단일로 - 지하차도(도로)내,승용,여,53세,상해없음,이륜,남,38세,중상
2018110400100502,2018년 11월 4일 21시,일요일,충청북도 진천군 이월면,중상사고,0,1,0,0,차량단독 - 기타,안전운전불이행,건조,맑음,단일로 - 기타,이륜,남,26세,중상,,,,
2018110400100503,2018년 11월 4일 21시,일요일,충청북도 청주시 흥덕구 가경동,경상사고,0,0,1,0,차대차 - 기타,안전운전불이행,건조,맑음,교차로 - 교차로부근,승용,남,48세,상해없음,승용,남,57세,상해없음
2018110500100003,2018년 11월 5일 00시,월요일,충청북도 청주시 서원구 모충동,중상사고,0,1,0,0,차대사람 - 기타,과속,건조,맑음,교차로 - 교차로안,화물,남,60세,상해없음,보행자,남,34세,중상
2018110500100013,2018년 11월 5일 01시,월요일,충청북도 충주시 연수동,경상사고,0,0,1,0,차대차 - 기타,안전운전불이행,건조,맑음,교차로 - 교차로부근,기타불명,기타불명,미분류,기타불명,승용,남,47세,경상
2018110500100030,2018년 11월 5일 03시,월요일,충청북도 청주시 흥덕구 복대동,경상사고,0,0,1,0,차대사람 - 기타,안전운전불이행,건조,맑음,교차로 - 교차로안,승용,남,54세,상해없음,보행자,남,22세,경상
2018110500100113,2018년 11월 5일 08시,월요일,충청북도 충주시 성내동,중상사고,0,1,0,0,차대사람 - 횡단중,신호위반,건조,맑음,단일로 - 기타,승합,남,38세,상해없음,보행자,남,85세,중상
2018110500100114,2018년 11월 5일 08시,월요일,충청북도 진천군 진천읍,부상신고사고,0,0,0,1,차대사람 - 기타,안전운전불이행,건조,맑음,교차로 - 교차로안,승용,여,42세,상해없음,보행자,여,84세,부상신고
2018110500100115,2018년 11월 5일 08시,월요일,충청북도 청주시 상당구 남일면,중상사고,0,1,0,0,차대차 - 측면충돌,안전운전불이행,건조,맑음,교차로 - 교차로안,승용,남,28세,상해없음,이륜,남,62세,중상
2018110500100116,2018년 11월 5일 08시,월요일,충청북도 청주시 상당구 영운동,경상사고,0,0,1,0,차대차 - 후진중충돌,안전운전불이행,건조,맑음,단일로 - 지하차도(도로)내,승용,남,70세,상해없음,승용,남,63세,경상
2018110500100155,2018년 11월 5일 09시,월요일,충청북도 충주시 수안보면,경상사고,0,0,1,0,차대차 - 측면충돌,기타,건조,맑음,단일로 - 기타,승용,남,87세,상해없음,승용,여,46세,경상
2018110500100156,2018년 11월 5일 09시,월요일,충청북도 진천군 덕산면,중상사고,0,1,0,0,차대차 - 기타,교차로운행방법위반,건조,맑음,교차로 - 교차로안,승용,여,49세,상해없음,승용,남,63세,중상
2018110500100196,2018년 11월 5일 10시,월요일,충청북도 청주시 청원구 율량동,경상사고,0,0,6,0,차대차 - 추돌,안전거리미확보,건조,맑음,단일로 - 기타,승용,여,34세,경상,승용,여,28세,경상
2018110500100233,2018년 11월 5일 11시,월요일,충청북도 제천시 중앙로2가,경상사고,0,0,1,0,차대차 - 측면충돌,안전운전불이행,건조,맑음,교차로 - 교차로안,이륜,남,37세,경상,승용,여,67세,상해없음
2018110500100234,2018년 11월 5일 11시,월요일,충청북도 제천시 자작동,경상사고,0,0,1,0,차대차 - 측면충돌,직진우회전진행방해,건조,맑음,교차로 - 교차로안,승합,남,77세,상해없음,승합,남,53세,경상
2018110500100236,2018년 11월 5일 11시,월요일,충청북도 청주시 상당구 서문동,경상사고,0,0,1,0,차대사람 - 길가장자리구역통행중,안전운전불이행,건조,맑음,단일로 - 지하차도(도로)내,승용,남,25세,상해없음,보행자,남,32세,경상
2018110500100277,2018년 11월 5일 12시,월요일,충청북도 청주시 청원구 율량동,경상사고,0,0,2,0,차대차 - 기타,교차로운행방법위반,건조,맑음,교차로 - 교차로안,승용,여,50세,경상,승용,여,37세,경상
2018110500100278,2018년 11월 5일 12시,월요일,충청북도 진천군 진천읍,중상사고,0,1,0,0,차대사람 - 기타,안전운전불이행,건조,맑음,교차로 - 교차로안,승용,남,64세,상해없음,보행자,여,66세,중상
2018110500100340,2018년 11월 5일 14시,월요일,충청북도 제천시 화산동,경상사고,0,0,1,0,차대차 - 추돌,안전운전불이행,건조,맑음,교차로 - 교차로안,화물,남,81세,상해없음,승용,여,34세,경상
2018110500100341,2018년 11월 5일 14시,월요일,충청북도 진천군 진천읍,경상사고,0,0,1,0,차대차 - 기타,안전운전불이행,건조,맑음,단일로 - 기타,기타불명,기타불명,미분류,기타불명,화물,남,50세,경상
2018110500100380,2018년 11월 5일 15시,월요일,충청북도 제천시 장락동,경상사고,0,0,1,0,차량단독 - 공작물충돌,안전운전불이행,건조,맑음,단일로 - 기타,승용,여,40세,경상,,,,
2018110500100419,2018년 11월 5일 16시,월요일,충청북도 진천군 광혜원면,경상사고,0,0,2,0,차대차 - 측면충돌,신호위반,건조,맑음,교차로 - 교차로안,승용,남,53세,경상,승용,여,42세,경상
2018110500100470,2018년 11월 5일 17시,월요일,충청북도 제천시 봉양읍,경상사고,0,0,2,0,차대차 - 측면충돌,안전운전불이행,건조,맑음,교차로 - 교차로안,화물,남,63세,경상,승용,남,53세,경상
2018110500100471,2018년 11월 5일 17시,월요일,충청북도 괴산군 연풍면,중상사고,0,1,2,0,차대차 - 추돌,안전운전불이행,건조,맑음,단일로 - 터널,화물,남,73세,중상,승용,남,55세,경상
2018110500100524,2018년 11월 5일 18시,월요일,충청북도 청주시 청원구 사천동,중상사고,0,1,0,0,차대차 - 측면충돌,안전운전불이행,건조,맑음,교차로 - 교차로횡단보도내,승용,남,62세,상해없음,자전거,남,78세,중상
2018110500100525,2018년 11월 5일 18시,월요일,충청북도 제천시 청전동,경상사고,0,0,1,0,차대차 - 측면충돌,안전운전불이행,건조,맑음,교차로 - 교차로안,승용,남,49세,상해없음,이륜,남,38세,경상
2018110500100526,2018년 11월 5일 18시,월요일,충청북도 청주시 서원구 모충동,경상사고,0,0,1,0,차대사람 - 차도통행중,안전운전불이행,건조,맑음,단일로 - 지하차도(도로)내,승용,남,73세,상해없음,보행자,남,46세,경상
2018110500100582,2018년 11월 5일 19시,월요일,충청북도 청주시 흥덕구 복대동,경상사고,0,0,1,0,차대차 - 추돌,안전운전불이행,건조,맑음,단일로 - 기타,이륜,남,15세,상해없음,승용,남,33세,상해없음
2018110500100611,2018년 11월 5일 20시,월요일,충청북도 진천군 이월면,중상사고,0,1,0,0,차대차 - 추돌,안전운전불이행,건조,맑음,단일로 - 기타,승용,남,24세,상해없음,화물,남,38세,중상
2018110500100612,2018년 11월 5일 20시,월요일,충청북도 청주시 서원구 개신동,경상사고,0,0,1,0,차대차 - 추돌,안전운전불이행,건조,맑음,교차로 - 교차로부근,승용,남,46세,상해없음,승용,여,27세,경상
2018110500100635,2018년 11월 5일 21시,월요일,충청북도 충주시 연수동,중상사고,0,1,2,0,차대차 - 정면충돌,신호위반,건조,맑음,교차로 - 교차로안,승용,여,49세,상해없음,승용,여,24세,경상
2018110500100655,2018년 11월 5일 22시,월요일,충청북도 청주시 서원구 수곡동,중상사고,0,1,1,0,차대차 - 측면충돌,중앙선침범,건조,맑음,교차로 - 교차로부근,승용,남,37세,상해없음,승합,여,59세,중상
2018110600100005,2018년 11월 6일 00시,화요일,충청북도 청주시 상당구 석교동,중상사고,0,3,0,0,차대차 - 측면충돌,신호위반,건조,맑음,교차로 - 교차로안,승용,남,29세,상해없음,승용,남,63세,중상
2018110600100013,2018년 11월 6일 01시,화요일,충청북도 음성군 금왕읍,경상사고,0,0,2,0,차대차 - 측면충돌,안전운전불이행,건조,맑음,단일로 - 기타,승용,남,35세,경상,승용,여,54세,경상
2018110600100099,2018년 11월 6일 08시,화요일,충청북도 증평군 증평읍,경상사고,0,0,3,0,차대차 - 기타,안전거리미확보,건조,맑음,단일로 - 기타,건설기계,남,66세,상해없음,승용,남,56세,경상
2018110600100100,2018년 11월 6일 08시,화요일,충청북도 음성군 대소면,경상사고,0,0,1,0,차대차 - 측면충돌,안전운전불이행,건조,맑음,교차로 - 교차로안,승용,남,63세,상해없음,이륜,남,33세,상해없음
2018110600100101,2018년 11월 6일 08시,화요일,충청북도 음성군 음성읍,경상사고,0,0,1,0,차대차 - 측면충돌,중앙선침범,건조,맑음,단일로 - 기타,승용,남,54세,상해없음,승합,남,45세,경상
2018110600100141,2018년 11월 6일 09시,화요일,충청북도 영동군 영동읍,중상사고,0,1,0,0,차대차 - 측면충돌,안전거리미확보,건조,맑음,단일로 - 기타,화물,남,68세,상해없음,승용,남,63세,중상
2018110600100142,2018년 11월 6일 09시,화요일,충청북도 청주시 흥덕구 신봉동,중상사고,0,1,0,0,차대차 - 측면충돌,안전운전불이행,건조,맑음,교차로 - 교차로안,이륜,남,65세,중상,화물,남,59세,상해없음
2018110600100143,2018년 11월 6일 09시,화요일,충청북도 청주시 흥덕구 옥산면,경상사고,0,0,1,0,차대차 - 측면충돌,안전거리미확보,건조,맑음,단일로 - 기타,화물,남,65세,상해없음,승용,여,47세,경상
2018110600100174,2018년 11월 6일 10시,화요일,충청북도 청주시 흥덕구 남촌동,경상사고,0,0,2,0,차대차 - 측면충돌,교차로운행방법위반,건조,맑음,교차로 - 교차로안,승용,여,48세,경상,화물,남,34세,경상