사고번호,사고일시,요일,시군구,사고내용,사망자수,중상자수,경상자수,부상신고자수,사고유형,법규위반,노면상태,기상상태,도로형태,가해운전자 차종,가해운전자 성별,가해운전자 연령,가해운전자 상해정도,피해운전자 차종,피해운전자 성별,피해운전자 연령,피해운전자 상해정도
2018110600100207,2018년 11월 6일 11시,화요일,충청북도 단양군 매포읍,경상사고,0,0,1,0,차대차 - 추돌,안전거리미확보,건조,맑음,단일로 - 기타,승합,남,64세,상해없음,승용,남,81세,경상
2018110600100241,2018년 11월 6일 12시,화요일,충청북도 청주시 흥덕구 석소동,경상사고,0,0,2,0,차대차 - 기타,차로위반,건조,맑음,단일로 - 기타,승합,남,41세,상해없음,승용,남,44세,경상
2018110600100269,2018년 11월 6일 13시,화요일,충청북도 청주시 청원구 오창읍,경상사고,0,0,2,0,차대차 - 기타,안전거리미확보,건조,맑음,교차로 - 교차로안,화물,남,57세,상해없음,승용,여,27세,경상
2018110600100334,2018년 11월 6일 15시,화요일,충청북도 옥천군 옥천읍,중상사고,0,1,0,0,차량단독 - 공작물충돌,안전운전불이행,건조,맑음,교차로 - 교차로횡단보도내,승용,남,66세,중상,,,,
2018110600100360,2018년 11월 6일 16시,화요일,충청북도 청주시 흥덕구 가경동,경상사고,0,0,1,0,차대차 - 측면충돌,기타,건조,맑음,교차로 - 교차로안,승용,남,41세,상해없음,자전거,남,58세,경상
2018110600100398,2018년 11월 6일 17시,화요일,충청북도 청주시 흥덕구 봉명동,중상사고,0,1,0,0,차대차 - 기타,중앙선침범,건조,맑음,단일로 - 기타,승용,남,35세,상해없음,이륜,남,17세,중상
2018110600100452,2018년 11월 6일 18시,화요일,충청북도 청주시 청원구 오창읍,중상사고,0,1,0,0,차대차 - 기타,안전운전불이행,건조,맑음,교차로 - 교차로부근,승용,여,28세,상해없음,자전거,여,60세,중상
2018110600100453,2018년 11월 6일 18시,화요일,충청북도 청주시 청원구 오창읍,경상사고,0,0,1,0,차대차 - 기타,중앙선침범,건조,맑음,단일로 - 기타,승용,여,45세,상해없음,이륜,남,39세,경상
2018110600100454,2018년 11월 6일 18시,화요일,충청북도 충주시 금릉동,경상사고,0,0,1,0,차대차 - 기타,신호위반,건조,맑음,교차로 - 교차로안,승합,여,69세,상해없음,승용,남,41세,경상
2018110600100455,2018년 11월 6일 18시,화요일,충청북도 제천시 남천동,경상사고,0,0,1,0,차대차 - 측면충돌,안전운전불이행,건조,맑음,교차로 - 교차로안,승용,여,63세,상해없음,승용,남,30세,경상
2018110600100456,2018년 11월 6일 18시,화요일,충청북도 청주시 흥덕구 상신동,경상사고,0,0,1,0,차대차 - 추돌,안전거리미확보,건조,맑음,단일로 - 기타,승용,여,45세,상해없음,승용,여,35세,경상
2018110600100518,2018년 11월 6일 19시,화요일,충청북도 진천군 광혜원면,경상사고,0,0,1,0,차대차 - 기타,안전운전불이행,건조,맑음,기타 - 기타,승용,남,19세,상해없음,승용,남,58세,경상
2018110600100550,2018년 11월 6일 20시,화요일,충청북도 음성군 감곡면,경상사고,0,0,6,0,차대차 - 측면충돌,교차로운행방법위반,건조,맑음,교차로 - 교차로안,승용,여,57세,경상,승용,여,50세,경상
2018110600100551,2018년 11월 6일 20시,화요일,충청북도 음성군 음성읍,중상사고,0,1,0,0,차대사람 - 횡단중,안전운전불이행,건조,맑음,단일로 - 기타,승용,여,45세,상해없음,보행자,남,15세,중상
2018110600100552,2018년 11월 6일 20시,화요일,충청북도 청주시 서원구 성화동,중상사고,0,1,4,0,차대차 - 측면충돌,신호위반,건조,맑음,교차로 - 교차로안,승용,남,59세,상해없음,승용,여,58세,경상
2018110600100577,2018년 11월 6일 21시,화요일,충청북도 청주시 청원구 율량동,경상사고,0,0,1,0,차대사람 - 기타,안전운전불이행,건조,맑음,단일로 - 기타,승용,남,49세,상해없음,보행자,남,59세,경상
2018110600100598,2018년 11월 6일 22시,화요일,충청북도 청주시 흥덕구 봉명동,경상사고,0,0,1,0,차대차 - 측면충돌,안전운전불이행,건조,맑음,단일로 - 기타,승용,남,26세,상해없음,승용,남,60세,경상
2018110600100619,2018년 11월 6일 23시,화요일,충청북도 청주시 청원구 내덕동,경상사고,0,0,1,0,차대차 - 기타,안전운전불이행,건조,맑음,단일로 - 기타,화물,남,48세,상해없음,승용,여,47세,경상
2018110700100098,2018년 11월 7일 07시,수요일,충청북도 제천시 고암동,경상사고,0,0,1,0,차대차 - 추돌,안전운전불이행,젖음/습기,비,단일로 - 기타,승용,남,75세,상해없음,승용,남,76세,경상
2018110700100099,2018년 11월 7일 07시,수요일,충청북도 청주시 흥덕구 봉명동,경상사고,0,0,1,0,차대차 - 추돌,안전거리미확보,젖음/습기,비,기타 - 기타,화물,남,65세,상해없음,승용,여,32세,경상
2018110700100136,2018년 11월 7일 08시,수요일,충청북도 청주시 서원구 모충동,경상사고,0,0,1,0,차대차 - 측면충돌,교차로운행방법위반,건조,맑음,교차로 - 교차로안,승용,여,23세,상해없음,화물,남,57세,경상
2018110700100167,2018년 11월 7일 09시,수요일,충청북도 청주시 청원구 외남동,경상사고,0,0,2,0,차대차 - 기타,기타,건조,맑음,교차로 - 교차로안,승용,여,65세,상해없음,화물,남,46세,경상
2018110700100168,2018년 11월 7일 09시,수요일,충청북도 청주시 상당구 북문로2가동,경상사고,0,0,1,0,차대차 - 기타,안전운전불이행,건조,맑음,단일로 - 기타,승용,여,46세,상해없음,승합,남,45세,경상
2018110700100169,2018년 11월 7일 09시,수요일,충청북도 충주시 연수동,경상사고,0,0,1,1,차대차 - 정면충돌,중앙선침범,젖음/습기,비,단일로 - 기타,승용,여,27세,부상신고,승용,남,40세,경상
2018110700100170,2018년 11월 7일 09시,수요일,충청북도 영동군 양산면,중상사고,0,1,1,0,차대차 - 정면충돌,안전운전불이행,젖음/습기,흐림,단일로 - 기타,승용,남,40세,상해없음,승합,남,67세,중상
2018110700100198,2018년 11월 7일 10시,수요일,충청북도 청주시 상당구 북문로3가동,경상사고,0,0,1,0,차대사람 - 기타,안전운전불이행,젖음/습기,흐림,교차로 - 교차로부근,승용,남,36세,상해없음,보행자,남,56세,경상
2018110700100199,2018년 11월 7일 10시,수요일,충청북도 제천시 중앙로1가,경상사고,0,0,2,0,차대차 - 기타,직진우회전진행방해,젖음/습기,비,교차로 - 교차로안,승용,남,64세,경상,승용,여,53세,경상
2018110700100253,2018년 11월 7일 12시,수요일,충청북도 옥천군 옥천읍,경상사고,0,0,1,0,차대차 - 측면충돌,안전운전불이행,건조,맑음,주차장 - 주차장,승용,여,38세,상해없음,승용,남,68세,경상
2018110700100254,2018년 11월 7일 12시,수요일,충청북도 청주시 흥덕구 봉명동,경상사고,0,0,3,0,차대차 - 후진중충돌,불법유턴,건조,맑음,단일로 - 기타,승용,여,54세,상해없음,승용,여,37세,경상
2018110700100255,2018년 11월 7일 12시,수요일,충청북도 청주시 상당구 운동동,중상사고,0,1,2,0,차대차 - 기타,교차로운행방법위반,젖음/습기,비,교차로 - 교차로안,건설기계,남,58세,상해없음,이륜,남,67세,중상
2018110700100294,2018년 11월 7일 13시,수요일,충청북도 음성군 음성읍,중상사고,0,2,1,0,차대차 - 측면충돌,교차로운행방법위반,건조,맑음,교차로 - 교차로안,화물,남,66세,경상,승용,남,62세,중상
2018110700100321,2018년 11월 7일 14시,수요일,충청북도 영동군 추풍령면,경상사고,0,0,1,0,차대차 - 측면충돌,안전운전불이행,건조,맑음,교차로 - 교차로안,승용,남,66세,상해없음,승용,여,26세,경상
2018110700100350,2018년 11월 7일 15시,수요일,충청북도 청주시 서원구 사창동,경상사고,0,0,1,0,차대차 - 기타,차로위반,건조,맑음,교차로 - 교차로부근,승용,남,50세,상해없음,원동기,남,32세,경상
2018110700100351,2018년 11월 7일 15시,수요일,충청북도 청주시 청원구 내덕동,경상사고,0,0,1,0,차대차 - 기타,직진우회전진행방해,건조,맑음,교차로 - 교차로안,승용,남,69세,기타불명,승용,남,29세,경상
2018110700100353,2018년 11월 7일 15시,수요일,충청북도 충주시 봉방동,경상사고,0,0,2,0,차대차 - 측면충돌,안전운전불이행,젖음/습기,비,단일로 - 기타,승용,남,63세,경상,화물,남,31세,경상
2018110700100354,2018년 11월 7일 15시,수요일,충청북도 진천군 광혜원면,중상사고,0,1,1,0,차대차 - 기타,직진우회전진행방해,젖음/습기,흐림,교차로 - 교차로안,화물,남,21세,경상,화물,남,66세,중상
2018110700100355,2018년 11월 7일 15시,수요일,충청북도 청주시 상당구 석교동,경상사고,0,0,1,0,차대사람 - 횡단중,안전운전불이행,건조,맑음,단일로 - 지하차도(도로)내,화물,남,48세,상해없음,보행자,남,29세,경상
2018110700100392,2018년 11월 7일 16시,수요일,충청북도 청주시 청원구 율량동,경상사고,0,0,1,0,차대차 - 기타,안전운전불이행,젖음/습기,맑음,단일로 - 기타,화물,남,51세,상해없음,승용,남,38세,경상
2018110700100393,2018년 11월 7일 16시,수요일,충청북도 제천시 남천동,경상사고,0,0,1,0,차대차 - 후진중충돌,안전운전불이행,건조,맑음,주차장 - 주차장,화물,남,51세,상해없음,승용,남,36세,경상
2018110700100436,2018년 11월 7일 17시,수요일,충청북도 충주시 연수동,경상사고,0,0,3,0,차대차 - 기타,안전거리미확보,건조,맑음,단일로 - 기타,승용,여,46세,경상,승용,남,28세,경상
2018110700100437,2018년 11월 7일 17시,수요일,충청북도 제천시 중앙로2가,경상사고,0,0,1,0,차대차 - 기타,안전운전불이행,젖음/습기,비,단일로 - 기타,이륜,남,19세,경상,승용,남,60세,상해없음
2018110700100438,2018년 11월 7일 17시,수요일,충청북도 음성군 원남면,사망사고,1,0,0,0,차대사람 - 횡단중,안전운전불이행,젖음/습기,흐림,교차로 - 교차로부근,승용,여,64세,상해없음,보행자,남,69세,사망
2018110700100439,2018년 11월 7일 17시,수요일,충청북도 청주시 흥덕구 봉명동,경상사고,0,0,1,0,차대사람 - 기타,보행자보호의무위반,건조,맑음,기타 - 기타,승용,남,29세,상해없음,보행자,여,31세,경상
2018110700100440,2018년 11월 7일 17시,수요일,충청북도 괴산군 연풍면,경상사고,0,0,6,0,차대차 - 추돌,안전거리미확보,건조,맑음,단일로 - 터널,승용,남,42세,상해없음,승용,남,36세,경상
2018110700100508,2018년 11월 7일 18시,수요일,충청북도 청주시 흥덕구 봉명동,중상사고,0,1,0,0,차대차 - 기타,안전거리미확보,젖음/습기,흐림,교차로 - 교차로안,승용,여,26세,상해없음,승합,남,45세,상해없음
2018110700100509,2018년 11월 7일 18시,수요일,충청북도 청주시 흥덕구 복대동,중상사고,0,1,0,0,차대사람 - 횡단중,보행자보호의무위반,건조,맑음,단일로 - 기타,승용,여,45세,상해없음,보행자,남,7세,중상
2018110700100579,2018년 11월 7일 19시,수요일,충청북도 청주시 청원구 율량동,경상사고,0,0,1,0,차대차 - 기타,중앙선침범,건조,맑음,교차로 - 교차로안,이륜,남,39세,상해없음,승용,남,26세,경상
2018110700100580,2018년 11월 7일 19시,수요일,충청북도 충주시 교현동,중상사고,0,1,0,0,차대사람 - 기타,안전운전불이행,건조,맑음,교차로 - 교차로안,승용,여,41세,상해없음,보행자,여,75세,중상
2018110700100581,2018년 11월 7일 19시,수요일,충청북도 제천시 청전동,경상사고,0,0,1,0,차대차 - 측면충돌,직진우회전진행방해,젖음/습기,비,교차로 - 교차로안,승용,여,28세,상해없음,승용,남,57세,경상
2018110700100582,2018년 11월 7일 19시,수요일,충청북도 청주시 흥덕구 가경동,경상사고,0,0,3,0,차대차 - 측면충돌,교차로운행방법위반,건조,맑음,교차로 - 교차로안,승용,남,63세,상해없음,승용,남,38세,경상
2018110700100631,2018년 11월 7일 20시,수요일,충청북도 충주시 목행동,경상사고,0,0,1,0,차대차 - 추돌,안전운전불이행,건조,맑음,단일로 - 기타,승용,여,49세,상해없음,승용,남,45세,경상
2018110700100632,2018년 11월 7일 20시,수요일,충청북도 청주시 흥덕구 복대동,경상사고,0,0,1,0,차대차 - 기타,안전운전불이행,건조,맑음,교차로 - 교차로부근,승용,남,59세,상해없음,승용,남,53세,경상
2018110700100633,2018년 11월 7일 20시,수요일,충청북도 청주시 상당구 탑동,경상사고,0,0,2,0,차대차 - 측면충돌,교차로운행방법위반,건조,흐림,교차로 - 교차로안,승용,남,66세,경상,승용,남,21세,경상
2018110700100660,2018년 11월 7일 21시,수요일,충청북도 청주시 청원구 율량동,중상사고,0,1,0,0,차대차 - 기타,안전운전불이행,젖음/습기,흐림,단일로 - 기타,승용,여,49세,상해없음,이륜,남,51세,중상
2018110700100661,2018년 11월 7일 21시,수요일,충청북도 제천시 강제동,경상사고,0,0,1,0,차대사람 - 횡단중,신호위반,건조,맑음,교차로 - 교차로횡단보도내,승용,남,66세,상해없음,보행자,여,37세,경상
2018110700100662,2018년 11월 7일 21시,수요일,충청북도 청주시 서원구 성화동,중상사고,0,1,1,0,차대차 - 측면충돌,신호위반,건조,맑음,교차로 - 교차로횡단보도내,승용,여,41세,중상,승용,남,78세,경상
2018110700100686,2018년 11월 7일 22시,수요일,충청북도 청주시 상당구 용암동,경상사고,0,0,1,0,차대차 - 측면충돌,안전운전불이행,젖음/습기,맑음,교차로 - 교차로안,이륜,남,41세,상해없음,이륜,남,20세,경상
2018110700100712,2018년 11월 7일 23시,수요일,충청북도 충주시 지현동,경상사고,0,0,1,0,차대사람 - 기타,기타,건조,맑음,단일로 - 기타,승용,여,62세,상해없음,보행자,여,57세,경상
2018110800100015,2018년 11월 8일 00시,목요일,충청북도 청주시 서원구 산남동,경상사고,0,0,1,0,차대사람 - 기타,신호위반,젖음/습기,비,교차로 - 교차로횡단보도내,승용,남,58세,상해없음,보행자,여,22세,경상
2018110800100044,2018년 11월 8일 02시,목요일,충청북도 옥천군 이원면,중상사고,0,1,1,0,차대차 - 추돌,안전운전불이행,젖음/습기,비,단일로 - 기타,승용,남,25세,경상,특수,남,33세,상해없음
2018110800100099,2018년 11월 8일 06시,목요일,충청북도 청주시 청원구 오창읍,경상사고,0,0,1,0,차대차 - 기타,신호위반,젖음/습기,비,교차로 - 교차로부근,승용,남,69세,상해없음,승용,남,38세,경상
2018110800100100,2018년 11월 8일 06시,목요일,충청북도 청주시 흥덕구 오송읍,중상사고,0,1,0,0,차대사람 - 횡단중,신호위반,건조,맑음,단일로 - 기타,승용,여,46세,상해없음,보행자,여,51세,중상
2018110800100126,2018년 11월 8일 07시,목요일,충청북도 청주시 흥덕구 오송읍,중상사고,0,1,1,0,차대차 - 측면충돌,신호위반,젖음/습기,비,단일로 - 기타,승용,여,38세,중상,승용,남,28세,경상
2018110800100127,2018년 11월 8일 07시,목요일,충청북도 청주시 흥덕구 복대동,경상사고,0,0,2,0,차대차 - 기타,차로위반,젖음/습기,비,단일로 - 기타,승합,남,66세,상해없음,승합,남,56세,경상
2018110800100164,2018년 11월 8일 08시,목요일,충청북도 옥천군 옥천읍,중상사고,0,1,2,0,차대차 - 측면충돌,교차로운행방법위반,젖음/습기,비,교차로 - 교차로안,승용,여,45세,경상,승용,남,46세,경상
2018110800100165,2018년 11월 8일 08시,목요일,충청북도 진천군 이월면,중상사고,0,1,1,0,차대차 - 측면충돌,신호위반,젖음/습기,맑음,교차로 - 교차로안,승용,남,31세,상해없음,승용,여,36세,중상
2018110800100166,2018년 11월 8일 08시,목요일,충청북도 청주시 흥덕구 신봉동,중상사고,0,1,0,0,차대사람 - 기타,안전운전불이행,젖음/습기,비,단일로 - 기타,이륜,남,22세,상해없음,보행자,여,78세,중상
2018110800100167,2018년 11월 8일 08시,목요일,충청북도 청주시 상당구 석교동,경상사고,0,0,1,0,차대차 - 기타,안전운전불이행,건조,맑음,단일로 - 기타,승용,남,73세,상해없음,승용,남,57세,상해없음
2018110800100196,2018년 11월 8일 09시,목요일,충청북도 제천시 영천동,중상사고,0,2,1,0,차대차 - 측면충돌,신호위반,젖음/습기,비,교차로 - 교차로안,승용,여,54세,경상,승용,남,79세,중상
2018110800100224,2018년 11월 8일 10시,목요일,충청북도 청주시 서원구 개신동,경상사고,0,0,1,0,차대차 - 추돌,안전운전불이행,젖음/습기,비,단일로 - 기타,승용,남,65세,상해없음,이륜,남,24세,경상
2018110800100258,2018년 11월 8일 11시,목요일,충청북도 증평군 증평읍,중상사고,0,1,0,0,차량단독 - 공작물충돌,안전운전불이행,젖음/습기,비,단일로 - 기타,화물,남,54세,중상,,,,
2018110800100259,2018년 11월 8일 11시,목요일,충청북도 청주시 흥덕구 봉명동,경상사고,0,0,2,0,차대차 - 측면충돌,중앙선침범,건조,맑음,단일로 - 기타,승용,남,82세,상해없음,승용,남,80세,경상
2018110800100322,2018년 11월 8일 13시,목요일,충청북도 청주시 청원구 우암동,경상사고,0,0,1,0,차대차 - 기타,안전운전불이행,건조,흐림,단일로 - 기타,승용,남,46세,상해없음,승용,여,34세,기타불명
2018110800100354,2018년 11월 8일 14시,목요일,충청북도 청주시 상당구 남일면,경상사고,0,0,1,0,차대사람 - 횡단중,신호위반,건조,맑음,교차로 - 교차로횡단보도내,화물,남,71세,상해없음,보행자,여,10세,경상
2018110800100453,2018년 11월 8일 17시,목요일,충청북도 보은군 삼승면,경상사고,0,0,1,0,차대차 - 측면충돌,신호위반,젖음/습기,비,교차로 - 교차로안,승용,남,61세,기타불명,승용,남,61세,경상
2018110800100534,2018년 11월 8일 18시,목요일,충청북도 청주시 청원구 북이면,경상사고,0,0,1,0,차대차 - 기타,중앙선침범,젖음/습기,비,단일로 - 기타,승용,남,54세,상해없음,승용,여,38세,경상
2018110800100535,2018년 11월 8일 18시,목요일,충청북도 청주시 서원구 사직동,경상사고,0,0,1,0,차대차 - 기타,안전운전불이행,건조,맑음,교차로 - 교차로부근,원동기,남,43세,상해없음,승합,남,39세,경상
2018110800100536,2018년 11월 8일 18시,목요일,충청북도 제천시 청전동,경상사고,0,0,1,0,차대사람 - 횡단중,보행자보호의무위반,건조,맑음,교차로 - 교차로횡단보도내,승용,남,43세,상해없음,보행자,남,56세,경상
2018110800100537,2018년 11월 8일 18시,목요일,충청북도 제천시 화산동,중상사고,0,1,0,0,차대사람 - 횡단중,안전운전불이행,젖음/습기,비,단일로 - 지하차도(도로)내,승용,여,40세,상해없음,보행자,여,77세,중상
2018110800100538,2018년 11월 8일 18시,목요일,충청북도 괴산군 불정면,경상사고,0,0,1,0,차대차 - 추돌,안전운전불이행,건조,맑음,단일로 - 기타,화물,남,66세,상해없음,사륜오토바이(ATV),여,72세,경상
2018110800100642,2018년 11월 8일 19시,목요일,충청북도 괴산군 연풍면,경상사고,0,0,1,0,차량단독 - 공작물충돌,안전운전불이행,젖음/습기,흐림,단일로 - 기타,승용,남,62세,경상,,,,
2018110800100643,2018년 11월 8일 19시,목요일,충청북도 청주시 상당구 금천동,경상사고,0,0,1,0,차대사람 - 차도통행중,안전운전불이행,젖음/습기,비,교차로 - 교차로부근,승용,남,35세,상해없음,보행자,여,15세,경상
2018110800100698,2018년 11월 8일 20시,목요일,충청북도 청주시 서원구 사창동,부상신고사고,0,0,0,1,차대차 - 기타,안전운전불이행,젖음/습기,비,단일로 - 기타,원동기,남,20세,부상신고,승용,남,24세,상해없음
2018110800100699,2018년 11월 8일 20시,목요일,충청북도 음성군 대소면,중상사고,0,1,0,0,차대차 - 측면충돌,신호위반,건조,맑음,교차로 - 교차로안,화물,남,59세,상해없음,승용,여,56세,중상
2018110800100700,2018년 11월 8일 20시,목요일,충청북도 청주시 서원구 모충동,경상사고,0,0,1,0,차대차 - 정면충돌,안전운전불이행,젖음/습기,비,교차로 - 교차로안,승용,남,58세,상해없음,이륜,남,26세,경상
2018110800100756,2018년 11월 8일 21시,목요일,충청북도 청주시 서원구 사직동,중상사고,0,1,0,0,차대사람 - 보도통행중,보행자보호의무위반,건조,맑음,교차로 - 교차로횡단보도내,승용,남,48세,상해없음,보행자,남,61세,중상
2018110800100757,2018년 11월 8일 21시,목요일,충청북도 제천시 청전동,경상사고,0,0,1,0,차대차 - 측면충돌,신호위반,젖음/습기,비,교차로 - 교차로안,승용,남,64세,상해없음,승용,여,31세,경상
2018110800100804,2018년 11월 8일 22시,목요일,충청북도 청주시 흥덕구 복대동,경상사고,0,0,1,0,차대차 - 측면충돌,안전운전불이행,건조,맑음,교차로 - 교차로안,기타불명,기타불명,미분류,기타불명,승용,남,59세,경상
2018110800100805,2018년 11월 8일 22시,목요일,충청북도 청주시 서원구 분평동,중상사고,0,1,0,0,차대차 - 측면충돌,중앙선침범,젖음/습기,비,교차로 - 교차로안,승용,남,47세,상해없음,이륜,남,42세,중상
2018110800100863,2018년 11월 8일 23시,목요일,충청북도 제천시 영천동,경상사고,0,0,1,0,차대사람 - 횡단중,안전운전불이행,젖음/습기,비,교차로 - 교차로횡단보도내,승용,남,29세,상해없음,보행자,남,47세,경상
2018110900100027,2018년 11월 9일 01시,금요일,충청북도 청주시 청원구 율량동,경상사고,0,0,1,0,차대차 - 기타,안전운전불이행,젖음/습기,비,교차로 - 교차로안,원동기,남,22세,경상,승용,여,45세,상해없음
2018110900100042,2018년 11월 9일 02시,금요일,충청북도 청주시 서원구 분평동,경상사고,0,0,3,0,차대차 - 추돌,안전운전불이행,젖음/습기,비,단일로 - 지하차도(도로)내,승용,남,47세,상해없음,승용,남,37세,경상
2018110900100059,2018년 11월 9일 05시,금요일,충청북도 청주시 청원구 정상동,경상사고,0,0,1,0,차대차 - 측면충돌,안전운전불이행,건조,맑음,교차로 - 교차로안,승용,남,29세,상해없음,화물,남,74세,경상
2018110900100060,2018년 11월 9일 05시,금요일,충청북도 청주시 흥덕구 봉명동,경상사고,0,0,4,0,차대차 - 기타,안전거리미확보,젖음/습기,비,교차로 - 교차로부근,승합,남,49세,경상,승용,남,68세,상해없음
2018110900100079,2018년 11월 9일 06시,금요일,충청북도 청주시 청원구 내수읍,경상사고,0,0,1,0,차대차 - 기타,안전운전불이행,건조,맑음,단일로 - 기타,화물,남,63세,상해없음,승용,남,33세,경상
2018110900100080,2018년 11월 9일 06시,금요일,충청북도 청주시 흥덕구 강내면,사망사고,1,0,0,0,차대사람 - 횡단중,안전운전불이행,건조,흐림,교차로 - 교차로횡단보도내,화물,남,65세,상해없음,보행자,남,68세,사망
2018110900100103,2018년 11월 9일 07시,금요일,충청북도 충주시 대소원면,중상사고,0,1,4,0,차대차 - 기타,신호위반,젖음/습기,흐림,교차로 - 교차로안,승용,남,22세,중상,화물,남,56세,경상
2018110900100104,2018년 11월 9일 07시,금요일,충청북도 영동군 심천면,중상사고,0,1,0,0,차대차 - 측면충돌,신호위반,건조,맑음,단일로 - 기타,승용,여,57세,상해없음,이륜,남,77세,중상
2018110900100146,2018년 11월 9일 08시,금요일,충청북도 제천시 신백동,경상사고,0,0,2,0,차대차 - 측면충돌,직진우회전진행방해,건조,맑음,교차로 - 교차로안,승용,여,51세,상해없음,승용,남,66세,경상
2018110900100188,2018년 11월 9일 09시,금요일,충청북도 청주시 서원구 모충동,중상사고,0,1,0,0,차대차 - 측면충돌,차로위반,건조,맑음,단일로 - 기타,승용,남,61세,상해없음,승용,남,53세,중상
2018110900100227,2018년 11월 9일 10시,금요일,충청북도 음성군 원남면,경상사고,0,0,3,0,차대차 - 측면충돌,안전운전불이행,건조,맑음,단일로 - 기타,화물,남,59세,경상,승용,여,48세,경상
2018110900100256,2018년 11월 9일 11시,금요일,충청북도 청주시 상당구 영동,중상사고,0,1,2,0,차대차 - 추돌,안전운전불이행,건조,맑음,단일로 - 지하차도(도로)내,승용,남,58세,중상,승용,남,32세,경상
2018110900100291,2018년 11월 9일 12시,금요일,충청북도 단양군 대강면,경상사고,0,0,1,0,차대차 - 기타,직진우회전진행방해,건조,맑음,교차로 - 교차로안,이륜,남,83세,경상,화물,남,51세,상해없음
2018110900100322,2018년 11월 9일 13시,금요일,충청북도 음성군 금왕읍,중상사고,0,2,0,0,차대차 - 측면충돌,교차로운행방법위반,건조,맑음,교차로 - 교차로안,승용,여,37세,상해없음,승용,여,43세,상해없음
2018110900100323,2018년 11월 9일 13시,금요일,충청북도 청주시 흥덕구 운천동,경상사고,0,0,1,0,차대차 - 측면충돌,안전운전불이행,건조,맑음,단일로 - 기타,화물,남,71세,상해없음,승용,여,39세,경상
2018110900100347,2018년 11월 9일 14시,금요일,충청북도 제천시 장락동,경상사고,0,0,1,0,차대차 - 추돌,안전운전불이행,건조,맑음,교차로 - 교차로부근,승용,여,32세,상해없음,승용,남,66세,경상
2018110900100386,2018년 11월 9일 15시,금요일,충청북도 청주시 서원구 사창동,경상사고,0,0,1,0,차대차 - 기타,안전운전불이행,건조,맑음,교차로 - 교차로부근,승합,남,52세,상해없음,승용,여,59세,경상
2018110900100387,2018년 11월 9일 15시,금요일,충청북도 청주시 서원구 사창동,경상사고,0,0,1,0,차대차 - 기타,교차로운행방법위반,건조,맑음,교차로 - 교차로안,자전거,여,72세,경상,승용,여,40세,상해없음
2018110900100388,2018년 11월 9일 15시,금요일,충청북도 청주시 흥덕구 복대동,경상사고,0,0,1,1,차대차 - 측면충돌,안전운전불이행,건조,맑음,교차로 - 교차로안,화물,남,71세,상해없음,승용,남,68세,경상
2018110900100429,2018년 11월 9일 16시,금요일,충청북도 청주시 서원구 모충동,경상사고,0,0,1,0,차대차 - 측면충돌,안전거리미확보,건조,맑음,단일로 - 기타,건설기계,남,60세,상해없음,승용,남,53세,경상
2018110900100472,2018년 11월 9일 17시,금요일,충청북도 충주시 연수동,중상사고,0,1,1,0,차대차 - 기타,안전운전불이행,건조,맑음,교차로 - 교차로안,승용,남,79세,상해없음,승용,여,41세,중상
2018110900100535,2018년 11월 9일 18시,금요일,충청북도 충주시 교현동,중상사고,0,1,0,0,차대차 - 추돌,안전운전불이행,건조,맑음,단일로 - 기타,승용,여,51세,상해없음,승용,남,48세,중상
2018110900100536,2018년 11월 9일 18시,금요일,충청북도 제천시 장락동,경상사고,0,0,2,0,차대차 - 측면충돌,과속,건조,맑음,교차로 - 교차로안,승용,남,35세,상해없음,승용,남,26세,상해없음
2018110900100537,2018년 11월 9일 18시,금요일,충청북도 제천시 강제동,중상사고,0,1,0,0,차대차 - 추돌,안전운전불이행,건조,맑음,단일로 - 지하차도(도로)내,자전거,남,25세,중상,건설기계,남,39세,기타불명
2018110900100538,2018년 11월 9일 18시,금요일,충청북도 단양군 단양읍,경상사고,0,0,1,0,차대차 - 기타,불법유턴,건조,맑음,단일로 - 기타,특수,남,37세,상해없음,승용,여,53세,경상
2018110900100603,2018년 11월 9일 19시,금요일,충청북도 청주시 흥덕구 신봉동,경상사고,0,0,2,0,차대차 - 측면충돌,기타,건조,맑음,교차로 - 교차로안,승용,남,63세,상해없음,승용,남,41세,경상
2018110900100648,2018년 11월 9일 20시,금요일,충청북도 청주시 흥덕구 수의동,경상사고,0,0,1,0,차대차 - 추돌,안전운전불이행,건조,맑음,단일로 - 기타,화물,남,43세,상해없음,승용,여,43세,경상
2018110900100669,2018년 11월 9일 21시,금요일,충청북도 청주시 청원구 오창읍,중상사고,0,1,0,0,차대차 - 기타,신호위반,건조,맑음,교차로 - 교차로부근,이륜,남,39세,중상,승용,남,48세,상해없음
2018110900100670,2018년 11월 9일 21시,금요일,충청북도 영동군 황간면,경상사고,0,0,1,0,차량단독 - 공작물충돌,안전운전불이행,건조,맑음,단일로 - 기타,승용,남,60세,경상,,,,
2018110900100671,2018년 11월 9일 21시,금요일,충청북도 청주시 서원구 분평동,경상사고,0,0,1,0,차대사람 - 차도통행중,안전운전불이행,건조,맑음,단일로 - 지하차도(도로)내,승용,남,36세,상해없음,보행자,여,10세,경상