사고번호,사고일시,요일,시군구,사고내용,사망자수,중상자수,경상자수,부상신고자수,사고유형,법규위반,노면상태,기상상태,도로형태,가해운전자 차종,가해운전자 성별,가해운전자 연령,가해운전자 상해정도,피해운전자 차종,피해운전자 성별,피해운전자 연령,피해운전자 상해정도
2018112100100403,2018년 11월 21일 17시,수요일,충청북도 제천시 중앙로2가,경상사고,0,0,1,0,차대차 - 측면충돌,신호위반,젖음/습기,비,교차로 - 교차로안,승용,남,51세,상해없음,이륜,남,24세,경상
2018112100100404,2018년 11월 21일 17시,수요일,충청북도 음성군 금왕읍,경상사고,0,0,1,0,차대차 - 측면충돌,교차로운행방법위반,젖음/습기,비,교차로 - 교차로안,승용,남,55세,상해없음,승용,여,36세,경상
2018112100100405,2018년 11월 21일 17시,수요일,충청북도 단양군 단양읍,중상사고,0,1,0,0,차대사람 - 횡단중,보행자보호의무위반,젖음/습기,비,단일로 - 기타,화물,남,57세,상해없음,보행자,여,80세,중상
2018112100100406,2018년 11월 21일 17시,수요일,충청북도 청주시 흥덕구 가경동,중상사고,0,1,0,0,차대사람 - 횡단중,보행자보호의무위반,건조,맑음,교차로 - 교차로횡단보도내,승용,남,49세,상해없음,보행자,여,24세,중상
2018112100100407,2018년 11월 21일 17시,수요일,충청북도 청주시 서원구 분평동,경상사고,0,0,2,0,차대차 - 추돌,안전운전불이행,젖음/습기,비,교차로 - 교차로안,화물,남,65세,기타불명,승용,여,49세,경상
2018112100100451,2018년 11월 21일 18시,수요일,충청북도 청주시 청원구 내수읍,경상사고,0,0,2,0,차대차 - 기타,기타,젖음/습기,비,단일로 - 기타,승용,여,41세,경상,승용,남,29세,경상
2018112100100452,2018년 11월 21일 18시,수요일,충청북도 제천시 중앙로2가,중상사고,0,2,0,0,차대차 - 측면충돌,직진우회전진행방해,젖음/습기,비,교차로 - 교차로안,승용,남,59세,상해없음,승용,남,26세,중상
2018112100100453,2018년 11월 21일 18시,수요일,충청북도 단양군 단양읍,경상사고,0,0,1,0,차대사람 - 횡단중,보행자보호의무위반,건조,맑음,단일로 - 기타,승용,남,60세,상해없음,보행자,남,47세,경상
2018112100100501,2018년 11월 21일 19시,수요일,충청북도 음성군 금왕읍,사망사고,1,0,0,0,차대사람 - 횡단중,안전운전불이행,건조,맑음,단일로 - 기타,승용,남,35세,상해없음,보행자,남,54세,사망
2018112100100502,2018년 11월 21일 19시,수요일,충청북도 진천군 진천읍,경상사고,0,0,1,0,차대차 - 기타,안전운전불이행,젖음/습기,비,교차로 - 교차로안,승용,남,51세,상해없음,승용,남,38세,상해없음
2018112100100536,2018년 11월 21일 20시,수요일,충청북도 충주시 안림동,중상사고,0,5,3,0,차대차 - 측면충돌,직진우회전진행방해,젖음/습기,비,교차로 - 교차로안,승용,남,65세,중상,승용,남,21세,중상
2018112100100537,2018년 11월 21일 20시,수요일,충청북도 음성군 금왕읍,중상사고,0,1,0,0,차대차 - 추돌,안전운전불이행,건조,맑음,교차로 - 교차로안,승용,남,42세,상해없음,승용,여,49세,중상
2018112100100569,2018년 11월 21일 21시,수요일,충청북도 청주시 상당구 영운동,경상사고,0,0,1,0,차대차 - 정면충돌,신호위반,젖음/습기,흐림,교차로 - 교차로안,이륜,남,18세,경상,화물,남,41세,상해없음
2018112100100598,2018년 11월 21일 22시,수요일,충청북도 청주시 서원구 사창동,경상사고,0,0,1,0,차대사람 - 길가장자리구역통행중,안전운전불이행,건조,맑음,교차로 - 교차로부근,승용,남,38세,상해없음,보행자,여,25세,경상
2018112100100614,2018년 11월 21일 23시,수요일,충청북도 제천시 청전동,경상사고,0,0,1,0,차대사람 - 차도통행중,안전운전불이행,건조,맑음,단일로 - 기타,기타불명,기타불명,미분류,기타불명,보행자,남,45세,경상
2018112200100026,2018년 11월 22일 02시,목요일,충청북도 청주시 청원구 율량동,중상사고,0,1,1,0,차대차 - 기타,신호위반,건조,맑음,교차로 - 교차로안,화물,남,49세,중상,화물,남,70세,경상
2018112200100040,2018년 11월 22일 05시,목요일,충청북도 진천군 진천읍,중상사고,0,1,0,0,차대차 - 기타,안전운전불이행,젖음/습기,비,단일로 - 기타,승합,남,50세,상해없음,화물,남,57세,상해없음
2018112200100041,2018년 11월 22일 05시,목요일,충청북도 진천군 초평면,경상사고,0,0,1,0,차량단독 - 기타,안전운전불이행,서리/결빙,안개,단일로 - 기타,건설기계,남,49세,경상,,,,
2018112200100054,2018년 11월 22일 06시,목요일,충청북도 충주시 연수동,중상사고,0,1,0,0,차대차 - 기타,안전운전불이행,건조,맑음,단일로 - 기타,승용,남,59세,상해없음,자전거,여,72세,중상
2018112200100055,2018년 11월 22일 06시,목요일,충청북도 충주시 단월동,경상사고,0,0,3,0,차대차 - 추돌,안전운전불이행,서리/결빙,흐림,단일로 - 교량,화물,남,66세,상해없음,화물,남,63세,경상
2018112200100056,2018년 11월 22일 06시,목요일,충청북도 청주시 흥덕구 상신동,중상사고,0,1,5,0,차대차 - 기타,안전운전불이행,건조,맑음,단일로 - 기타,화물,남,54세,경상,승용,남,49세,중상
2018112200100057,2018년 11월 22일 06시,목요일,충청북도 청주시 흥덕구 상신동,중상사고,0,3,7,0,차대차 - 기타,안전거리미확보,젖음/습기,안개,단일로 - 기타,승합,남,65세,경상,승용,남,67세,경상
2018112200100077,2018년 11월 22일 07시,목요일,충청북도 청주시 청원구 오창읍,경상사고,0,0,2,0,차대차 - 기타,안전운전불이행,젖음/습기,안개,단일로 - 기타,승용,남,52세,상해없음,승용,여,37세,경상
2018112200100078,2018년 11월 22일 07시,목요일,충청북도 청주시 청원구 오창읍,경상사고,0,0,2,0,차대차 - 측면충돌,안전운전불이행,젖음/습기,안개,단일로 - 교량,승용,남,36세,상해없음,승합,남,57세,경상
2018112200100079,2018년 11월 22일 07시,목요일,충청북도 충주시 대소원면,중상사고,0,1,1,0,차대차 - 기타,중앙선침범,젖음/습기,흐림,단일로 - 교량,화물,남,23세,경상,승용,남,43세,중상
2018112200100125,2018년 11월 22일 08시,목요일,충청북도 충주시 가주동,중상사고,0,1,0,0,차량단독 - 도로외이탈 - 추락,안전운전불이행,서리/결빙,기타,단일로 - 기타,승용,여,54세,중상,,,,
2018112200100126,2018년 11월 22일 08시,목요일,충청북도 진천군 덕산면,경상사고,0,0,2,0,차대차 - 추돌,안전거리미확보,젖음/습기,비,단일로 - 기타,승용,남,31세,상해없음,승용,남,38세,경상
2018112200100127,2018년 11월 22일 08시,목요일,충청북도 진천군 덕산면,중상사고,0,1,0,1,차대차 - 기타,안전운전불이행,서리/결빙,맑음,단일로 - 기타,승용,남,39세,상해없음,승용,남,46세,부상신고
2018112200100128,2018년 11월 22일 08시,목요일,충청북도 청주시 흥덕구 복대동,경상사고,0,0,2,0,차대차 - 측면충돌,교차로운행방법위반,건조,맑음,교차로 - 교차로안,화물,남,32세,경상,승용,여,40세,경상
2018112200100129,2018년 11월 22일 08시,목요일,충청북도 청주시 서원구 수곡동,경상사고,0,0,1,0,차대차 - 측면충돌,교차로운행방법위반,젖음/습기,맑음,교차로 - 교차로안,승용,남,23세,상해없음,자전거,남,21세,경상
2018112200100178,2018년 11월 22일 09시,목요일,충청북도 충주시 대소원면,경상사고,0,0,3,0,차대차 - 기타,직진우회전진행방해,건조,맑음,교차로 - 교차로안,승용,남,45세,경상,승용,남,55세,경상
2018112200100179,2018년 11월 22일 09시,목요일,충청북도 진천군 진천읍,경상사고,0,0,1,0,차대차 - 기타,안전운전불이행,건조,맑음,교차로 - 교차로부근,이륜,남,81세,경상,화물,남,42세,상해없음
2018112200100253,2018년 11월 22일 11시,목요일,충청북도 청주시 상당구 용담동,경상사고,0,0,4,0,차대차 - 측면충돌,교차로운행방법위반,건조,맑음,교차로 - 교차로안,승용,남,67세,상해없음,승용,여,40세,경상
2018112200100281,2018년 11월 22일 12시,목요일,충청북도 음성군 감곡면,경상사고,0,0,2,0,차대차 - 추돌,안전운전불이행,건조,맑음,단일로 - 기타,승용,남,23세,상해없음,승용,여,40세,경상
2018112200100312,2018년 11월 22일 13시,목요일,충청북도 청주시 서원구 사직동,경상사고,0,0,1,0,차대사람 - 기타,안전운전불이행,건조,맑음,단일로 - 기타,승합,남,39세,상해없음,보행자,여,68세,경상
2018112200100313,2018년 11월 22일 13시,목요일,충청북도 충주시 충의동,경상사고,0,0,1,0,차대사람 - 기타,안전운전불이행,건조,맑음,기타 - 기타,승용,남,33세,상해없음,보행자,여,63세,경상
2018112200100314,2018년 11월 22일 13시,목요일,충청북도 청주시 흥덕구 비하동,중상사고,0,1,0,0,차대차 - 기타,안전거리미확보,건조,맑음,단일로 - 기타,승합,남,47세,상해없음,자전거,남,71세,중상
2018112200100352,2018년 11월 22일 14시,목요일,충청북도 청주시 서원구 사창동,경상사고,0,0,1,0,차대차 - 추돌,안전운전불이행,건조,맑음,단일로 - 기타,승용,여,57세,상해없음,승용,여,38세,경상
2018112200100353,2018년 11월 22일 14시,목요일,충청북도 청주시 청원구 주성동,경상사고,0,0,1,0,차대차 - 측면충돌,교차로운행방법위반,건조,맑음,교차로 - 교차로안,승합,남,57세,상해없음,승용,남,26세,경상
2018112200100388,2018년 11월 22일 15시,목요일,충청북도 충주시 연수동,경상사고,0,0,1,0,차대차 - 측면충돌,안전운전불이행,건조,맑음,교차로 - 교차로부근,승용,남,74세,상해없음,승용,남,40세,경상
2018112200100389,2018년 11월 22일 15시,목요일,충청북도 청주시 흥덕구 봉명동,경상사고,0,0,1,0,차대차 - 측면충돌,안전운전불이행,건조,맑음,교차로 - 교차로부근,이륜,남,31세,경상,승용,남,18세,상해없음
2018112200100390,2018년 11월 22일 15시,목요일,충청북도 괴산군 연풍면,중상사고,0,1,1,0,차대차 - 추돌,안전거리미확보,건조,맑음,단일로 - 기타,승용,여,58세,중상,승용,여,42세,경상
2018112200100424,2018년 11월 22일 16시,목요일,충청북도 청주시 상당구 용암동,중상사고,0,2,0,0,차대차 - 측면충돌,신호위반,건조,맑음,교차로 - 교차로안,승용,남,85세,상해없음,승용,여,39세,중상
2018112200100470,2018년 11월 22일 17시,목요일,충청북도 제천시 영천동,경상사고,0,0,1,0,차대사람 - 기타,안전운전불이행,건조,맑음,단일로 - 기타,승용,남,60세,상해없음,보행자,여,55세,경상
2018112200100471,2018년 11월 22일 17시,목요일,충청북도 청주시 서원구 수곡동,중상사고,0,1,0,0,차대차 - 후진중충돌,안전운전불이행,건조,맑음,교차로 - 교차로안,화물,남,57세,상해없음,자전거,남,64세,중상
2018112200100521,2018년 11월 22일 18시,목요일,충청북도 청주시 청원구 율량동,경상사고,0,0,1,0,차대사람 - 기타,중앙선침범,건조,맑음,단일로 - 기타,승용,여,28세,상해없음,보행자,여,48세,경상
2018112200100522,2018년 11월 22일 18시,목요일,충청북도 제천시 봉양읍,사망사고,1,0,0,0,차대차 - 추돌,안전운전불이행,건조,맑음,단일로 - 기타,승용,남,45세,사망,건설기계,남,49세,상해없음
2018112200100523,2018년 11월 22일 18시,목요일,충청북도 괴산군 감물면,중상사고,0,1,0,0,차대차 - 추돌,안전운전불이행,건조,맑음,교차로 - 교차로부근,화물,남,61세,중상,화물,여,31세,상해없음
2018112200100524,2018년 11월 22일 18시,목요일,충청북도 음성군 금왕읍,중상사고,0,1,0,0,차대사람 - 횡단중,보행자보호의무위반,건조,맑음,교차로 - 교차로안,승용,남,25세,상해없음,보행자,남,24세,중상
2018112200100525,2018년 11월 22일 18시,목요일,충청북도 음성군 대소면,경상사고,0,0,1,0,차대차 - 측면충돌,차로위반,건조,맑음,단일로 - 기타,승용,여,23세,상해없음,승용,여,46세,경상
2018112200100526,2018년 11월 22일 18시,목요일,충청북도 진천군 진천읍,경상사고,0,0,1,0,차대차 - 기타,신호위반,건조,맑음,교차로 - 교차로안,승용,여,27세,상해없음,승용,여,52세,경상
2018112200100527,2018년 11월 22일 18시,목요일,충청북도 진천군 덕산면,경상사고,0,0,1,0,차대차 - 정면충돌,안전운전불이행,건조,맑음,교차로 - 교차로안,이륜,남,54세,상해없음,승용,여,55세,경상
2018112200100528,2018년 11월 22일 18시,목요일,충청북도 청주시 상당구 문화동,중상사고,0,1,0,0,차대사람 - 횡단중,보행자보호의무위반,건조,맑음,단일로 - 지하차도(도로)내,승용,여,73세,상해없음,보행자,여,77세,중상
2018112200100529,2018년 11월 22일 18시,목요일,충청북도 괴산군 장연면,중상사고,0,1,1,0,차대차 - 추돌,안전운전불이행,건조,맑음,단일로 - 기타,화물,남,42세,상해없음,화물,남,52세,중상
2018112200100566,2018년 11월 22일 19시,목요일,충청북도 충주시 용산동,경상사고,0,0,1,0,차대차 - 추돌,안전운전불이행,건조,맑음,교차로 - 교차로부근,승용,남,58세,상해없음,승합,남,43세,경상
2018112200100601,2018년 11월 22일 20시,목요일,충청북도 청주시 흥덕구 강서동,부상신고사고,0,0,0,1,차대차 - 측면충돌,안전운전불이행,건조,맑음,교차로 - 교차로부근,이륜,남,20세,부상신고,기타불명,기타불명,미분류,기타불명
2018112200100650,2018년 11월 22일 22시,목요일,충청북도 청주시 서원구 장암동,경상사고,0,0,2,1,차대차 - 측면충돌,안전운전불이행,건조,맑음,단일로 - 지하차도(도로)내,승용,여,51세,부상신고,승용,남,54세,경상
2018112300100029,2018년 11월 23일 02시,금요일,충청북도 청주시 서원구 모충동,경상사고,0,0,1,0,차대차 - 추돌,안전운전불이행,건조,맑음,단일로 - 기타,승합,남,63세,상해없음,자전거,남,27세,경상
2018112300100034,2018년 11월 23일 03시,금요일,충청북도 청주시 흥덕구 가경동,경상사고,0,0,2,0,차대차 - 추돌,안전운전불이행,건조,맑음,교차로 - 교차로부근,승용,남,31세,상해없음,승용,남,56세,경상
2018112300100045,2018년 11월 23일 05시,금요일,충청북도 청주시 청원구 오창읍,중상사고,0,1,0,0,차량단독 - 공작물충돌,안전운전불이행,건조,맑음,교차로 - 교차로부근,승용,남,27세,상해없음,,,,
2018112300100067,2018년 11월 23일 06시,금요일,충청북도 청주시 흥덕구 강내면,경상사고,0,0,3,0,차대차 - 기타,안전운전불이행,건조,맑음,단일로 - 기타,화물,남,33세,경상,화물,남,40세,경상
2018112300100089,2018년 11월 23일 07시,금요일,충청북도 청주시 흥덕구 송정동,경상사고,0,0,2,0,차대차 - 측면충돌,교차로운행방법위반,건조,맑음,교차로 - 교차로안,승용,남,24세,상해없음,승용,남,54세,경상
2018112300100127,2018년 11월 23일 08시,금요일,충청북도 청주시 흥덕구 운천동,중상사고,0,1,1,0,차대차 - 측면충돌,교차로운행방법위반,건조,맑음,교차로 - 교차로부근,승용,여,42세,경상,승용,남,37세,중상
2018112300100128,2018년 11월 23일 08시,금요일,충청북도 충주시 호암동,경상사고,0,0,7,0,차대차 - 추돌,안전운전불이행,건조,맑음,단일로 - 기타,승용,남,49세,상해없음,승합,남,50세,경상
2018112300100129,2018년 11월 23일 08시,금요일,충청북도 제천시 명동,경상사고,0,0,1,0,차대차 - 측면충돌,안전운전불이행,건조,맑음,단일로 - 지하차도(도로)내,승용,남,23세,상해없음,자전거,남,84세,경상
2018112300100130,2018년 11월 23일 08시,금요일,충청북도 청주시 서원구 수곡동,경상사고,0,0,1,0,차대사람 - 길가장자리구역통행중,안전운전불이행,건조,맑음,단일로 - 지하차도(도로)내,승용,여,58세,상해없음,보행자,여,74세,경상
2018112300100175,2018년 11월 23일 09시,금요일,충청북도 음성군 감곡면,경상사고,0,0,1,0,차대차 - 측면충돌,차로위반,건조,맑음,단일로 - 기타,화물,남,41세,상해없음,승용,여,61세,경상
2018112300100209,2018년 11월 23일 10시,금요일,충청북도 제천시 강제동,경상사고,0,0,2,0,차대차 - 측면충돌,안전운전불이행,건조,맑음,교차로 - 교차로안,승용,여,60세,경상,승용,여,39세,경상
2018112300100210,2018년 11월 23일 10시,금요일,충청북도 제천시 청전동,경상사고,0,0,1,0,차대차 - 추돌,안전거리미확보,서리/결빙,흐림,단일로 - 기타,승용,남,53세,상해없음,승용,남,37세,경상
2018112300100237,2018년 11월 23일 11시,금요일,충청북도 청주시 서원구 사직동,중상사고,0,1,0,0,차대차 - 기타,교차로운행방법위반,건조,맑음,단일로 - 기타,승용,남,70세,상해없음,이륜,남,81세,중상
2018112300100238,2018년 11월 23일 11시,금요일,충청북도 제천시 왕암동,경상사고,0,0,2,0,차대차 - 측면충돌,직진우회전진행방해,건조,맑음,교차로 - 교차로안,승용,남,60세,경상,승용,남,62세,경상
2018112300100239,2018년 11월 23일 11시,금요일,충청북도 청주시 상당구 용암동,경상사고,0,0,1,0,차대차 - 기타,안전운전불이행,건조,맑음,단일로 - 기타,승용,여,53세,상해없음,승용,여,56세,경상
2018112300100271,2018년 11월 23일 12시,금요일,충청북도 청주시 흥덕구 오송읍,사망사고,1,0,0,0,차대차 - 기타,안전운전불이행,건조,맑음,교차로 - 교차로안,이륜,남,82세,사망,특수,남,56세,상해없음
2018112300100272,2018년 11월 23일 12시,금요일,충청북도 청주시 상당구 용암동,경상사고,0,0,1,0,차대차 - 기타,중앙선침범,건조,맑음,교차로 - 교차로부근,이륜,남,37세,상해없음,승용,남,24세,경상
2018112300100308,2018년 11월 23일 13시,금요일,충청북도 청주시 청원구 주중동,사망사고,1,0,0,0,차대차 - 기타,신호위반,건조,맑음,교차로 - 교차로안,승합,남,55세,상해없음,이륜,여,63세,사망
2018112300100309,2018년 11월 23일 13시,금요일,충청북도 청주시 상당구 문의면,중상사고,0,1,0,0,차대차 - 기타,안전운전불이행,건조,맑음,교차로 - 교차로안,승합,남,46세,상해없음,농기계,남,77세,중상
2018112300100337,2018년 11월 23일 14시,금요일,충청북도 청주시 청원구 사천동,경상사고,0,0,4,0,차대차 - 기타,안전운전불이행,건조,맑음,단일로 - 기타,승용,남,53세,상해없음,승용,여,54세,경상
2018112300100369,2018년 11월 23일 15시,금요일,충청북도 청주시 서원구 사직동,중상사고,0,1,0,0,차대차 - 기타,안전운전불이행,건조,맑음,교차로 - 교차로횡단보도내,승용,남,63세,상해없음,자전거,남,75세,중상
2018112300100370,2018년 11월 23일 15시,금요일,충청북도 충주시 충의동,중상사고,0,1,0,0,차대사람 - 기타,기타,건조,맑음,단일로 - 기타,자전거,남,71세,상해없음,보행자,여,86세,중상
2018112300100371,2018년 11월 23일 15시,금요일,충청북도 청주시 서원구 장암동,경상사고,0,0,2,0,차대차 - 측면충돌,안전운전불이행,건조,맑음,단일로 - 지하차도(도로)내,승용,남,49세,경상,승용,남,33세,경상
2018112300100411,2018년 11월 23일 16시,금요일,충청북도 충주시 주덕읍,경상사고,0,0,4,0,차대차 - 추돌,안전운전불이행,건조,맑음,단일로 - 기타,화물,남,37세,상해없음,승용,남,45세,경상
2018112300100412,2018년 11월 23일 16시,금요일,충청북도 청주시 흥덕구 봉명동,경상사고,0,0,2,0,차대차 - 측면충돌,안전운전불이행,건조,맑음,교차로 - 교차로안,이륜,남,34세,경상,승용,남,57세,상해없음
2018112300100460,2018년 11월 23일 17시,금요일,충청북도 괴산군 청안면,중상사고,0,1,0,0,차대사람 - 길가장자리구역통행중,안전운전불이행,건조,맑음,단일로 - 기타,승합,남,45세,상해없음,보행자,남,50세,중상
2018112300100461,2018년 11월 23일 17시,금요일,충청북도 진천군 진천읍,중상사고,0,1,0,0,차대차 - 측면충돌,안전운전불이행,건조,맑음,교차로 - 교차로안,승용,여,67세,상해없음,승용,여,58세,중상
2018112300100528,2018년 11월 23일 18시,금요일,충청북도 청주시 서원구 사창동,경상사고,0,0,7,0,차대차 - 추돌,안전운전불이행,건조,맑음,단일로 - 기타,승용,남,26세,상해없음,승용,여,54세,경상
2018112300100529,2018년 11월 23일 18시,금요일,충청북도 청주시 흥덕구 강서동,경상사고,0,0,1,1,차대차 - 추돌,교차로운행방법위반,건조,맑음,교차로 - 교차로안,승용,여,22세,부상신고,승용,남,47세,경상
2018112300100591,2018년 11월 23일 19시,금요일,충청북도 청주시 청원구 오창읍,경상사고,0,0,1,0,차대차 - 측면충돌,교차로운행방법위반,건조,맑음,교차로 - 교차로안,승용,남,41세,상해없음,승용,남,26세,경상
2018112300100648,2018년 11월 23일 20시,금요일,충청북도 청주시 청원구 오창읍,사망사고,1,1,0,0,차대차 - 측면충돌,신호위반,건조,맑음,교차로 - 교차로안,승용,남,37세,상해없음,화물,남,58세,사망
2018112300100675,2018년 11월 23일 21시,금요일,충청북도 충주시 금가면,경상사고,0,0,2,0,차대차 - 기타,안전거리미확보,건조,맑음,단일로 - 기타,승용,여,51세,경상,승용,남,37세,경상
2018112300100731,2018년 11월 23일 23시,금요일,충청북도 영동군 추풍령면,중상사고,0,1,0,0,차량단독 - 전도전복 - 전도,안전운전불이행,건조,맑음,단일로 - 기타,승용,여,35세,중상,미분류,미분류,미분류,미분류
2018112400100035,2018년 11월 24일 01시,토요일,충청북도 청주시 청원구 율량동,중상사고,0,1,0,0,차대차 - 측면충돌,교차로운행방법위반,건조,맑음,교차로 - 교차로안,승용,남,20세,상해없음,승용,남,62세,중상
2018112400100036,2018년 11월 24일 01시,토요일,충청북도 제천시 모산동,중상사고,0,1,0,0,차량단독 - 공작물충돌,안전운전불이행,건조,맑음,교차로 - 교차로부근,화물,남,33세,상해없음,,,,
2018112400100049,2018년 11월 24일 02시,토요일,충청북도 청주시 흥덕구 비하동,경상사고,0,0,1,0,차대차 - 추돌,안전운전불이행,건조,맑음,단일로 - 기타,승용,남,40세,상해없음,화물,여,64세,경상
2018112400100113,2018년 11월 24일 06시,토요일,충청북도 제천시 영천동,중상사고,0,1,0,0,차대차 - 측면충돌,교차로운행방법위반,건조,맑음,교차로 - 교차로부근,화물,남,53세,상해없음,화물,여,57세,중상
2018112400100114,2018년 11월 24일 06시,토요일,충청북도 보은군 회인면,경상사고,0,0,1,0,차대차 - 측면충돌,안전운전불이행,젖음/습기,흐림,단일로 - 지하차도(도로)내,승용,남,23세,상해없음,승용,남,22세,경상
2018112400100115,2018년 11월 24일 06시,토요일,충청북도 청주시 서원구 현도면,경상사고,0,0,1,0,차대차 - 기타,신호위반,건조,맑음,교차로 - 교차로안,승용,남,30세,상해없음,승용,남,54세,경상
2018112400100222,2018년 11월 24일 09시,토요일,충청북도 제천시 봉양읍,중상사고,0,2,1,0,차대차 - 추돌,안전운전불이행,적설,눈,단일로 - 교량,화물,남,53세,경상,승용,남,47세,상해없음
2018112400100224,2018년 11월 24일 09시,토요일,충청북도 충주시 산척면,중상사고,0,1,0,0,차대차 - 추돌,안전운전불이행,적설,눈,단일로 - 기타,승용,남,26세,상해없음,승용,남,50세,중상
2018112400100225,2018년 11월 24일 09시,토요일,충청북도 제천시 금성면,경상사고,0,0,3,0,차대차 - 기타,안전운전불이행,적설,눈,단일로 - 기타,화물,남,74세,상해없음,승용,남,49세,경상
2018112400100226,2018년 11월 24일 09시,토요일,충청북도 제천시 고암동,중상사고,0,1,1,0,차대차 - 추돌,안전운전불이행,적설,눈,교차로 - 교차로부근,승용,여,53세,상해없음,화물,남,54세,경상
2018112400100227,2018년 11월 24일 09시,토요일,충청북도 단양군 매포읍,경상사고,0,0,3,0,차대차 - 기타,안전운전불이행,적설,눈,단일로 - 기타,승용,여,41세,경상,승용,남,43세,경상
2018112400100228,2018년 11월 24일 09시,토요일,충청북도 진천군 문백면,부상신고사고,0,0,0,1,차량단독 - 공작물충돌,안전운전불이행,서리/결빙,눈,단일로 - 기타,승용,남,59세,부상신고,,,,
2018112400100262,2018년 11월 24일 10시,토요일,충청북도 청주시 흥덕구 강서동,경상사고,0,0,3,0,차대차 - 측면충돌,안전운전불이행,젖음/습기,비,교차로 - 교차로안,승용,남,76세,경상,승용,여,33세,경상
2018112400100292,2018년 11월 24일 11시,토요일,충청북도 청주시 청원구 오창읍,경상사고,0,0,1,0,차대차 - 기타,안전운전불이행,젖음/습기,흐림,단일로 - 기타,승용,남,35세,상해없음,이륜,남,44세,경상
2018112400100293,2018년 11월 24일 11시,토요일,충청북도 충주시 칠금동,경상사고,0,0,1,0,차대차 - 기타,안전운전불이행,건조,맑음,단일로 - 기타,승용,남,21세,상해없음,승용,남,28세,경상
2018112400100294,2018년 11월 24일 11시,토요일,충청북도 단양군 매포읍,경상사고,0,0,1,0,차대차 - 기타,안전운전불이행,적설,눈,단일로 - 기타,승용,여,55세,상해없음,화물,남,59세,경상
2018112400100330,2018년 11월 24일 12시,토요일,충청북도 충주시 소태면,경상사고,0,0,2,0,차대차 - 기타,안전운전불이행,서리/결빙,눈,단일로 - 교량,화물,남,42세,상해없음,승용,남,53세,경상
2018112400100331,2018년 11월 24일 12시,토요일,충청북도 청주시 흥덕구 가경동,경상사고,0,0,4,0,차대차 - 측면충돌,신호위반,건조,맑음,교차로 - 교차로안,승용,여,45세,경상,승용,남,75세,경상
2018112400100332,2018년 11월 24일 12시,토요일,충청북도 청주시 상당구 탑동,경상사고,0,0,1,0,차대차 - 측면충돌,안전운전불이행,젖음/습기,비,단일로 - 기타,이륜,남,20세,경상,승용,남,51세,상해없음
2018112400100333,2018년 11월 24일 12시,토요일,충청북도 청주시 상당구 용암동,경상사고,0,0,1,0,차량단독 - 전도전복 - 전도,안전운전불이행,젖음/습기,비,교차로 - 교차로안,이륜,남,45세,경상,미분류,미분류,미분류,미분류
2018112400100335,2018년 11월 24일 12시,토요일,충청북도 청주시 서원구 현도면,경상사고,0,0,2,0,차대차 - 추돌,안전운전불이행,젖음/습기,비,단일로 - 기타,승용,남,35세,상해없음,승용,여,52세,경상
2018112400100358,2018년 11월 24일 13시,토요일,충청북도 청주시 상당구 북문로3가동,중상사고,0,1,5,0,차대차 - 측면충돌,안전거리미확보,건조,맑음,단일로 - 기타,승용,여,47세,경상,승용,남,63세,경상
2018112400100359,2018년 11월 24일 13시,토요일,충청북도 청주시 서원구 사창동,경상사고,0,0,1,0,차대차 - 기타,교차로운행방법위반,젖음/습기,눈,교차로 - 교차로안,승용,남,36세,상해없음,이륜,남,32세,경상
2018112400100360,2018년 11월 24일 13시,토요일,충청북도 청주시 청원구 내덕동,경상사고,0,0,1,0,차대차 - 기타,안전거리미확보,젖음/습기,흐림,단일로 - 기타,화물,남,66세,상해없음,승합,남,42세,상해없음
2018112400100388,2018년 11월 24일 14시,토요일,충청북도 충주시 용산동,중상사고,0,1,0,0,차대차 - 측면충돌,신호위반,건조,맑음,교차로 - 교차로안,승용,남,57세,상해없음,승용,남,59세,중상
2018112400100481,2018년 11월 24일 17시,토요일,충청북도 음성군 대소면,경상사고,0,0,3,0,차대차 - 측면충돌,차로위반,젖음/습기,맑음,단일로 - 기타,화물,여,60세,상해없음,승용,여,26세,경상
2018112400100482,2018년 11월 24일 17시,토요일,충청북도 청주시 상당구 평촌동,중상사고,0,1,1,0,차대차 - 추돌,안전운전불이행,건조,맑음,단일로 - 교량,승합,남,40세,상해없음,승용,여,50세,중상
2018112400100566,2018년 11월 24일 19시,토요일,충청북도 충주시 수안보면,중상사고,0,1,0,1,차대차 - 측면충돌,신호위반,건조,맑음,교차로 - 교차로안,승용,남,56세,부상신고,승용,남,48세,중상
2018112400100609,2018년 11월 24일 20시,토요일,충청북도 청주시 서원구 성화동,중상사고,0,2,7,0,차대차 - 추돌,중앙선침범,건조,맑음,교차로 - 교차로부근,승용,여,31세,상해없음,승용,남,37세,중상