사고번호,사고일시,요일,시군구,사고내용,사망자수,중상자수,경상자수,부상신고자수,사고유형,법규위반,노면상태,기상상태,도로형태,가해운전자 차종,가해운전자 성별,가해운전자 연령,가해운전자 상해정도,피해운전자 차종,피해운전자 성별,피해운전자 연령,피해운전자 상해정도
2018112400100610,2018년 11월 24일 20시,토요일,충청북도 청주시 흥덕구 가경동,경상사고,0,0,2,0,차대차 - 추돌,안전거리미확보,건조,맑음,교차로 - 교차로부근,승용,남,21세,상해없음,승용,여,35세,경상
2018112400100639,2018년 11월 24일 21시,토요일,충청북도 증평군 도안면,중상사고,0,1,0,0,차대차 - 추돌,안전운전불이행,건조,맑음,교차로 - 교차로안,승용,남,59세,상해없음,승용,여,66세,중상
2018112400100640,2018년 11월 24일 21시,토요일,충청북도 청주시 흥덕구 강서동,경상사고,0,0,1,0,차대차 - 기타,기타,건조,맑음,교차로 - 교차로부근,승합,남,66세,상해없음,이륜,남,30세,경상
2018112400100696,2018년 11월 24일 23시,토요일,충청북도 청주시 청원구 율량동,경상사고,0,0,1,0,차대차 - 기타,중앙선침범,건조,맑음,단일로 - 기타,기타불명,기타불명,미분류,기타불명,승용,남,57세,상해없음
2018112500100086,2018년 11월 25일 08시,일요일,충청북도 청주시 흥덕구 비하동,경상사고,0,0,3,0,차대차 - 기타,안전운전불이행,젖음/습기,안개,교차로 - 교차로부근,승용,남,58세,경상,승용,여,45세,경상
2018112500100139,2018년 11월 25일 11시,일요일,충청북도 진천군 진천읍,경상사고,0,0,1,0,차대차 - 기타,교차로운행방법위반,건조,맑음,교차로 - 교차로안,이륜,남,33세,경상,승용,남,40세,상해없음
2018112500100153,2018년 11월 25일 12시,일요일,충청북도 영동군 심천면,중상사고,0,1,0,0,차량단독 - 기타,안전운전불이행,건조,맑음,단일로 - 기타,승용,남,77세,중상,,,,
2018112500100154,2018년 11월 25일 12시,일요일,충청북도 청주시 상당구 금천동,부상신고사고,0,0,0,1,차대차 - 기타,안전운전불이행,건조,맑음,단일로 - 지하차도(도로)내,원동기,남,50세,부상신고,원동기,남,65세,상해없음
2018112500100181,2018년 11월 25일 13시,일요일,충청북도 충주시 연수동,중상사고,0,1,0,0,차대차 - 기타,교차로운행방법위반,건조,맑음,교차로 - 교차로안,승용,여,66세,상해없음,이륜,남,16세,중상
2018112500100182,2018년 11월 25일 13시,일요일,충청북도 옥천군 군서면,사망사고,1,0,0,0,차량단독 - 공작물충돌,안전운전불이행,건조,맑음,단일로 - 기타,화물,남,59세,사망,,,,
2018112500100183,2018년 11월 25일 13시,일요일,충청북도 음성군 감곡면,경상사고,0,0,6,0,차대차 - 추돌,안전거리미확보,건조,맑음,단일로 - 기타,승용,남,51세,경상,승용,남,68세,상해없음
2018112500100199,2018년 11월 25일 14시,일요일,충청북도 청주시 청원구 북이면,중상사고,0,2,1,0,차대차 - 측면충돌,안전운전불이행,건조,맑음,교차로 - 교차로안,승용,남,30세,경상,승용,남,45세,중상
2018112500100231,2018년 11월 25일 15시,일요일,충청북도 증평군 증평읍,중상사고,0,1,0,0,차대차 - 측면충돌,안전운전불이행,건조,맑음,교차로 - 교차로안,승용,남,65세,상해없음,이륜,남,35세,중상
2018112500100232,2018년 11월 25일 15시,일요일,충청북도 음성군 대소면,중상사고,0,3,0,0,차대차 - 정면충돌,중앙선침범,건조,맑음,단일로 - 기타,승용,남,64세,상해없음,승용,여,41세,중상
2018112500100263,2018년 11월 25일 16시,일요일,충청북도 제천시 장락동,경상사고,0,0,2,0,차대차 - 측면충돌,직진우회전진행방해,건조,맑음,교차로 - 교차로안,승용,남,57세,상해없음,승용,남,42세,경상
2018112500100264,2018년 11월 25일 16시,일요일,충청북도 진천군 진천읍,중상사고,0,1,0,0,차대차 - 측면충돌,직진우회전진행방해,건조,맑음,교차로 - 교차로안,승용,여,54세,상해없음,자전거,여,57세,중상
2018112500100288,2018년 11월 25일 17시,일요일,충청북도 청주시 청원구 오창읍,경상사고,0,0,2,0,차대차 - 추돌,안전운전불이행,건조,맑음,교차로 - 교차로부근,승용,남,49세,상해없음,승용,여,32세,경상
2018112500100289,2018년 11월 25일 17시,일요일,충청북도 청주시 서원구 모충동,경상사고,0,0,1,0,차량단독 - 기타,안전운전불이행,건조,맑음,단일로 - 기타,승합,남,50세,상해없음,,,,
2018112500100322,2018년 11월 25일 18시,일요일,충청북도 청주시 상당구 금천동,경상사고,0,0,1,1,차대차 - 측면충돌,안전운전불이행,건조,맑음,교차로 - 교차로안,승용,여,50세,경상,기타불명,기타불명,미분류,기타불명
2018112500100352,2018년 11월 25일 19시,일요일,충청북도 제천시 고암동,경상사고,0,0,1,0,차대차 - 기타,안전운전불이행,건조,맑음,주차장 - 주차장,승용,남,64세,상해없음,승용,여,58세,경상
2018112500100443,2018년 11월 25일 23시,일요일,충청북도 청주시 상당구 용암동,경상사고,0,0,1,0,차대차 - 기타,교차로운행방법위반,건조,맑음,교차로 - 교차로안,승용,남,44세,상해없음,이륜,남,40세,경상
2018112600100008,2018년 11월 26일 00시,월요일,충청북도 충주시 대소원면,중상사고,0,1,0,0,차량단독 - 도로외이탈 - 추락,안전운전불이행,건조,맑음,단일로 - 기타,승용,남,38세,중상,,,,
2018112600100024,2018년 11월 26일 02시,월요일,충청북도 청주시 상당구 용암동,중상사고,0,1,1,0,차대차 - 측면충돌,안전운전불이행,건조,맑음,단일로 - 고가도로위,승용,남,31세,상해없음,승용,남,48세,중상
2018112600100025,2018년 11월 26일 02시,월요일,충청북도 청주시 서원구 분평동,경상사고,0,0,2,0,차대차 - 측면충돌,안전운전불이행,건조,맑음,단일로 - 기타,승용,남,17세,상해없음,승용,남,49세,상해없음
2018112600100050,2018년 11월 26일 05시,월요일,충청북도 청주시 청원구 오창읍,중상사고,0,1,0,0,차량단독 - 전도전복 - 전도,안전운전불이행,건조,맑음,교차로 - 교차로부근,이륜,남,87세,중상,미분류,미분류,미분류,미분류
2018112600100082,2018년 11월 26일 07시,월요일,충청북도 옥천군 이원면,사망사고,1,0,0,0,차대사람 - 길가장자리구역통행중,안전운전불이행,젖음/습기,안개,단일로 - 기타,승용,남,56세,상해없음,보행자,여,71세,사망
2018112600100122,2018년 11월 26일 08시,월요일,충청북도 제천시 신백동,중상사고,0,1,5,0,차대차 - 측면충돌,직진우회전진행방해,젖음/습기,안개,교차로 - 교차로안,승용,남,60세,상해없음,승용,여,58세,경상
2018112600100123,2018년 11월 26일 08시,월요일,충청북도 청주시 흥덕구 복대동,경상사고,0,0,1,0,차대차 - 기타,안전운전불이행,건조,맑음,교차로 - 교차로부근,승용,여,50세,상해없음,승용,남,34세,경상
2018112600100124,2018년 11월 26일 08시,월요일,충청북도 청주시 상당구 방서동,경상사고,0,0,1,0,차대차 - 추돌,안전운전불이행,건조,맑음,교차로 - 교차로부근,승용,남,64세,상해없음,승용,여,54세,경상
2018112600100171,2018년 11월 26일 09시,월요일,충청북도 청주시 상당구 명암동,경상사고,0,0,1,0,차대차 - 기타,안전거리미확보,건조,맑음,단일로 - 지하차도(도로)내,승용,남,57세,상해없음,승용,남,53세,상해없음
2018112600100226,2018년 11월 26일 11시,월요일,충청북도 영동군 심천면,경상사고,0,0,2,0,차대차 - 측면충돌,안전운전불이행,건조,맑음,교차로 - 교차로안,승용,여,55세,경상,승용,남,53세,경상
2018112600100260,2018년 11월 26일 12시,월요일,충청북도 영동군 영동읍,중상사고,0,1,0,0,차대차 - 추돌,안전운전불이행,건조,맑음,단일로 - 기타,승용,여,36세,상해없음,농기계,남,72세,중상
2018112600100261,2018년 11월 26일 12시,월요일,충청북도 청주시 상당구 남일면,중상사고,0,1,4,0,차대차 - 추돌,안전운전불이행,건조,맑음,단일로 - 기타,승용,남,62세,상해없음,승용,남,30세,중상
2018112600100294,2018년 11월 26일 13시,월요일,충청북도 제천시 중앙로2가,중상사고,0,1,0,0,차대차 - 측면충돌,신호위반,건조,맑음,교차로 - 교차로안,승용,여,36세,상해없음,이륜,남,64세,중상
2018112600100295,2018년 11월 26일 13시,월요일,충청북도 음성군 원남면,중상사고,0,1,0,0,차대차 - 측면충돌,안전운전불이행,건조,맑음,단일로 - 기타,승용,여,53세,상해없음,이륜,남,60세,중상
2018112600100296,2018년 11월 26일 13시,월요일,충청북도 청주시 상당구 북문로2가동,중상사고,0,1,0,0,차대차 - 측면충돌,신호위반,건조,맑음,교차로 - 교차로안,승합,남,62세,상해없음,이륜,남,61세,중상
2018112600100330,2018년 11월 26일 14시,월요일,충청북도 충주시 대소원면,경상사고,0,0,1,0,차대차 - 측면충돌,신호위반,건조,맑음,교차로 - 교차로안,승용,남,28세,상해없음,화물,남,61세,경상
2018112600100331,2018년 11월 26일 14시,월요일,충청북도 청주시 서원구 현도면,중상사고,0,3,2,0,차대차 - 추돌,안전운전불이행,건조,맑음,교차로 - 교차로부근,화물,남,27세,상해없음,화물,남,60세,중상
2018112600100364,2018년 11월 26일 15시,월요일,충청북도 청주시 서원구 사직동,중상사고,0,1,1,0,차대차 - 기타,안전거리미확보,건조,맑음,단일로 - 기타,승용,남,32세,상해없음,이륜,남,34세,중상
2018112600100365,2018년 11월 26일 15시,월요일,충청북도 충주시 주덕읍,경상사고,0,0,1,0,차대차 - 기타,안전거리미확보,건조,맑음,단일로 - 고가도로위,승용,남,68세,상해없음,승용,남,37세,경상
2018112600100366,2018년 11월 26일 15시,월요일,충청북도 단양군 영춘면,경상사고,0,0,2,0,차대차 - 기타,직진우회전진행방해,건조,맑음,교차로 - 교차로안,승용,남,63세,상해없음,승용,여,65세,경상
2018112600100410,2018년 11월 26일 16시,월요일,충청북도 청주시 흥덕구 가경동,경상사고,0,0,1,0,차대차 - 측면충돌,안전운전불이행,건조,맑음,교차로 - 교차로부근,화물,남,63세,상해없음,이륜,남,44세,경상
2018112600100456,2018년 11월 26일 17시,월요일,충청북도 청주시 서원구 현도면,경상사고,0,0,2,0,차대차 - 기타,신호위반,건조,맑음,교차로 - 교차로부근,승용,남,47세,상해없음,화물,남,59세,경상
2018112600100457,2018년 11월 26일 17시,월요일,충청북도 청주시 흥덕구 옥산면,경상사고,0,0,1,0,차대차 - 측면충돌,차로위반,건조,흐림,단일로 - 기타,승용,남,34세,상해없음,승용,여,48세,경상
2018112600100510,2018년 11월 26일 18시,월요일,충청북도 청주시 서원구 사창동,경상사고,0,0,1,0,차대차 - 기타,기타,건조,맑음,교차로 - 교차로안,기타불명,기타불명,미분류,기타불명,화물,남,42세,경상
2018112600100511,2018년 11월 26일 18시,월요일,충청북도 충주시 호암동,경상사고,0,0,1,0,차대차 - 측면충돌,안전운전불이행,건조,맑음,교차로 - 교차로부근,승용,남,68세,상해없음,승용,여,53세,상해없음
2018112600100512,2018년 11월 26일 18시,월요일,충청북도 음성군 금왕읍,경상사고,0,0,1,0,차대차 - 측면충돌,교차로운행방법위반,건조,맑음,교차로 - 교차로안,승용,남,23세,경상,특수,남,28세,상해없음
2018112600100554,2018년 11월 26일 19시,월요일,충청북도 충주시 안림동,경상사고,0,0,1,0,차대차 - 측면충돌,안전운전불이행,건조,맑음,교차로 - 교차로안,자전거,남,79세,경상,승용,남,69세,상해없음
2018112600100555,2018년 11월 26일 19시,월요일,충청북도 충주시 용관동,경상사고,0,0,2,0,차대차 - 기타,안전거리미확보,건조,맑음,단일로 - 고가도로위,승용,여,59세,경상,화물,남,43세,경상
2018112600100556,2018년 11월 26일 19시,월요일,충청북도 제천시 신월동,경상사고,0,0,1,0,차대차 - 측면충돌,직진우회전진행방해,건조,맑음,교차로 - 교차로안,이륜,남,25세,경상,승용,여,28세,상해없음
2018112600100611,2018년 11월 26일 21시,월요일,충청북도 음성군 금왕읍,경상사고,0,0,1,0,차대사람 - 보도통행중,안전운전불이행,건조,맑음,단일로 - 기타,기타불명,기타불명,미분류,기타불명,보행자,남,14세,경상
2018112600100612,2018년 11월 26일 21시,월요일,충청북도 청주시 흥덕구 가경동,경상사고,0,0,1,0,차대차 - 기타,신호위반,건조,맑음,교차로 - 교차로안,승용,남,43세,상해없음,자전거,남,17세,경상
2018112600100637,2018년 11월 26일 22시,월요일,충청북도 괴산군 괴산읍,경상사고,0,0,1,0,차대사람 - 기타,안전운전불이행,건조,맑음,단일로 - 기타,승용,남,61세,상해없음,보행자,여,20세,경상
2018112700100003,2018년 11월 27일 00시,화요일,충청북도 제천시 중앙로2가,경상사고,0,0,1,0,차대사람 - 차도통행중,안전운전불이행,건조,맑음,단일로 - 지하차도(도로)내,승용,남,56세,상해없음,보행자,남,47세,경상
2018112700100052,2018년 11월 27일 06시,화요일,충청북도 청주시 상당구 금천동,경상사고,0,0,1,0,차대차 - 측면충돌,신호위반,건조,맑음,교차로 - 교차로안,승용,남,30세,상해없음,승용,남,65세,경상
2018112700100109,2018년 11월 27일 08시,화요일,충청북도 청주시 청원구 오창읍,경상사고,0,0,1,0,차대차 - 기타,직진우회전진행방해,건조,맑음,교차로 - 교차로안,승용,여,39세,상해없음,개인형이동수단(PM),남,26세,경상
2018112700100110,2018년 11월 27일 08시,화요일,충청북도 진천군 문백면,경상사고,0,0,1,0,차대차 - 기타,안전운전불이행,건조,맑음,단일로 - 기타,승용,여,30세,상해없음,승용,여,34세,경상
2018112700100111,2018년 11월 27일 08시,화요일,충청북도 청주시 흥덕구 휴암동,경상사고,0,0,1,0,차대차 - 측면충돌,차로위반,건조,맑음,단일로 - 기타,승용,여,24세,상해없음,승용,여,33세,경상
2018112700100161,2018년 11월 27일 09시,화요일,충청북도 청주시 흥덕구 봉명동,경상사고,0,0,2,0,차대차 - 기타,안전운전불이행,건조,맑음,교차로 - 교차로부근,승용,남,36세,상해없음,승합,남,57세,경상
2018112700100207,2018년 11월 27일 11시,화요일,충청북도 청주시 흥덕구 봉명동,경상사고,0,0,1,0,차대차 - 측면충돌,중앙선침범,건조,맑음,단일로 - 기타,승용,남,51세,상해없음,승용,남,42세,경상
2018112700100208,2018년 11월 27일 11시,화요일,충청북도 청주시 상당구 용암동,경상사고,0,0,1,0,차대차 - 추돌,안전운전불이행,건조,맑음,단일로 - 기타,승용,남,65세,상해없음,승용,여,58세,경상
2018112700100235,2018년 11월 27일 12시,화요일,충청북도 청주시 청원구 내덕동,중상사고,0,1,0,0,차대사람 - 기타,중앙선침범,건조,맑음,단일로 - 기타,승용,남,67세,상해없음,보행자,여,62세,중상
2018112700100236,2018년 11월 27일 12시,화요일,충청북도 제천시 강제동,경상사고,0,0,1,0,차대차 - 측면충돌,안전운전불이행,건조,맑음,단일로 - 지하차도(도로)내,승용,남,66세,상해없음,승용,남,25세,경상
2018112700100237,2018년 11월 27일 12시,화요일,충청북도 괴산군 연풍면,중상사고,0,1,0,0,차대차 - 측면충돌,안전운전불이행,건조,맑음,교차로 - 교차로안,승용,남,75세,상해없음,승용,남,64세,중상
2018112700100238,2018년 11월 27일 12시,화요일,충청북도 청주시 서원구 남이면,경상사고,0,0,2,0,차대차 - 측면충돌,안전운전불이행,건조,맑음,교차로 - 교차로안,승용,남,66세,상해없음,승용,남,71세,경상
2018112700100262,2018년 11월 27일 13시,화요일,충청북도 청주시 흥덕구 복대동,경상사고,0,0,3,0,차대차 - 측면충돌,안전거리미확보,건조,맑음,교차로 - 교차로안,승용,남,64세,상해없음,승용,남,36세,경상
2018112700100290,2018년 11월 27일 14시,화요일,충청북도 옥천군 이원면,경상사고,0,0,1,0,차대사람 - 기타,안전운전불이행,건조,맑음,단일로 - 기타,승합,남,45세,상해없음,보행자,남,86세,경상
2018112700100291,2018년 11월 27일 14시,화요일,충청북도 청주시 흥덕구 복대동,경상사고,0,0,1,0,차대차 - 기타,안전운전불이행,건조,맑음,단일로 - 기타,화물,남,23세,경상,승용,남,62세,상해없음
2018112700100292,2018년 11월 27일 14시,화요일,충청북도 청주시 흥덕구 봉명동,경상사고,0,0,1,0,차대차 - 기타,교차로운행방법위반,건조,맑음,교차로 - 교차로안,화물,남,48세,상해없음,승합,여,31세,경상
2018112700100316,2018년 11월 27일 15시,화요일,충청북도 충주시 주덕읍,경상사고,0,0,1,0,차대차 - 기타,교차로운행방법위반,건조,맑음,교차로 - 교차로안,승용,남,52세,상해없음,승용,남,43세,경상
2018112700100317,2018년 11월 27일 15시,화요일,충청북도 충주시 연수동,부상신고사고,0,0,0,1,차대사람 - 횡단중,안전운전불이행,건조,맑음,단일로 - 기타,승용,남,40세,상해없음,보행자,여,19세,부상신고
2018112700100318,2018년 11월 27일 15시,화요일,충청북도 청주시 상당구 석교동,경상사고,0,0,2,0,차대차 - 기타,신호위반,건조,맑음,교차로 - 교차로안,승용,여,49세,상해없음,승합,남,50세,경상
2018112700100394,2018년 11월 27일 17시,화요일,충청북도 청주시 청원구 우암동,경상사고,0,0,2,0,차대차 - 기타,안전운전불이행,건조,맑음,단일로 - 기타,화물,남,63세,상해없음,승용,남,38세,경상
2018112700100395,2018년 11월 27일 17시,화요일,충청북도 제천시 강제동,중상사고,0,1,0,0,차대차 - 추돌,안전운전불이행,건조,맑음,단일로 - 지하차도(도로)내,화물,남,32세,상해없음,농기계,남,73세,중상
2018112700100396,2018년 11월 27일 17시,화요일,충청북도 진천군 백곡면,경상사고,0,0,2,0,차대차 - 기타,중앙선침범,건조,맑음,단일로 - 기타,화물,남,54세,상해없음,화물,남,23세,경상
2018112700100397,2018년 11월 27일 17시,화요일,충청북도 청주시 상당구 금천동,경상사고,0,0,1,0,차대차 - 기타,안전운전불이행,건조,맑음,교차로 - 교차로안,자전거,남,75세,경상,승합,남,49세,상해없음
2018112700100443,2018년 11월 27일 18시,화요일,충청북도 청주시 청원구 주중동,경상사고,0,0,1,0,차대차 - 기타,중앙선침범,건조,맑음,단일로 - 기타,승용,여,30세,상해없음,화물,남,64세,경상
2018112700100444,2018년 11월 27일 18시,화요일,충청북도 음성군 삼성면,경상사고,0,0,1,0,차대사람 - 차도통행중,안전운전불이행,건조,맑음,단일로 - 기타,화물,남,30세,상해없음,보행자,여,31세,경상
2018112700100445,2018년 11월 27일 18시,화요일,충청북도 청주시 흥덕구 오송읍,경상사고,0,0,4,2,차대차 - 추돌,안전운전불이행,건조,맑음,단일로 - 기타,승용,남,66세,상해없음,승용,남,42세,경상
2018112700100446,2018년 11월 27일 18시,화요일,충청북도 청주시 서원구 분평동,중상사고,0,1,0,0,차대차 - 기타,신호위반,건조,맑음,교차로 - 교차로안,승용,여,48세,상해없음,승합,남,38세,중상
2018112700100528,2018년 11월 27일 20시,화요일,충청북도 청주시 청원구 북이면,중상사고,0,1,0,0,차대사람 - 횡단중,안전운전불이행,건조,맑음,단일로 - 기타,승합,남,64세,상해없음,보행자,여,35세,중상
2018112700100529,2018년 11월 27일 20시,화요일,충청북도 제천시 신월동,경상사고,0,0,2,0,차대차 - 추돌,안전운전불이행,건조,맑음,교차로 - 교차로안,승용,여,29세,경상,승용,남,55세,경상
2018112700100549,2018년 11월 27일 21시,화요일,충청북도 청주시 상당구 용암동,경상사고,0,0,1,0,차대차 - 기타,안전운전불이행,건조,맑음,단일로 - 기타,승용,남,41세,상해없음,승용,남,55세,경상
2018112700100578,2018년 11월 27일 22시,화요일,충청북도 청주시 서원구 성화동,경상사고,0,0,1,0,차대차 - 측면충돌,안전운전불이행,건조,맑음,교차로 - 교차로부근,승용,남,38세,상해없음,승용,여,23세,경상
2018112800100009,2018년 11월 28일 00시,수요일,충청북도 청주시 흥덕구 강서동,경상사고,0,0,3,0,차대차 - 측면충돌,중앙선침범,건조,맑음,교차로 - 교차로부근,승용,남,35세,경상,승용,남,59세,경상
2018112800100040,2018년 11월 28일 04시,수요일,충청북도 진천군 광혜원면,중상사고,0,1,3,0,차대차 - 기타,기타,건조,맑음,교차로 - 교차로안,승용,남,45세,경상,승용,남,57세,중상
2018112800100056,2018년 11월 28일 06시,수요일,충청북도 음성군 금왕읍,사망사고,1,0,0,0,차대사람 - 횡단중,과속,건조,맑음,교차로 - 교차로안,승용,여,51세,상해없음,보행자,여,79세,사망
2018112800100105,2018년 11월 28일 08시,수요일,충청북도 청주시 청원구 주성동,경상사고,0,0,1,0,차대차 - 추돌,안전거리미확보,건조,맑음,교차로 - 교차로부근,화물,남,47세,상해없음,승용,남,59세,경상
2018112800100106,2018년 11월 28일 08시,수요일,충청북도 청주시 상당구 수동,경상사고,0,0,1,0,차대사람 - 보도통행중,안전운전불이행,건조,맑음,단일로 - 기타,승합,남,56세,상해없음,보행자,여,16세,경상
2018112800100107,2018년 11월 28일 08시,수요일,충청북도 청주시 상당구 서운동,경상사고,0,0,1,0,차대차 - 측면충돌,교차로운행방법위반,건조,맑음,교차로 - 교차로안,승용,여,35세,상해없음,이륜,남,70세,경상
2018112800100154,2018년 11월 28일 09시,수요일,충청북도 보은군 보은읍,중상사고,0,2,0,0,차대차 - 측면충돌,신호위반,건조,맑음,교차로 - 교차로안,이륜,남,74세,중상,화물,남,73세,상해없음
2018112800100155,2018년 11월 28일 09시,수요일,충청북도 청주시 상당구 문의면,중상사고,0,1,0,0,차대차 - 기타,안전거리미확보,건조,맑음,단일로 - 지하차도(도로)내,승합,남,59세,상해없음,승용,남,65세,중상
2018112800100186,2018년 11월 28일 10시,수요일,충청북도 충주시 교현동,중상사고,0,1,1,0,차대차 - 기타,직진우회전진행방해,건조,맑음,교차로 - 교차로안,승용,여,46세,상해없음,승합,남,47세,경상
2018112800100187,2018년 11월 28일 10시,수요일,충청북도 보은군 보은읍,중상사고,0,2,0,0,차대차 - 측면충돌,안전운전불이행,건조,맑음,단일로 - 기타,이륜,남,78세,중상,화물,남,63세,상해없음
2018112800100256,2018년 11월 28일 12시,수요일,충청북도 청주시 서원구 사직동,경상사고,0,0,1,0,차량단독 - 공작물충돌,안전운전불이행,건조,맑음,단일로 - 기타,승용,남,84세,경상,,,,
2018112800100257,2018년 11월 28일 12시,수요일,충청북도 청주시 서원구 사창동,경상사고,0,0,1,0,차대차 - 추돌,안전거리미확보,건조,맑음,단일로 - 기타,승용,남,66세,상해없음,이륜,남,20세,경상
2018112800100288,2018년 11월 28일 13시,수요일,충청북도 청주시 청원구 율량동,경상사고,0,0,1,0,차대차 - 기타,안전운전불이행,건조,맑음,교차로 - 교차로안,승용,남,43세,상해없음,이륜,남,31세,경상
2018112800100289,2018년 11월 28일 13시,수요일,충청북도 청주시 서원구 수곡동,사망사고,1,0,0,0,차대차 - 측면충돌,신호위반,건조,맑음,단일로 - 기타,자전거,남,76세,사망,승용,남,25세,상해없음
2018112800100323,2018년 11월 28일 14시,수요일,충청북도 증평군 증평읍,경상사고,0,0,3,0,차대차 - 측면충돌,안전거리미확보,건조,맑음,교차로 - 교차로부근,승용,여,53세,경상,승용,여,47세,경상
2018112800100324,2018년 11월 28일 14시,수요일,충청북도 청주시 흥덕구 봉명동,경상사고,0,0,2,0,차대차 - 측면충돌,차로위반,건조,맑음,단일로 - 기타,승용,남,64세,상해없음,승용,남,61세,경상
2018112800100348,2018년 11월 28일 15시,수요일,충청북도 청주시 흥덕구 운천동,중상사고,0,1,0,0,차대차 - 측면충돌,신호위반,건조,맑음,교차로 - 교차로안,자전거,남,76세,중상,승용,남,30세,상해없음
2018112800100381,2018년 11월 28일 16시,수요일,충청북도 충주시 안림동,경상사고,0,0,2,0,차대차 - 기타,안전운전불이행,건조,맑음,단일로 - 기타,승용,여,47세,상해없음,승용,남,59세,경상
2018112800100382,2018년 11월 28일 16시,수요일,충청북도 제천시 송학면,경상사고,0,0,1,0,차대차 - 추돌,안전운전불이행,건조,맑음,단일로 - 기타,화물,남,43세,상해없음,화물,남,63세,경상
2018112800100383,2018년 11월 28일 16시,수요일,충청북도 제천시 영천동,중상사고,0,1,0,0,차대차 - 측면충돌,안전운전불이행,건조,맑음,교차로 - 교차로부근,승합,남,30세,상해없음,자전거,남,81세,중상
2018112800100384,2018년 11월 28일 16시,수요일,충청북도 진천군 진천읍,중상사고,0,1,0,0,차대차 - 기타,직진우회전진행방해,건조,맑음,교차로 - 교차로안,승용,남,57세,상해없음,이륜,여,57세,중상
2018112800100385,2018년 11월 28일 16시,수요일,충청북도 청주시 흥덕구 봉명동,경상사고,0,0,1,0,차대사람 - 횡단중,보행자보호의무위반,건조,맑음,교차로 - 교차로안,승용,여,43세,상해없음,보행자,남,12세,경상
2018112800100424,2018년 11월 28일 17시,수요일,충청북도 청주시 흥덕구 가경동,경상사고,0,0,1,0,차대차 - 기타,교차로운행방법위반,건조,맑음,교차로 - 교차로안,화물,남,53세,상해없음,이륜,남,42세,경상
2018112800100472,2018년 11월 28일 18시,수요일,충청북도 청주시 청원구 오창읍,중상사고,0,1,1,0,차대차 - 추돌,안전운전불이행,건조,맑음,단일로 - 기타,승용,여,25세,상해없음,승용,여,58세,중상
2018112800100473,2018년 11월 28일 18시,수요일,충청북도 청주시 청원구 내덕동,중상사고,0,1,0,0,차대사람 - 기타,안전운전불이행,건조,맑음,교차로 - 교차로부근,화물,남,21세,상해없음,보행자,여,23세,중상
2018112800100474,2018년 11월 28일 18시,수요일,충청북도 청주시 서원구 성화동,경상사고,0,0,2,0,차대차 - 추돌,안전거리미확보,건조,맑음,단일로 - 기타,승용,남,34세,상해없음,승용,여,51세,경상
2018112800100522,2018년 11월 28일 19시,수요일,충청북도 충주시 수안보면,중상사고,0,3,0,0,차대차 - 기타,교차로운행방법위반,건조,맑음,교차로 - 교차로안,승용,남,70세,상해없음,화물,여,53세,중상
2018112800100523,2018년 11월 28일 19시,수요일,충청북도 진천군 덕산면,부상신고사고,0,0,0,1,차량단독 - 공작물충돌,안전운전불이행,건조,맑음,단일로 - 기타,승용,남,54세,부상신고,,,,
2018112800100550,2018년 11월 28일 20시,수요일,충청북도 충주시 지현동,경상사고,0,0,2,0,차대차 - 기타,안전운전불이행,건조,맑음,단일로 - 기타,승용,남,54세,상해없음,승합,남,59세,경상
2018112800100616,2018년 11월 28일 22시,수요일,충청북도 청주시 흥덕구 가경동,경상사고,0,0,2,0,차대사람 - 기타,안전운전불이행,건조,맑음,기타 - 기타,승용,남,39세,상해없음,보행자,남,34세,경상
2018112900100008,2018년 11월 29일 00시,목요일,충청북도 청주시 서원구 수곡동,경상사고,0,0,2,0,차대차 - 추돌,안전운전불이행,건조,맑음,교차로 - 교차로안,이륜,남,36세,상해없음,승용,남,52세,경상
2018112900100050,2018년 11월 29일 05시,목요일,충청북도 청주시 서원구 모충동,경상사고,0,0,1,0,차대차 - 측면충돌,신호위반,건조,맑음,교차로 - 교차로안,승합,남,73세,상해없음,승용,남,62세,경상
2018112900100111,2018년 11월 29일 08시,목요일,충청북도 충주시 충의동,중상사고,0,1,0,0,차대차 - 측면충돌,안전운전불이행,건조,맑음,교차로 - 교차로안,화물,남,51세,상해없음,이륜,남,58세,중상
2018112900100137,2018년 11월 29일 09시,목요일,충청북도 제천시 중앙로1가,중상사고,0,1,1,0,차대차 - 측면충돌,신호위반,건조,맑음,교차로 - 교차로안,승용,여,51세,경상,승용,여,46세,중상
2018112900100138,2018년 11월 29일 09시,목요일,충청북도 진천군 진천읍,중상사고,0,1,0,0,차대사람 - 기타,안전운전불이행,건조,맑음,교차로 - 교차로안,이륜,남,75세,상해없음,보행자,남,80세,중상
2018112900100162,2018년 11월 29일 10시,목요일,충청북도 영동군 영동읍,경상사고,0,0,1,0,차대사람 - 보도통행중,안전운전불이행,건조,맑음,단일로 - 기타,승용,남,64세,상해없음,보행자,남,56세,경상