사고번호,사고일시,요일,시군구,사고내용,사망자수,중상자수,경상자수,부상신고자수,사고유형,법규위반,노면상태,기상상태,도로형태,가해운전자 차종,가해운전자 성별,가해운전자 연령,가해운전자 상해정도,피해운전자 차종,피해운전자 성별,피해운전자 연령,피해운전자 상해정도
2018112900100163,2018년 11월 29일 10시,목요일,충청북도 괴산군 괴산읍,중상사고,0,1,0,0,차대사람 - 횡단중,안전운전불이행,건조,맑음,교차로 - 교차로안,승용,여,60세,상해없음,보행자,여,78세,중상
2018112900100188,2018년 11월 29일 11시,목요일,충청북도 청주시 청원구 우암동,경상사고,0,0,3,0,차대차 - 기타,차로위반,건조,맑음,교차로 - 교차로부근,승용,남,52세,경상,승용,남,31세,경상
2018112900100189,2018년 11월 29일 11시,목요일,충청북도 괴산군 청천면,중상사고,0,1,0,0,차대차 - 측면충돌,안전운전불이행,건조,맑음,단일로 - 기타,승용,여,70세,상해없음,이륜,남,70세,중상
2018112900100190,2018년 11월 29일 11시,목요일,충청북도 진천군 진천읍,경상사고,0,0,2,0,차대차 - 기타,안전운전불이행,건조,맑음,단일로 - 기타,승용,남,74세,상해없음,승용,남,63세,경상
2018112900100264,2018년 11월 29일 14시,목요일,충청북도 청주시 흥덕구 복대동,경상사고,0,0,2,0,차대차 - 측면충돌,교차로운행방법위반,건조,맑음,교차로 - 교차로안,승용,남,37세,경상,승용,여,58세,경상
2018112900100329,2018년 11월 29일 16시,목요일,충청북도 청주시 흥덕구 복대동,경상사고,0,0,1,0,차대차 - 기타,안전운전불이행,건조,맑음,교차로 - 교차로안,화물,남,40세,상해없음,이륜,남,37세,경상
2018112900100371,2018년 11월 29일 17시,목요일,충청북도 진천군 진천읍,부상신고사고,0,0,0,1,차대차 - 기타,중앙선침범,건조,맑음,단일로 - 기타,화물,남,34세,부상신고,승용,남,62세,상해없음
2018112900100372,2018년 11월 29일 17시,목요일,충청북도 청주시 서원구 개신동,경상사고,0,0,1,0,차대차 - 측면충돌,신호위반,건조,맑음,교차로 - 교차로안,승용,여,39세,상해없음,이륜,남,21세,경상
2018112900100373,2018년 11월 29일 17시,목요일,충청북도 청주시 흥덕구 가경동,경상사고,0,0,2,0,차대사람 - 횡단중,보행자보호의무위반,건조,맑음,교차로 - 교차로횡단보도내,승용,여,66세,상해없음,보행자,남,7세,경상
2018112900100418,2018년 11월 29일 18시,목요일,충청북도 제천시 영천동,중상사고,0,1,0,0,차대사람 - 횡단중,보행자보호의무위반,건조,맑음,교차로 - 교차로횡단보도내,승용,남,33세,상해없음,보행자,여,63세,중상
2018112900100419,2018년 11월 29일 18시,목요일,충청북도 보은군 보은읍,중상사고,0,1,0,0,차대사람 - 길가장자리구역통행중,안전운전불이행,건조,맑음,주차장 - 주차장,승용,여,38세,상해없음,보행자,여,90세 이상,중상
2018112900100420,2018년 11월 29일 18시,목요일,충청북도 청주시 서원구 개신동,경상사고,0,0,3,0,차대차 - 측면충돌,교차로운행방법위반,건조,맑음,교차로 - 교차로안,승용,남,37세,경상,승용,남,42세,경상
2018112900100465,2018년 11월 29일 19시,목요일,충청북도 청주시 청원구 율량동,경상사고,0,0,1,0,차대차 - 기타,안전운전불이행,건조,맑음,교차로 - 교차로안,승합,남,48세,상해없음,이륜,남,20세,경상
2018112900100466,2018년 11월 29일 19시,목요일,충청북도 청주시 서원구 분평동,경상사고,0,0,1,0,차대사람 - 횡단중,보행자보호의무위반,건조,맑음,교차로 - 교차로횡단보도내,승용,남,52세,상해없음,보행자,남,10세,경상
2018112900100497,2018년 11월 29일 20시,목요일,충청북도 충주시 호암동,중상사고,0,1,0,0,차대차 - 측면충돌,안전운전불이행,건조,흐림,단일로 - 기타,승용,남,51세,상해없음,승용,남,23세,중상
2018112900100520,2018년 11월 29일 21시,목요일,충청북도 청주시 흥덕구 복대동,경상사고,0,0,1,0,차대사람 - 횡단중,안전운전불이행,건조,맑음,교차로 - 교차로횡단보도내,이륜,남,21세,상해없음,보행자,여,45세,경상
2018112900100546,2018년 11월 29일 22시,목요일,충청북도 음성군 맹동면,경상사고,0,0,1,0,차대사람 - 횡단중,보행자보호의무위반,건조,맑음,교차로 - 교차로안,승용,남,38세,상해없음,보행자,남,25세,경상
2018113000100038,2018년 11월 30일 02시,금요일,충청북도 청주시 흥덕구 복대동,경상사고,0,0,1,1,차대차 - 추돌,안전운전불이행,건조,맑음,교차로 - 교차로부근,승용,남,31세,상해없음,화물,남,51세,경상
2018113000100074,2018년 11월 30일 06시,금요일,충청북도 청주시 서원구 모충동,경상사고,0,0,1,0,차대차 - 기타,안전운전불이행,건조,맑음,교차로 - 교차로횡단보도내,승용,여,67세,상해없음,자전거,남,64세,경상
2018113000100131,2018년 11월 30일 08시,금요일,충청북도 청주시 청원구 오창읍,경상사고,0,0,4,0,차대차 - 추돌,안전운전불이행,건조,맑음,단일로 - 기타,승용,남,44세,상해없음,승용,남,25세,상해없음
2018113000100132,2018년 11월 30일 08시,금요일,충청북도 충주시 단월동,중상사고,0,1,1,0,차대차 - 측면충돌,중앙선침범,서리/결빙,맑음,단일로 - 교량,화물,남,57세,중상,승용,남,36세,경상
2018113000100133,2018년 11월 30일 08시,금요일,충청북도 충주시 칠금동,경상사고,0,0,1,0,차대차 - 정면충돌,안전운전불이행,건조,맑음,교차로 - 교차로안,승용,남,25세,상해없음,자전거,남,18세,경상
2018113000100134,2018년 11월 30일 08시,금요일,충청북도 충주시 동량면,경상사고,0,0,1,0,차대차 - 기타,직진우회전진행방해,건조,맑음,교차로 - 교차로안,승용,남,65세,상해없음,승용,남,41세,경상
2018113000100135,2018년 11월 30일 08시,금요일,충청북도 청주시 흥덕구 강서동,경상사고,0,0,2,0,차대차 - 측면충돌,교차로운행방법위반,건조,맑음,교차로 - 교차로안,승용,남,62세,상해없음,승용,남,45세,경상
2018113000100136,2018년 11월 30일 08시,금요일,충청북도 청주시 흥덕구 봉명동,경상사고,0,0,1,0,차대차 - 기타,교차로운행방법위반,건조,맑음,교차로 - 교차로안,승용,여,33세,상해없음,승용,남,31세,경상
2018113000100257,2018년 11월 30일 12시,금요일,충청북도 보은군 보은읍,경상사고,0,0,1,0,차대차 - 후진중충돌,안전운전불이행,건조,맑음,단일로 - 지하차도(도로)내,화물,남,52세,상해없음,이륜,여,72세,경상
2018113000100286,2018년 11월 30일 13시,금요일,충청북도 충주시 교현동,경상사고,0,0,1,0,차대차 - 추돌,안전운전불이행,건조,맑음,교차로 - 교차로안,이륜,남,51세,경상,승용,여,55세,상해없음
2018113000100287,2018년 11월 30일 13시,금요일,충청북도 충주시 목행동,경상사고,0,0,2,0,차대차 - 기타,신호위반,건조,맑음,단일로 - 기타,승용,남,63세,경상,승용,여,65세,경상
2018113000100288,2018년 11월 30일 13시,금요일,충청북도 청주시 상당구 남문로2가동,경상사고,0,0,1,0,차대사람 - 길가장자리구역통행중,안전운전불이행,건조,맑음,단일로 - 지하차도(도로)내,승합,남,65세,상해없음,보행자,여,54세,경상
2018113000100322,2018년 11월 30일 14시,금요일,충청북도 청주시 흥덕구 강서동,중상사고,0,2,5,0,차대차 - 추돌,안전거리미확보,건조,맑음,단일로 - 기타,승용,남,48세,경상,승용,남,28세,경상
2018113000100358,2018년 11월 30일 15시,금요일,충청북도 청주시 흥덕구 강서동,경상사고,0,0,1,0,차대사람 - 기타,안전운전불이행,건조,맑음,교차로 - 교차로횡단보도내,승용,남,52세,상해없음,보행자,여,20세,경상
2018113000100360,2018년 11월 30일 15시,금요일,충청북도 청주시 상당구 용암동,경상사고,0,0,2,0,차대차 - 측면충돌,교차로운행방법위반,건조,맑음,교차로 - 교차로안,승용,남,57세,경상,승용,여,57세,경상
2018113000100396,2018년 11월 30일 16시,금요일,충청북도 충주시 교현동,경상사고,0,0,2,0,차대차 - 기타,신호위반,건조,맑음,교차로 - 교차로안,승용,여,45세,경상,승용,남,61세,경상
2018113000100397,2018년 11월 30일 16시,금요일,충청북도 충주시 연수동,중상사고,0,1,1,0,차대차 - 추돌,안전운전불이행,건조,맑음,단일로 - 기타,승용,남,45세,상해없음,승용,여,54세,중상
2018113000100449,2018년 11월 30일 17시,금요일,충청북도 괴산군 괴산읍,경상사고,0,0,1,0,차대차 - 기타,직진우회전진행방해,건조,맑음,교차로 - 교차로안,승용,여,61세,경상,승용,남,83세,상해없음
2018113000100450,2018년 11월 30일 17시,금요일,충청북도 청주시 흥덕구 가경동,중상사고,0,1,0,0,차대사람 - 횡단중,안전운전불이행,건조,맑음,단일로 - 기타,승용,남,79세,상해없음,보행자,여,89세,중상
2018113000100506,2018년 11월 30일 18시,금요일,충청북도 청주시 서원구 사직동,경상사고,0,0,3,0,차대차 - 추돌,안전거리미확보,건조,맑음,단일로 - 기타,승용,여,49세,상해없음,승용,남,50세,경상
2018113000100507,2018년 11월 30일 18시,금요일,충청북도 청주시 서원구 개신동,경상사고,0,0,1,0,차대차 - 기타,안전운전불이행,건조,맑음,단일로 - 기타,승용,남,22세,상해없음,승용,남,50세,경상
2018113000100508,2018년 11월 30일 18시,금요일,충청북도 충주시 금릉동,경상사고,0,0,4,0,차대차 - 기타,안전운전불이행,건조,맑음,단일로 - 기타,승용,남,23세,경상,화물,남,36세,경상
2018113000100509,2018년 11월 30일 18시,금요일,충청북도 제천시 왕암동,경상사고,0,0,1,0,차대사람 - 기타,안전운전불이행,건조,맑음,단일로 - 기타,승용,여,36세,상해없음,보행자,남,29세,경상
2018113000100510,2018년 11월 30일 18시,금요일,충청북도 보은군 탄부면,중상사고,0,2,0,0,차대차 - 추돌,안전운전불이행,건조,맑음,단일로 - 지하차도(도로)내,승용,남,73세,상해없음,농기계,남,46세,중상
2018113000100511,2018년 11월 30일 18시,금요일,충청북도 청주시 흥덕구 강서동,부상신고사고,0,0,0,1,차대차 - 측면충돌,교차로운행방법위반,건조,맑음,교차로 - 교차로안,자전거,남,17세,부상신고,이륜,남,39세,상해없음
2018113000100512,2018년 11월 30일 18시,금요일,충청북도 청주시 서원구 성화동,경상사고,0,0,1,0,차대차 - 측면충돌,안전운전불이행,건조,맑음,단일로 - 기타,승용,남,47세,상해없음,화물,남,31세,경상
2018113000100578,2018년 11월 30일 19시,금요일,충청북도 충주시 교현동,경상사고,0,0,1,0,차대차 - 기타,안전거리미확보,건조,맑음,단일로 - 기타,이륜,남,51세,상해없음,승합,남,53세,상해없음
2018113000100579,2018년 11월 30일 19시,금요일,충청북도 진천군 진천읍,경상사고,0,0,2,0,차대차 - 기타,안전거리미확보,건조,맑음,단일로 - 기타,화물,남,35세,상해없음,승용,남,29세,경상
2018113000100580,2018년 11월 30일 19시,금요일,충청북도 청주시 흥덕구 가경동,경상사고,0,0,1,0,차대사람 - 횡단중,보행자보호의무위반,건조,맑음,교차로 - 교차로횡단보도내,이륜,남,24세,상해없음,보행자,남,20세,경상
2018113000100611,2018년 11월 30일 20시,금요일,충청북도 청주시 청원구 사천동,경상사고,0,0,1,0,차대차 - 추돌,안전운전불이행,건조,맑음,교차로 - 교차로안,승용,남,43세,상해없음,승용,남,33세,경상
2018113000100646,2018년 11월 30일 21시,금요일,충청북도 청주시 흥덕구 복대동,중상사고,0,1,0,0,차대사람 - 횡단중,신호위반,건조,맑음,기타 - 기타,이륜,남,22세,상해없음,보행자,여,13세,중상
2018113000100686,2018년 11월 30일 22시,금요일,충청북도 청주시 청원구 내덕동,중상사고,0,1,0,0,차대사람 - 차도통행중,안전운전불이행,건조,맑음,단일로 - 기타,승합,남,40세,상해없음,보행자,남,65세,중상
2018113000100687,2018년 11월 30일 22시,금요일,충청북도 충주시 교현동,경상사고,0,0,1,0,차대차 - 추돌,안전운전불이행,건조,맑음,단일로 - 교량,화물,남,39세,상해없음,승용,여,31세,경상
2018113000100688,2018년 11월 30일 22시,금요일,충청북도 증평군 증평읍,경상사고,0,0,1,0,차대차 - 추돌,안전운전불이행,건조,맑음,교차로 - 교차로부근,승용,남,20세,상해없음,화물,기타불명,미분류,기타불명
2018120100100032,2018년 12월 1일 01시,토요일,충청북도 옥천군 동이면,중상사고,0,1,1,0,차대차 - 측면충돌,안전운전불이행,건조,맑음,단일로 - 기타,승용,남,24세,중상,화물,남,40세,상해없음
2018120100100051,2018년 12월 1일 02시,토요일,충청북도 청주시 흥덕구 봉명동,경상사고,0,0,1,0,차대사람 - 횡단중,신호위반,건조,맑음,교차로 - 교차로횡단보도내,화물,남,67세,상해없음,보행자,여,21세,경상
2018120100100063,2018년 12월 1일 03시,토요일,충청북도 청주시 흥덕구 복대동,경상사고,0,0,1,0,차대사람 - 기타,안전운전불이행,건조,맑음,교차로 - 교차로안,승용,여,30세,상해없음,보행자,남,25세,경상
2018120100100132,2018년 12월 1일 08시,토요일,충청북도 청주시 상당구 산성동,경상사고,0,0,1,0,차량단독 - 공작물충돌,안전운전불이행,건조,맑음,교차로 - 교차로안,화물,남,38세,경상,,,,
2018120100100201,2018년 12월 1일 11시,토요일,충청북도 충주시 교현동,부상신고사고,0,0,0,1,차대차 - 기타,안전운전불이행,건조,맑음,단일로 - 기타,이륜,남,75세,부상신고,승용,남,43세,상해없음
2018120100100202,2018년 12월 1일 11시,토요일,충청북도 충주시 연수동,경상사고,0,0,1,0,차대차 - 후진중충돌,안전운전불이행,건조,맑음,기타 - 기타,승용,남,43세,상해없음,승용,남,29세,경상
2018120100100203,2018년 12월 1일 11시,토요일,충청북도 청주시 흥덕구 석곡동,중상사고,0,1,0,0,차대사람 - 기타,안전운전불이행,건조,맑음,단일로 - 기타,화물,남,66세,상해없음,보행자,남,4세,중상
2018120100100234,2018년 12월 1일 12시,토요일,충청북도 충주시 성내동,경상사고,0,0,1,0,차대사람 - 기타,안전운전불이행,건조,맑음,단일로 - 기타,승용,남,87세,상해없음,보행자,여,66세,경상
2018120100100235,2018년 12월 1일 12시,토요일,충청북도 청주시 서원구 분평동,경상사고,0,0,1,0,차대차 - 측면충돌,안전운전불이행,건조,맑음,교차로 - 교차로부근,승용,여,42세,상해없음,이륜,남,39세,경상
2018120100100275,2018년 12월 1일 13시,토요일,충청북도 청주시 청원구 내덕동,경상사고,0,0,1,0,차대차 - 기타,불법유턴,건조,맑음,단일로 - 기타,승용,여,46세,상해없음,승용,여,34세,경상
2018120100100276,2018년 12월 1일 13시,토요일,충청북도 청주시 청원구 율량동,경상사고,0,0,2,0,차대차 - 후진중충돌,안전운전불이행,건조,기타,주차장 - 주차장,승용,남,40세,상해없음,화물,남,58세,경상
2018120100100277,2018년 12월 1일 13시,토요일,충청북도 진천군 문백면,중상사고,0,1,6,0,차대차 - 추돌,안전거리미확보,건조,맑음,단일로 - 기타,승용,남,33세,경상,승용,남,62세,경상
2018120100100278,2018년 12월 1일 13시,토요일,충청북도 청주시 흥덕구 봉명동,경상사고,0,0,1,0,차대차 - 측면충돌,안전운전불이행,건조,맑음,교차로 - 교차로안,승합,남,47세,상해없음,이륜,남,48세,경상
2018120100100313,2018년 12월 1일 14시,토요일,충청북도 청주시 서원구 사창동,경상사고,0,0,3,0,차대차 - 기타,안전운전불이행,건조,맑음,교차로 - 교차로부근,승용,여,51세,상해없음,승용,남,36세,경상
2018120100100314,2018년 12월 1일 14시,토요일,충청북도 청주시 청원구 율량동,중상사고,0,2,1,0,차대차 - 기타,신호위반,건조,맑음,교차로 - 교차로안,승용,남,64세,상해없음,승용,여,38세,중상
2018120100100315,2018년 12월 1일 14시,토요일,충청북도 보은군 속리산면,중상사고,0,2,0,0,차량단독 - 도로외이탈 - 추락,안전운전불이행,건조,맑음,단일로 - 지하차도(도로)내,화물,여,55세,중상,,,,
2018120100100352,2018년 12월 1일 15시,토요일,충청북도 충주시 대소원면,경상사고,0,0,1,0,차대차 - 기타,안전운전불이행,건조,맑음,교차로 - 교차로안,승용,남,62세,상해없음,승용,여,58세,경상
2018120100100353,2018년 12월 1일 15시,토요일,충청북도 청주시 서원구 산남동,경상사고,0,0,1,0,차대차 - 측면충돌,안전운전불이행,건조,맑음,교차로 - 교차로횡단보도내,승용,남,41세,상해없음,이륜,남,16세,경상
2018120100100394,2018년 12월 1일 16시,토요일,충청북도 충주시 문화동,경상사고,0,0,1,0,차대차 - 측면충돌,안전거리미확보,건조,맑음,교차로 - 교차로안,승용,남,61세,상해없음,승용,남,63세,경상
2018120100100395,2018년 12월 1일 16시,토요일,충청북도 진천군 덕산면,경상사고,0,0,4,0,차대차 - 기타,교차로운행방법위반,건조,맑음,교차로 - 교차로안,승용,여,59세,경상,화물,남,34세,경상
2018120100100425,2018년 12월 1일 17시,토요일,충청북도 충주시 연수동,경상사고,0,0,1,0,차대차 - 기타,안전거리미확보,건조,맑음,기타 - 기타,승용,남,58세,상해없음,이륜,남,42세,경상
2018120100100466,2018년 12월 1일 18시,토요일,충청북도 청주시 흥덕구 송정동,경상사고,0,0,3,0,차대차 - 기타,안전거리미확보,건조,맑음,교차로 - 교차로안,승합,남,59세,상해없음,승용,남,54세,경상
2018120100100467,2018년 12월 1일 18시,토요일,충청북도 청주시 상당구 낭성면,경상사고,0,0,2,0,차대차 - 측면충돌,안전운전불이행,건조,맑음,단일로 - 지하차도(도로)내,화물,남,62세,상해없음,승용,여,51세,경상
2018120100100511,2018년 12월 1일 19시,토요일,충청북도 진천군 덕산면,중상사고,0,1,0,0,차대차 - 기타,신호위반,건조,맑음,교차로 - 교차로안,승용,남,66세,상해없음,이륜,남,40세,중상
2018120100100512,2018년 12월 1일 19시,토요일,충청북도 청주시 흥덕구 가경동,경상사고,0,0,2,0,차대차 - 측면충돌,안전운전불이행,건조,맑음,교차로 - 교차로안,승용,남,58세,상해없음,승용,남,40세,경상
2018120100100542,2018년 12월 1일 20시,토요일,충청북도 청주시 흥덕구 비하동,경상사고,0,0,1,0,차대차 - 측면충돌,교차로운행방법위반,건조,맑음,교차로 - 교차로안,승용,남,61세,상해없음,이륜,남,21세,경상
2018120100100565,2018년 12월 1일 21시,토요일,충청북도 청주시 청원구 주중동,중상사고,0,1,0,0,차대사람 - 기타,안전운전불이행,건조,맑음,교차로 - 교차로부근,승용,남,25세,상해없음,보행자,여,57세,중상
2018120100100566,2018년 12월 1일 21시,토요일,충청북도 청주시 청원구 사천동,경상사고,0,0,1,0,차대차 - 기타,안전운전불이행,건조,맑음,교차로 - 교차로부근,승용,남,62세,상해없음,승용,여,53세,경상
2018120100100567,2018년 12월 1일 21시,토요일,충청북도 청주시 서원구 산남동,중상사고,0,1,0,0,차대사람 - 차도통행중,안전운전불이행,건조,맑음,교차로 - 교차로안,승용,남,55세,상해없음,보행자,남,63세,중상
2018120100100606,2018년 12월 1일 23시,토요일,충청북도 청주시 상당구 탑동,경상사고,0,0,3,0,차대차 - 측면충돌,교차로운행방법위반,건조,맑음,교차로 - 교차로안,승용,여,47세,상해없음,승용,여,27세,경상
2018120100100608,2018년 12월 1일 23시,토요일,충청북도 영동군 용산면,경상사고,0,0,2,0,차대차 - 추돌,안전운전불이행,건조,맑음,단일로 - 기타,승용,남,22세,상해없음,승용,여,50세,경상
2018120200100018,2018년 12월 2일 01시,일요일,충청북도 청주시 서원구 수곡동,부상신고사고,0,0,0,1,차대차 - 추돌,안전운전불이행,건조,맑음,단일로 - 기타,이륜,남,18세,부상신고,승용,남,51세,상해없음
2018120200100019,2018년 12월 2일 01시,일요일,충청북도 청주시 상당구 금천동,부상신고사고,0,0,0,1,차량단독 - 기타,안전운전불이행,건조,맑음,단일로 - 기타,이륜,남,17세,상해없음,,,,
2018120200100082,2018년 12월 2일 07시,일요일,충청북도 청주시 상당구 북문로3가동,중상사고,0,1,0,0,차대사람 - 기타,보행자보호의무위반,건조,맑음,교차로 - 교차로횡단보도내,승용,여,66세,상해없음,보행자,남,56세,중상
2018120200100093,2018년 12월 2일 08시,일요일,충청북도 청주시 서원구 사창동,경상사고,0,0,1,0,차대차 - 측면충돌,안전운전불이행,건조,맑음,교차로 - 교차로안,승용,남,28세,상해없음,승용,남,27세,경상
2018120200100103,2018년 12월 2일 09시,일요일,충청북도 제천시 교동,경상사고,0,0,1,0,차대차 - 측면충돌,안전거리미확보,건조,맑음,교차로 - 교차로부근,승용,남,51세,상해없음,승용,남,57세,경상
2018120200100104,2018년 12월 2일 09시,일요일,충청북도 청주시 서원구 개신동,경상사고,0,0,4,0,차대차 - 측면충돌,신호위반,건조,맑음,교차로 - 교차로부근,승합,여,60세,상해없음,승용,남,74세,경상
2018120200100105,2018년 12월 2일 09시,일요일,충청북도 청주시 흥덕구 옥산면,중상사고,0,1,1,0,차대차 - 기타,안전운전불이행,건조,맑음,단일로 - 기타,농기계,남,71세,중상,승용,여,44세,경상
2018120200100140,2018년 12월 2일 11시,일요일,충청북도 충주시 노은면,경상사고,0,0,2,0,차대차 - 기타,안전거리미확보,건조,맑음,단일로 - 기타,승용,여,51세,상해없음,승용,남,28세,경상
2018120200100141,2018년 12월 2일 11시,일요일,충청북도 증평군 증평읍,중상사고,0,1,1,0,차대차 - 기타,안전운전불이행,건조,맑음,교차로 - 교차로안,화물,남,62세,상해없음,이륜,남,72세,경상
2018120200100180,2018년 12월 2일 13시,일요일,충청북도 청주시 서원구 산남동,경상사고,0,0,1,0,차대차 - 추돌,안전운전불이행,건조,맑음,교차로 - 교차로부근,승용,여,50세,상해없음,승용,남,44세,경상
2018120200100211,2018년 12월 2일 14시,일요일,충청북도 청주시 청원구 우암동,중상사고,0,1,0,0,차대사람 - 횡단중,안전운전불이행,건조,맑음,교차로 - 교차로부근,승용,남,58세,상해없음,보행자,남,15세,중상
2018120200100241,2018년 12월 2일 15시,일요일,충청북도 청주시 상당구 용담동,중상사고,0,1,1,0,차대차 - 추돌,안전운전불이행,건조,맑음,교차로 - 교차로부근,승용,남,53세,상해없음,승용,남,49세,중상
2018120200100242,2018년 12월 2일 15시,일요일,충청북도 청주시 상당구 금천동,부상신고사고,0,0,0,1,차대차 - 기타,안전운전불이행,건조,맑음,교차로 - 교차로부근,이륜,남,18세,부상신고,승용,남,52세,상해없음
2018120200100265,2018년 12월 2일 16시,일요일,충청북도 증평군 증평읍,경상사고,0,0,1,0,차대차 - 측면충돌,안전운전불이행,건조,맑음,단일로 - 기타,건설기계,남,40세,상해없음,승용,여,49세,경상
2018120200100266,2018년 12월 2일 16시,일요일,충청북도 청주시 서원구 분평동,경상사고,0,0,3,0,차대차 - 측면충돌,안전운전불이행,건조,맑음,교차로 - 교차로안,승용,남,78세,경상,승용,여,60세,경상
2018120200100267,2018년 12월 2일 16시,일요일,충청북도 진천군 진천읍,경상사고,0,0,4,0,차대차 - 추돌,안전거리미확보,건조,맑음,단일로 - 기타,승용,남,47세,상해없음,승용,남,28세,경상
2018120200100297,2018년 12월 2일 17시,일요일,충청북도 옥천군 동이면,중상사고,0,1,0,0,차량단독 - 전도전복 - 전도,기타,건조,맑음,단일로 - 기타,사륜오토바이(ATV),남,76세,중상,미분류,미분류,미분류,미분류
2018120200100298,2018년 12월 2일 17시,일요일,충청북도 청주시 흥덕구 신촌동,경상사고,0,0,1,0,차대차 - 측면충돌,안전운전불이행,건조,맑음,교차로 - 교차로부근,화물,남,47세,상해없음,이륜,남,45세,경상
2018120200100321,2018년 12월 2일 18시,일요일,충청북도 제천시 의림동,중상사고,0,1,0,0,차대사람 - 횡단중,보행자보호의무위반,건조,맑음,교차로 - 교차로횡단보도내,승용,남,76세,상해없음,보행자,여,63세,중상
2018120200100322,2018년 12월 2일 18시,일요일,충청북도 청주시 흥덕구 복대동,경상사고,0,0,1,0,차대차 - 기타,안전운전불이행,건조,맑음,교차로 - 교차로안,이륜,남,34세,경상,승용,남,42세,상해없음
2018120200100323,2018년 12월 2일 18시,일요일,충청북도 청주시 상당구 남주동,경상사고,0,0,2,0,차대차 - 측면충돌,안전운전불이행,건조,맑음,단일로 - 기타,승용,남,53세,상해없음,승용,여,31세,경상
2018120200100324,2018년 12월 2일 18시,일요일,충청북도 청주시 상당구 용암동,경상사고,0,0,1,0,차대차 - 측면충돌,안전운전불이행,건조,맑음,단일로 - 지하차도(도로)내,승용,남,61세,상해없음,승용,여,57세,경상
2018120200100368,2018년 12월 2일 19시,일요일,충청북도 충주시 용산동,경상사고,0,0,1,0,차대사람 - 기타,기타,건조,맑음,교차로 - 교차로부근,승합,남,66세,상해없음,보행자,여,12세,경상
2018120200100369,2018년 12월 2일 19시,일요일,충청북도 보은군 보은읍,중상사고,0,1,0,0,차대사람 - 횡단중,안전운전불이행,건조,맑음,단일로 - 지하차도(도로)내,승용,남,54세,상해없음,보행자,여,53세,중상
2018120200100370,2018년 12월 2일 19시,일요일,충청북도 청주시 흥덕구 복대동,경상사고,0,0,4,0,차대차 - 측면충돌,안전운전불이행,건조,맑음,단일로 - 기타,승용,여,43세,경상,승용,남,50세,경상
2018120200100434,2018년 12월 2일 22시,일요일,충청북도 청주시 청원구 율량동,경상사고,0,0,2,0,차대차 - 기타,교차로운행방법위반,건조,맑음,교차로 - 교차로안,승용,남,58세,상해없음,승용,남,43세,상해없음
2018120200100435,2018년 12월 2일 22시,일요일,충청북도 청주시 상당구 북문로1가동,경상사고,0,0,2,0,차대차 - 추돌,안전운전불이행,건조,맑음,단일로 - 지하차도(도로)내,승용,여,21세,상해없음,승합,남,57세,상해없음
2018120300100008,2018년 12월 3일 00시,월요일,충청북도 청주시 서원구 남이면,부상신고사고,0,0,0,1,차대차 - 기타,교차로운행방법위반,건조,맑음,교차로 - 교차로안,이륜,남,16세,부상신고,승용,남,39세,상해없음
2018120300100020,2018년 12월 3일 02시,월요일,충청북도 진천군 진천읍,경상사고,0,0,1,0,차대차 - 측면충돌,신호위반,건조,맑음,교차로 - 교차로안,승용,남,35세,상해없음,승용,남,23세,경상
2018120300100087,2018년 12월 3일 07시,월요일,충청북도 청주시 상당구 용암동,중상사고,0,1,0,0,차대차 - 측면충돌,안전운전불이행,젖음/습기,맑음,교차로 - 교차로횡단보도내,승용,남,23세,상해없음,자전거,남,49세,중상
2018120300100121,2018년 12월 3일 08시,월요일,충청북도 충주시 용두동,경상사고,0,0,1,0,차대차 - 측면충돌,신호위반,젖음/습기,비,교차로 - 교차로안,화물,남,42세,상해없음,화물,남,68세,경상
2018120300100122,2018년 12월 3일 08시,월요일,충청북도 옥천군 옥천읍,경상사고,0,0,1,0,차대차 - 측면충돌,교차로운행방법위반,젖음/습기,비,교차로 - 교차로안,승용,여,56세,상해없음,승용,여,70세,경상
2018120300100154,2018년 12월 3일 09시,월요일,충청북도 제천시 중앙로2가,중상사고,0,1,1,0,차대차 - 측면충돌,직진우회전진행방해,젖음/습기,비,교차로 - 교차로안,승용,남,62세,경상,승용,여,46세,중상
2018120300100155,2018년 12월 3일 09시,월요일,충청북도 청주시 흥덕구 송절동,경상사고,0,0,1,0,차대차 - 측면충돌,안전거리미확보,건조,맑음,교차로 - 교차로부근,화물,남,64세,상해없음,승용,남,37세,경상
2018120300100156,2018년 12월 3일 09시,월요일,충청북도 청주시 서원구 수곡동,경상사고,0,0,1,0,차대사람 - 횡단중,보행자보호의무위반,건조,맑음,교차로 - 교차로횡단보도내,승용,남,66세,상해없음,보행자,여,43세,경상
2018120300100252,2018년 12월 3일 12시,월요일,충청북도 청주시 서원구 수곡동,경상사고,0,0,1,0,차대차 - 측면충돌,교차로운행방법위반,젖음/습기,비,교차로 - 교차로안,승용,남,63세,상해없음,화물,남,41세,경상