사고번호,사고일시,요일,시군구,사고내용,사망자수,중상자수,경상자수,부상신고자수,사고유형,법규위반,노면상태,기상상태,도로형태,가해운전자 차종,가해운전자 성별,가해운전자 연령,가해운전자 상해정도,피해운전자 차종,피해운전자 성별,피해운전자 연령,피해운전자 상해정도
2018120300100282,2018년 12월 3일 13시,월요일,충청북도 청주시 흥덕구 봉명동,중상사고,0,1,0,0,차대차 - 기타,안전운전불이행,건조,맑음,단일로 - 기타,이륜,남,35세,중상,승용,남,34세,상해없음
2018120300100312,2018년 12월 3일 14시,월요일,충청북도 청주시 청원구 내덕동,경상사고,0,0,1,0,차대차 - 측면충돌,안전운전불이행,건조,맑음,교차로 - 교차로안,승용,남,66세,상해없음,승용,여,64세,경상
2018120300100313,2018년 12월 3일 14시,월요일,충청북도 제천시 명동,경상사고,0,0,1,0,차대차 - 측면충돌,신호위반,젖음/습기,비,교차로 - 교차로안,승용,여,48세,상해없음,승용,여,52세,경상
2018120300100314,2018년 12월 3일 14시,월요일,충청북도 청주시 상당구 금천동,경상사고,0,0,1,0,차대차 - 정면충돌,교차로운행방법위반,젖음/습기,비,교차로 - 교차로안,승용,여,46세,상해없음,승용,남,61세,경상
2018120300100380,2018년 12월 3일 16시,월요일,충청북도 제천시 중앙로1가,경상사고,0,0,1,0,차대차 - 측면충돌,안전거리미확보,젖음/습기,비,단일로 - 기타,승용,남,71세,상해없음,승용,여,47세,경상
2018120300100381,2018년 12월 3일 16시,월요일,충청북도 옥천군 청성면,중상사고,0,1,1,0,차대차 - 정면충돌,중앙선침범,젖음/습기,비,단일로 - 기타,승용,남,49세,경상,화물,남,61세,중상
2018120300100382,2018년 12월 3일 16시,월요일,충청북도 청주시 흥덕구 오송읍,경상사고,0,0,4,0,차대차 - 기타,교차로운행방법위반,젖음/습기,맑음,교차로 - 교차로안,승용,남,30세,경상,승용,여,64세,경상
2018120300100383,2018년 12월 3일 16시,월요일,충청북도 청주시 서원구 분평동,중상사고,0,1,0,0,차대사람 - 횡단중,신호위반,건조,맑음,교차로 - 교차로횡단보도내,승용,남,49세,상해없음,보행자,여,71세,중상
2018120300100428,2018년 12월 3일 17시,월요일,충청북도 청주시 청원구 내덕동,중상사고,0,1,0,0,차대사람 - 횡단중,신호위반,젖음/습기,비,교차로 - 교차로횡단보도내,승용,남,71세,상해없음,보행자,여,73세,중상
2018120300100429,2018년 12월 3일 17시,월요일,충청북도 청주시 흥덕구 봉명동,경상사고,0,0,1,0,차대사람 - 횡단중,보행자보호의무위반,젖음/습기,비,교차로 - 교차로횡단보도내,화물,남,54세,상해없음,보행자,여,51세,경상
2018120300100490,2018년 12월 3일 18시,월요일,충청북도 청주시 서원구 남이면,경상사고,0,0,1,0,차대차 - 측면충돌,안전운전불이행,건조,맑음,교차로 - 교차로부근,승용,남,26세,상해없음,승용,남,51세,경상
2018120300100544,2018년 12월 3일 19시,월요일,충청북도 청주시 청원구 오창읍,경상사고,0,0,2,0,차대차 - 기타,안전운전불이행,젖음/습기,비,교차로 - 교차로부근,승용,여,48세,경상,승용,남,35세,경상
2018120300100545,2018년 12월 3일 19시,월요일,충청북도 충주시 연수동,중상사고,0,1,0,0,차대차 - 기타,신호위반,젖음/습기,비,교차로 - 교차로안,승용,남,50세,상해없음,승용,남,33세,중상
2018120300100585,2018년 12월 3일 20시,월요일,충청북도 청주시 상당구 북문로3가동,경상사고,0,0,1,0,차대차 - 기타,안전거리미확보,젖음/습기,비,단일로 - 기타,승용,남,49세,상해없음,승합,남,58세,경상
2018120300100638,2018년 12월 3일 22시,월요일,충청북도 청주시 흥덕구 봉명동,경상사고,0,0,2,0,차대차 - 측면충돌,교차로운행방법위반,젖음/습기,비,교차로 - 교차로안,이륜,남,30세,경상,승용,남,23세,경상
2018120300100639,2018년 12월 3일 22시,월요일,충청북도 청주시 흥덕구 송정동,경상사고,0,0,1,0,차대차 - 측면충돌,교차로운행방법위반,건조,맑음,교차로 - 교차로안,승용,남,26세,상해없음,승용,여,32세,경상
2018120300100667,2018년 12월 3일 23시,월요일,충청북도 충주시 지현동,경상사고,0,0,1,0,차대사람 - 길가장자리구역통행중,안전운전불이행,건조,맑음,단일로 - 기타,승용,남,44세,상해없음,보행자,여,60세,경상
2018120300100668,2018년 12월 3일 23시,월요일,충청북도 청주시 흥덕구 봉명동,경상사고,0,0,2,0,차대차 - 기타,안전운전불이행,젖음/습기,비,교차로 - 교차로부근,승용,남,29세,상해없음,승용,남,36세,경상
2018120400100026,2018년 12월 4일 02시,화요일,충청북도 청주시 상당구 서문동,경상사고,0,0,1,0,차대차 - 측면충돌,안전운전불이행,건조,맑음,단일로 - 지하차도(도로)내,승용,남,28세,상해없음,이륜,남,31세,경상
2018120400100041,2018년 12월 4일 04시,화요일,충청북도 제천시 금성면,경상사고,0,0,1,0,차대차 - 정면충돌,중앙선침범,젖음/습기,안개,단일로 - 기타,승용,남,42세,상해없음,특수,남,45세,경상
2018120400100042,2018년 12월 4일 04시,화요일,충청북도 청주시 흥덕구 봉명동,경상사고,0,0,1,0,차대차 - 추돌,안전운전불이행,젖음/습기,비,교차로 - 교차로부근,이륜,남,17세,상해없음,승용,남,34세,경상
2018120400100043,2018년 12월 4일 04시,화요일,충청북도 청주시 흥덕구 외북동,중상사고,0,1,0,0,차대차 - 추돌,안전운전불이행,건조,맑음,교차로 - 교차로부근,화물,남,53세,상해없음,화물,남,39세,중상
2018120400100073,2018년 12월 4일 06시,화요일,충청북도 청주시 청원구 오창읍,중상사고,0,1,0,0,차대차 - 추돌,안전운전불이행,젖음/습기,비,단일로 - 기타,특수,남,26세,상해없음,승용,남,43세,중상
2018120400100075,2018년 12월 4일 06시,화요일,충청북도 옥천군 동이면,중상사고,0,2,3,0,차대차 - 추돌,안전운전불이행,젖음/습기,비,단일로 - 기타,승용,남,50세,상해없음,화물,남,59세,중상
2018120400100101,2018년 12월 4일 07시,화요일,충청북도 청주시 청원구 오창읍,중상사고,0,1,1,0,차대차 - 추돌,안전운전불이행,젖음/습기,비,단일로 - 기타,승용,남,29세,상해없음,승용,남,40세,경상
2018120400100102,2018년 12월 4일 07시,화요일,충청북도 제천시 왕암동,중상사고,0,1,0,0,차대사람 - 기타,안전운전불이행,젖음/습기,비,주차장 - 주차장,승용,남,35세,상해없음,보행자,남,76세,중상
2018120400100103,2018년 12월 4일 07시,화요일,충청북도 청주시 서원구 미평동,경상사고,0,0,1,0,차대차 - 측면충돌,중앙선침범,건조,맑음,단일로 - 기타,승용,여,25세,상해없음,승용,남,58세,경상
2018120400100135,2018년 12월 4일 08시,화요일,충청북도 청주시 청원구 오창읍,경상사고,0,0,3,0,차대차 - 기타,안전운전불이행,젖음/습기,비,교차로 - 교차로부근,승용,여,37세,기타불명,승용,여,26세,경상
2018120400100136,2018년 12월 4일 08시,화요일,충청북도 충주시 산척면,경상사고,0,0,1,0,차대차 - 기타,안전운전불이행,젖음/습기,안개,단일로 - 기타,승용,남,77세,상해없음,승용,여,52세,경상
2018120400100137,2018년 12월 4일 08시,화요일,충청북도 청주시 흥덕구 봉명동,중상사고,0,1,4,0,차대차 - 기타,안전거리미확보,젖음/습기,비,단일로 - 기타,승용,여,48세,상해없음,승용,남,30세,경상
2018120400100138,2018년 12월 4일 08시,화요일,충청북도 충주시 중앙탑면,중상사고,0,1,2,0,차대차 - 기타,안전거리미확보,젖음/습기,비,단일로 - 기타,승합,남,29세,상해없음,승용,여,44세,경상
2018120400100139,2018년 12월 4일 08시,화요일,충청북도 청주시 흥덕구 지동동,경상사고,0,0,3,0,차대차 - 기타,안전운전불이행,젖음/습기,비,단일로 - 기타,화물,남,51세,경상,화물,남,25세,경상
2018120400100186,2018년 12월 4일 09시,화요일,충청북도 청주시 청원구 오창읍,경상사고,0,0,1,0,차대사람 - 횡단중,보행자보호의무위반,젖음/습기,비,교차로 - 교차로횡단보도내,승합,남,53세,상해없음,보행자,여,68세,경상
2018120400100187,2018년 12월 4일 09시,화요일,충청북도 충주시 대소원면,경상사고,0,0,1,0,차대차 - 측면충돌,신호위반,젖음/습기,비,교차로 - 교차로안,화물,남,21세,상해없음,승용,남,24세,경상
2018120400100188,2018년 12월 4일 09시,화요일,충청북도 충주시 교현동,경상사고,0,0,1,0,차대사람 - 횡단중,보행자보호의무위반,건조,맑음,교차로 - 교차로안,승용,여,61세,상해없음,보행자,여,76세,경상
2018120400100224,2018년 12월 4일 10시,화요일,충청북도 청주시 상당구 북문로3가동,경상사고,0,0,4,0,차대차 - 기타,교차로운행방법위반,건조,맑음,교차로 - 교차로안,승용,여,48세,경상,승용,여,47세,경상
2018120400100225,2018년 12월 4일 10시,화요일,충청북도 음성군 대소면,경상사고,0,0,2,0,차대차 - 측면충돌,교차로운행방법위반,건조,맑음,교차로 - 교차로안,승용,남,84세,경상,화물,남,41세,경상
2018120400100226,2018년 12월 4일 10시,화요일,충청북도 청주시 흥덕구 오송읍,사망사고,1,0,0,0,차량단독 - 전도전복 - 전도,안전운전불이행,젖음/습기,비,단일로 - 기타,이륜,남,78세,사망,미분류,미분류,미분류,미분류
2018120400100272,2018년 12월 4일 12시,화요일,충청북도 제천시 모산동,중상사고,0,1,1,0,차대차 - 측면충돌,안전운전불이행,건조,맑음,교차로 - 교차로안,승용,여,42세,상해없음,승용,여,65세,경상
2018120400100273,2018년 12월 4일 12시,화요일,충청북도 제천시 남천동,경상사고,0,0,1,0,차대차 - 측면충돌,안전거리미확보,건조,맑음,교차로 - 교차로안,자전거,남,77세,경상,승용,여,49세,상해없음
2018120400100335,2018년 12월 4일 14시,화요일,충청북도 청주시 청원구 오창읍,경상사고,0,0,1,0,차대차 - 측면충돌,안전거리미확보,건조,맑음,단일로 - 기타,승용,여,32세,상해없음,승용,여,57세,경상
2018120400100336,2018년 12월 4일 14시,화요일,충청북도 청주시 흥덕구 봉명동,경상사고,0,0,2,0,차대차 - 측면충돌,안전운전불이행,건조,맑음,단일로 - 기타,승용,여,51세,경상,승용,남,60세,경상
2018120400100387,2018년 12월 4일 16시,화요일,충청북도 충주시 교현동,경상사고,0,0,2,0,차대차 - 측면충돌,안전운전불이행,건조,맑음,교차로 - 교차로안,이륜,남,23세,경상,화물,남,47세,경상
2018120400100388,2018년 12월 4일 16시,화요일,충청북도 옥천군 옥천읍,경상사고,0,0,1,0,차대차 - 측면충돌,교차로운행방법위반,건조,맑음,교차로 - 교차로안,승용,남,64세,상해없음,이륜,여,64세,경상
2018120400100389,2018년 12월 4일 16시,화요일,충청북도 청주시 서원구 현도면,중상사고,0,2,2,0,차대차 - 기타,직진우회전진행방해,건조,맑음,교차로 - 교차로안,승용,남,35세,경상,승용,남,70세,중상
2018120400100424,2018년 12월 4일 17시,화요일,충청북도 청주시 흥덕구 옥산면,경상사고,0,0,2,0,차대차 - 기타,안전운전불이행,젖음/습기,흐림,단일로 - 기타,승용,남,44세,상해없음,승용,남,31세,경상
2018120400100457,2018년 12월 4일 18시,화요일,충청북도 진천군 진천읍,경상사고,0,0,1,0,차대차 - 기타,신호위반,건조,맑음,교차로 - 교차로안,이륜,남,61세,경상,승용,남,42세,상해없음
2018120400100458,2018년 12월 4일 18시,화요일,충청북도 청주시 흥덕구 가경동,경상사고,0,0,2,1,차대차 - 추돌,안전운전불이행,젖음/습기,비,교차로 - 교차로부근,승합,남,39세,상해없음,승용,남,29세,경상
2018120400100459,2018년 12월 4일 18시,화요일,충청북도 청주시 흥덕구 신봉동,경상사고,0,0,1,0,차대차 - 기타,안전거리미확보,젖음/습기,비,교차로 - 교차로부근,승용,남,58세,상해없음,승용,여,42세,경상
2018120400100492,2018년 12월 4일 19시,화요일,충청북도 제천시 영천동,사망사고,1,0,7,1,차대차 - 측면충돌,안전운전불이행,건조,맑음,단일로 - 기타,승용,남,69세,사망,승합,남,57세,경상
2018120400100493,2018년 12월 4일 19시,화요일,충청북도 청주시 흥덕구 강내면,경상사고,0,0,2,0,차대차 - 기타,안전운전불이행,젖음/습기,흐림,단일로 - 교량,승용,남,27세,상해없음,승용,여,38세,경상
2018120400100527,2018년 12월 4일 20시,화요일,충청북도 진천군 광혜원면,경상사고,0,0,1,0,차대사람 - 길가장자리구역통행중,안전운전불이행,건조,맑음,교차로 - 교차로안,승용,남,35세,상해없음,보행자,남,36세,경상
2018120400100566,2018년 12월 4일 22시,화요일,충청북도 충주시 연수동,중상사고,0,1,0,0,차대차 - 기타,신호위반,건조,맑음,교차로 - 교차로부근,승용,남,66세,상해없음,이륜,여,18세,중상
2018120400100567,2018년 12월 4일 22시,화요일,충청북도 청주시 흥덕구 옥산면,중상사고,0,2,3,1,차대차 - 기타,신호위반,건조,맑음,교차로 - 교차로안,승용,여,49세,부상신고,승용,남,47세,경상
2018120500100008,2018년 12월 5일 00시,수요일,충청북도 청주시 상당구 방서동,부상신고사고,0,0,0,1,차대차 - 측면충돌,안전운전불이행,건조,맑음,단일로 - 지하차도(도로)내,승용,남,48세,부상신고,승합,기타불명,미분류,기타불명
2018120500100130,2018년 12월 5일 08시,수요일,충청북도 충주시 연수동,경상사고,0,0,2,0,차대차 - 측면충돌,신호위반,건조,맑음,교차로 - 교차로안,승용,여,30세,상해없음,승용,남,60세,경상
2018120500100131,2018년 12월 5일 08시,수요일,충청북도 제천시 강제동,경상사고,0,0,1,0,차대사람 - 횡단중,보행자보호의무위반,건조,맑음,교차로 - 교차로횡단보도내,승용,남,29세,상해없음,보행자,남,8세,경상
2018120500100132,2018년 12월 5일 08시,수요일,충청북도 청주시 흥덕구 신봉동,경상사고,0,0,1,0,차대차 - 기타,교차로운행방법위반,건조,맑음,교차로 - 교차로안,승용,남,49세,상해없음,승용,여,47세,경상
2018120500100228,2018년 12월 5일 11시,수요일,충청북도 청주시 청원구 내수읍,경상사고,0,0,3,0,차대차 - 기타,안전거리미확보,건조,맑음,교차로 - 교차로부근,화물,남,57세,상해없음,승용,남,43세,경상
2018120500100230,2018년 12월 5일 11시,수요일,충청북도 청주시 상당구 남주동,경상사고,0,0,1,0,차대차 - 측면충돌,교차로운행방법위반,건조,맑음,교차로 - 교차로안,화물,남,46세,상해없음,자전거,여,57세,경상
2018120500100231,2018년 12월 5일 11시,수요일,충청북도 청주시 서원구 분평동,경상사고,0,0,2,0,차대차 - 측면충돌,교차로운행방법위반,젖음/습기,흐림,교차로 - 교차로안,승용,남,30세,경상,승용,남,26세,경상
2018120500100285,2018년 12월 5일 13시,수요일,충청북도 단양군 단양읍,중상사고,0,1,2,0,차대차 - 기타,안전운전불이행,건조,맑음,교차로 - 교차로안,화물,남,62세,중상,승용,남,66세,경상
2018120500100306,2018년 12월 5일 14시,수요일,충청북도 청주시 서원구 산남동,경상사고,0,0,1,0,차대차 - 측면충돌,신호위반,건조,맑음,교차로 - 교차로안,승용,여,42세,상해없음,승용,여,41세,경상
2018120500100337,2018년 12월 5일 15시,수요일,충청북도 제천시 청전동,경상사고,0,0,1,0,차대사람 - 횡단중,보행자보호의무위반,건조,맑음,교차로 - 교차로횡단보도내,화물,여,53세,상해없음,보행자,여,61세,경상
2018120500100365,2018년 12월 5일 16시,수요일,충청북도 진천군 문백면,중상사고,0,1,0,0,차대차 - 기타,직진우회전진행방해,건조,맑음,교차로 - 교차로안,화물,남,58세,상해없음,승합,남,64세,중상
2018120500100366,2018년 12월 5일 16시,수요일,충청북도 청주시 서원구 성화동,경상사고,0,0,1,0,차대사람 - 횡단중,안전운전불이행,건조,맑음,교차로 - 교차로안,승용,여,44세,상해없음,보행자,남,68세,경상
2018120500100367,2018년 12월 5일 16시,수요일,충청북도 청주시 서원구 남이면,중상사고,0,1,1,0,차대차 - 추돌,안전운전불이행,건조,맑음,단일로 - 기타,화물,남,47세,상해없음,승용,남,25세,중상
2018120500100454,2018년 12월 5일 18시,수요일,충청북도 충주시 목행동,경상사고,0,0,1,0,차대차 - 기타,안전운전불이행,건조,맑음,단일로 - 기타,화물,남,61세,상해없음,원동기,남,68세,경상
2018120500100455,2018년 12월 5일 18시,수요일,충청북도 청주시 상당구 석교동,경상사고,0,0,1,0,차대차 - 측면충돌,차로위반,건조,맑음,단일로 - 기타,승용,여,50세,상해없음,승용,여,53세,경상
2018120500100526,2018년 12월 5일 20시,수요일,충청북도 음성군 금왕읍,경상사고,0,0,2,0,차대차 - 측면충돌,안전운전불이행,건조,맑음,단일로 - 기타,승용,여,44세,경상,승용,여,48세,경상
2018120500100527,2018년 12월 5일 20시,수요일,충청북도 청주시 흥덕구 신봉동,중상사고,0,1,0,0,차대차 - 측면충돌,안전운전불이행,건조,맑음,단일로 - 기타,승용,남,45세,상해없음,이륜,남,60세,중상
2018120500100562,2018년 12월 5일 22시,수요일,충청북도 청주시 상당구 수동,경상사고,0,0,1,0,차대차 - 기타,안전운전불이행,건조,맑음,단일로 - 기타,승용,남,24세,상해없음,승용,남,60세,경상
2018120500100563,2018년 12월 5일 22시,수요일,충청북도 증평군 증평읍,중상사고,0,1,0,0,차대차 - 기타,신호위반,건조,맑음,교차로 - 교차로안,승용,남,33세,상해없음,승용,남,35세,중상
2018120500100564,2018년 12월 5일 22시,수요일,충청북도 진천군 진천읍,부상신고사고,0,0,0,1,차량단독 - 공작물충돌,안전운전불이행,건조,맑음,단일로 - 기타,승용,남,53세,부상신고,,,,
2018120600100008,2018년 12월 6일 00시,목요일,충청북도 청주시 흥덕구 봉명동,경상사고,0,0,1,0,차대차 - 추돌,안전운전불이행,건조,맑음,교차로 - 교차로부근,승용,남,32세,상해없음,승용,남,20세,경상
2018120600100031,2018년 12월 6일 02시,목요일,충청북도 음성군 맹동면,경상사고,0,0,1,0,차대차 - 추돌,안전거리미확보,건조,맑음,교차로 - 교차로부근,승용,여,41세,상해없음,승용,여,26세,경상
2018120600100035,2018년 12월 6일 03시,목요일,충청북도 충주시 노은면,사망사고,1,13,6,0,차대차 - 추돌,안전운전불이행,건조,맑음,단일로 - 터널,승합,남,59세,사망,건설기계,남,41세,중상
2018120600100051,2018년 12월 6일 05시,목요일,충청북도 청주시 청원구 오창읍,경상사고,0,0,1,0,차대사람 - 기타,안전운전불이행,젖음/습기,눈,단일로 - 기타,원동기,남,27세,상해없음,보행자,여,72세,경상
2018120600100125,2018년 12월 6일 08시,목요일,충청북도 청주시 청원구 내수읍,경상사고,0,0,1,0,차대차 - 기타,안전운전불이행,건조,맑음,단일로 - 기타,특수,남,49세,상해없음,승용,여,49세,경상
2018120600100178,2018년 12월 6일 09시,목요일,충청북도 충주시 수안보면,경상사고,0,0,2,0,차대차 - 기타,신호위반,젖음/습기,흐림,교차로 - 교차로안,화물,남,56세,상해없음,승합,남,58세,경상
2018120600100262,2018년 12월 6일 12시,목요일,충청북도 제천시 왕암동,중상사고,0,2,0,0,차대차 - 측면충돌,안전운전불이행,건조,흐림,교차로 - 교차로안,승용,남,52세,상해없음,승용,여,47세,중상
2018120600100291,2018년 12월 6일 13시,목요일,충청북도 제천시 장락동,경상사고,0,0,1,0,차대차 - 측면충돌,직진우회전진행방해,건조,맑음,교차로 - 교차로안,이륜,남,26세,경상,화물,남,47세,상해없음
2018120600100320,2018년 12월 6일 14시,목요일,충청북도 청주시 서원구 사직동,경상사고,0,0,1,0,차량단독 - 기타,안전운전불이행,건조,맑음,단일로 - 기타,승합,남,56세,상해없음,,,,
2018120600100321,2018년 12월 6일 14시,목요일,충청북도 청주시 서원구 모충동,중상사고,0,1,0,0,차대사람 - 기타,안전운전불이행,건조,맑음,단일로 - 기타,승용,여,50세,상해없음,보행자,여,82세,중상
2018120600100360,2018년 12월 6일 15시,목요일,충청북도 청주시 상당구 북문로2가동,경상사고,0,0,1,0,차대차 - 측면충돌,교차로운행방법위반,건조,맑음,교차로 - 교차로안,승용,여,35세,상해없음,승용,남,70세,경상
2018120600100361,2018년 12월 6일 15시,목요일,충청북도 옥천군 안내면,중상사고,0,1,1,0,차대차 - 기타,교차로운행방법위반,건조,맑음,교차로 - 교차로안,승용,남,57세,경상,승용,남,50세,상해없음
2018120600100362,2018년 12월 6일 15시,목요일,충청북도 청주시 흥덕구 비하동,경상사고,0,0,3,1,차대차 - 측면충돌,교차로운행방법위반,건조,맑음,교차로 - 교차로안,승용,남,58세,상해없음,승용,여,36세,경상
2018120600100363,2018년 12월 6일 15시,목요일,충청북도 청주시 흥덕구 신봉동,경상사고,0,0,1,0,차대차 - 추돌,안전운전불이행,건조,맑음,교차로 - 교차로부근,승용,남,60세,상해없음,이륜,남,60세,경상
2018120600100393,2018년 12월 6일 16시,목요일,충청북도 제천시 청전동,경상사고,0,0,2,0,차대차 - 측면충돌,안전운전불이행,건조,맑음,교차로 - 교차로안,승용,여,33세,상해없음,승용,남,53세,경상
2018120600100394,2018년 12월 6일 16시,목요일,충청북도 음성군 생극면,중상사고,0,1,0,0,차대차 - 기타,차로위반,건조,맑음,단일로 - 기타,화물,남,54세,상해없음,화물,남,63세,중상
2018120600100395,2018년 12월 6일 16시,목요일,충청북도 청주시 상당구 용암동,경상사고,0,0,1,0,차대차 - 측면충돌,신호위반,건조,맑음,교차로 - 교차로안,승용,여,35세,상해없음,화물,남,64세,경상
2018120600100423,2018년 12월 6일 17시,목요일,충청북도 충주시 주덕읍,중상사고,0,1,0,0,차대사람 - 기타,중앙선침범,건조,맑음,단일로 - 기타,승용,남,35세,상해없음,보행자,여,64세,중상
2018120600100424,2018년 12월 6일 17시,목요일,충청북도 보은군 탄부면,경상사고,0,0,2,0,차대차 - 측면충돌,안전운전불이행,건조,맑음,단일로 - 지하차도(도로)내,화물,남,66세,경상,화물,남,36세,경상
2018120600100425,2018년 12월 6일 17시,목요일,충청북도 청주시 상당구 용암동,경상사고,0,0,1,0,차대차 - 기타,교차로운행방법위반,건조,맑음,교차로 - 교차로안,승용,남,46세,상해없음,승합,남,30세,상해없음
2018120600100480,2018년 12월 6일 18시,목요일,충청북도 청주시 청원구 북이면,경상사고,0,0,1,0,차대차 - 측면충돌,안전운전불이행,건조,맑음,단일로 - 기타,화물,남,53세,상해없음,승용,남,25세,경상
2018120600100481,2018년 12월 6일 18시,목요일,충청북도 충주시 성서동,경상사고,0,0,1,0,차대차 - 추돌,안전운전불이행,건조,흐림,단일로 - 기타,승용,여,53세,상해없음,승용,여,21세,경상
2018120600100482,2018년 12월 6일 18시,목요일,충청북도 충주시 중앙탑면,중상사고,0,1,1,0,차대차 - 기타,직진우회전진행방해,건조,맑음,교차로 - 교차로안,승용,남,50세,경상,승용,여,29세,중상
2018120600100483,2018년 12월 6일 18시,목요일,충청북도 제천시 덕산면,사망사고,1,0,0,0,차대차 - 정면충돌,중앙선침범,건조,맑음,기타 - 기타,화물,남,49세,상해없음,이륜,남,37세,사망
2018120600100484,2018년 12월 6일 18시,목요일,충청북도 청주시 흥덕구 봉명동,경상사고,0,0,1,0,차대차 - 추돌,안전운전불이행,건조,맑음,단일로 - 기타,승용,남,43세,상해없음,승용,남,27세,경상
2018120600100543,2018년 12월 6일 19시,목요일,충청북도 청주시 청원구 오창읍,중상사고,0,1,0,0,차대차 - 기타,중앙선침범,건조,맑음,단일로 - 기타,승용,남,34세,상해없음,이륜,남,36세,중상
2018120600100599,2018년 12월 6일 21시,목요일,충청북도 제천시 강제동,중상사고,0,1,0,0,차대사람 - 횡단중,안전운전불이행,건조,흐림,교차로 - 교차로부근,승용,남,28세,상해없음,보행자,남,62세,중상
2018120700100006,2018년 12월 7일 00시,금요일,충청북도 제천시 명동,경상사고,0,0,1,0,차대차 - 추돌,안전운전불이행,건조,맑음,교차로 - 교차로부근,승용,남,34세,상해없음,승용,여,27세,경상
2018120700100029,2018년 12월 7일 02시,금요일,충청북도 청주시 서원구 사창동,경상사고,0,0,1,0,차대사람 - 기타,안전운전불이행,젖음/습기,눈,교차로 - 교차로횡단보도내,승용,남,54세,상해없음,보행자,여,23세,경상
2018120700100043,2018년 12월 7일 04시,금요일,충청북도 진천군 진천읍,경상사고,0,0,1,0,차량단독 - 공작물충돌,안전운전불이행,건조,맑음,단일로 - 기타,승용,여,36세,경상,,,,
2018120700100069,2018년 12월 7일 06시,금요일,충청북도 청주시 서원구 개신동,경상사고,0,0,1,0,차대차 - 측면충돌,안전운전불이행,건조,맑음,교차로 - 교차로부근,승용,남,63세,상해없음,승용,남,59세,상해없음
2018120700100070,2018년 12월 7일 06시,금요일,충청북도 제천시 청전동,중상사고,0,1,0,0,차대사람 - 횡단중,안전운전불이행,건조,흐림,단일로 - 기타,승용,여,40세,상해없음,보행자,남,71세,중상
2018120700100129,2018년 12월 7일 08시,금요일,충청북도 충주시 대소원면,중상사고,0,1,0,0,차대차 - 측면충돌,안전운전불이행,건조,맑음,교차로 - 교차로안,승용,남,61세,상해없음,승용,남,33세,중상
2018120700100130,2018년 12월 7일 08시,금요일,충청북도 음성군 음성읍,중상사고,0,1,3,0,차대차 - 기타,보행자보호의무위반,건조,맑음,단일로 - 기타,승용,남,32세,경상,승용,남,63세,상해없음
2018120700100131,2018년 12월 7일 08시,금요일,충청북도 진천군 덕산면,경상사고,0,0,2,0,차대차 - 측면충돌,신호위반,건조,맑음,교차로 - 교차로안,화물,남,72세,상해없음,승용,남,40세,경상
2018120700100132,2018년 12월 7일 08시,금요일,충청북도 진천군 이월면,경상사고,0,0,1,0,차대차 - 기타,안전운전불이행,건조,맑음,교차로 - 교차로안,승용,여,26세,상해없음,화물,남,50세,경상
2018120700100133,2018년 12월 7일 08시,금요일,충청북도 청주시 흥덕구 복대동,경상사고,0,0,1,0,차대차 - 기타,차로위반,건조,맑음,단일로 - 기타,기타불명,기타불명,미분류,기타불명,승용,여,61세,상해없음
2018120700100173,2018년 12월 7일 09시,금요일,충청북도 청주시 서원구 남이면,경상사고,0,0,3,0,차대차 - 측면충돌,안전운전불이행,건조,맑음,단일로 - 기타,화물,남,47세,상해없음,승용,여,36세,경상
2018120700100211,2018년 12월 7일 10시,금요일,충청북도 청주시 흥덕구 정봉동,중상사고,0,1,1,0,차대차 - 추돌,안전운전불이행,건조,맑음,단일로 - 기타,승용,여,61세,경상,승용,여,61세,중상
2018120700100212,2018년 12월 7일 10시,금요일,충청북도 청주시 흥덕구 석소동,경상사고,0,0,2,0,차대차 - 측면충돌,안전운전불이행,건조,맑음,교차로 - 교차로부근,화물,남,70세,상해없음,승용,여,53세,경상
2018120700100339,2018년 12월 7일 14시,금요일,충청북도 청주시 청원구 율량동,중상사고,0,1,2,0,차대차 - 추돌,안전운전불이행,건조,맑음,단일로 - 터널,화물,남,53세,상해없음,승용,남,48세,중상
2018120700100340,2018년 12월 7일 14시,금요일,충청북도 청주시 상당구 수동,경상사고,0,0,1,0,차대차 - 기타,안전운전불이행,건조,맑음,교차로 - 교차로부근,승용,남,21세,상해없음,승용,여,48세,경상
2018120700100341,2018년 12월 7일 14시,금요일,충청북도 제천시 영천동,중상사고,0,1,2,0,차대차 - 추돌,안전거리미확보,건조,맑음,교차로 - 교차로부근,승용,남,63세,상해없음,승용,남,31세,중상
2018120700100342,2018년 12월 7일 14시,금요일,충청북도 청주시 흥덕구 가경동,경상사고,0,0,1,0,차대차 - 기타,차로위반,건조,맑음,단일로 - 기타,승용,남,18세,상해없음,승합,남,46세,상해없음
2018120700100343,2018년 12월 7일 14시,금요일,충청북도 청주시 상당구 낭성면,경상사고,0,0,1,0,차대차 - 추돌,안전운전불이행,건조,맑음,교차로 - 교차로부근,화물,남,57세,상해없음,승용,남,43세,경상
2018120700100420,2018년 12월 7일 16시,금요일,충청북도 음성군 생극면,경상사고,0,0,3,0,차대차 - 추돌,안전거리미확보,건조,맑음,단일로 - 기타,승용,남,36세,상해없음,화물,남,55세,경상