사고번호,사고일시,요일,시군구,사고내용,사망자수,중상자수,경상자수,부상신고자수,사고유형,법규위반,노면상태,기상상태,도로형태,가해운전자 차종,가해운전자 성별,가해운전자 연령,가해운전자 상해정도,피해운전자 차종,피해운전자 성별,피해운전자 연령,피해운전자 상해정도
2018122700100153,2018년 12월 27일 09시,목요일,충청북도 청주시 청원구 북이면,경상사고,0,0,1,0,차대차 - 측면충돌,안전운전불이행,건조,맑음,교차로 - 교차로횡단보도내,화물,남,59세,상해없음,승용,여,34세,경상
2018122700100154,2018년 12월 27일 09시,목요일,충청북도 보은군 보은읍,경상사고,0,0,2,0,차대차 - 정면충돌,교차로운행방법위반,건조,맑음,교차로 - 교차로안,승합,여,59세,상해없음,승용,여,63세,경상
2018122700100182,2018년 12월 27일 10시,목요일,충청북도 청주시 서원구 성화동,중상사고,0,1,1,0,차대차 - 측면충돌,교차로운행방법위반,건조,맑음,교차로 - 교차로횡단보도내,승용,남,76세,상해없음,승용,남,40세,경상
2018122700100202,2018년 12월 27일 11시,목요일,충청북도 청주시 서원구 사창동,경상사고,0,0,1,0,차대차 - 기타,교차로운행방법위반,건조,맑음,교차로 - 교차로안,승용,여,59세,상해없음,승용,여,29세,경상
2018122700100203,2018년 12월 27일 11시,목요일,충청북도 영동군 영동읍,경상사고,0,0,1,0,차대사람 - 횡단중,보행자보호의무위반,건조,맑음,단일로 - 기타,화물,남,70세,상해없음,보행자,여,48세,경상
2018122700100204,2018년 12월 27일 11시,목요일,충청북도 청주시 서원구 수곡동,경상사고,0,0,2,0,차대차 - 측면충돌,안전운전불이행,건조,맑음,단일로 - 지하차도(도로)내,승용,남,64세,경상,승용,남,25세,경상
2018122700100231,2018년 12월 27일 12시,목요일,충청북도 괴산군 사리면,중상사고,0,1,1,0,차대차 - 추돌,안전운전불이행,건조,맑음,단일로 - 기타,화물,남,36세,상해없음,승용,남,69세,경상
2018122700100319,2018년 12월 27일 15시,목요일,충청북도 음성군 감곡면,경상사고,0,0,4,0,차대차 - 측면충돌,안전운전불이행,건조,맑음,단일로 - 기타,승용,여,42세,경상,승용,남,48세,경상
2018122700100320,2018년 12월 27일 15시,목요일,충청북도 청주시 상당구 영운동,경상사고,0,0,1,0,차대차 - 측면충돌,안전운전불이행,건조,맑음,교차로 - 교차로부근,기타불명,기타불명,미분류,기타불명,승용,여,60세,상해없음
2018122700100350,2018년 12월 27일 16시,목요일,충청북도 청주시 청원구 오창읍,경상사고,0,0,2,0,차대차 - 측면충돌,안전운전불이행,건조,맑음,교차로 - 교차로부근,승용,남,49세,상해없음,승용,남,47세,경상
2018122700100351,2018년 12월 27일 16시,목요일,충청북도 충주시 봉방동,경상사고,0,0,1,0,차대사람 - 횡단중,보행자보호의무위반,건조,맑음,교차로 - 교차로횡단보도내,승용,남,46세,상해없음,보행자,남,10세,경상
2018122700100393,2018년 12월 27일 17시,목요일,충청북도 청주시 청원구 율량동,경상사고,0,0,1,0,차대사람 - 기타,안전운전불이행,건조,맑음,단일로 - 기타,기타불명,기타불명,미분류,기타불명,보행자,여,20세,경상
2018122700100394,2018년 12월 27일 17시,목요일,충청북도 충주시 문화동,중상사고,0,1,0,0,차대사람 - 횡단중,안전운전불이행,건조,맑음,기타 - 기타,승용,여,50세,상해없음,보행자,여,81세,중상
2018122700100395,2018년 12월 27일 17시,목요일,충청북도 청주시 상당구 용정동,경상사고,0,0,1,0,차대사람 - 횡단중,안전운전불이행,건조,맑음,단일로 - 지하차도(도로)내,승용,남,33세,상해없음,보행자,남,13세,경상
2018122700100437,2018년 12월 27일 18시,목요일,충청북도 충주시 용탄동,중상사고,0,1,1,0,차대차 - 기타,직진우회전진행방해,건조,맑음,교차로 - 교차로안,승용,남,37세,경상,화물,남,56세,중상
2018122700100438,2018년 12월 27일 18시,목요일,충청북도 음성군 맹동면,경상사고,0,0,1,0,차대차 - 측면충돌,교차로운행방법위반,건조,맑음,교차로 - 교차로부근,승용,여,58세,경상,화물,남,66세,상해없음
2018122700100439,2018년 12월 27일 18시,목요일,충청북도 음성군 맹동면,경상사고,0,0,1,0,차대차 - 측면충돌,안전운전불이행,건조,맑음,단일로 - 기타,승용,남,33세,상해없음,이륜,남,42세,경상
2018122700100440,2018년 12월 27일 18시,목요일,충청북도 청주시 상당구 문의면,사망사고,1,4,0,0,차대차 - 측면충돌,신호위반,건조,맑음,교차로 - 교차로안,승용,여,50세,중상,승용,여,26세,중상
2018122700100540,2018년 12월 27일 20시,목요일,충청북도 청주시 청원구 내덕동,경상사고,0,0,1,0,차대차 - 기타,안전운전불이행,건조,맑음,단일로 - 기타,승용,남,36세,상해없음,원동기,남,24세,경상
2018122700100541,2018년 12월 27일 20시,목요일,충청북도 진천군 덕산면,경상사고,0,0,1,0,차대차 - 정면충돌,중앙선침범,건조,맑음,교차로 - 교차로안,승용,남,55세,상해없음,승용,남,35세,경상
2018122700100571,2018년 12월 27일 21시,목요일,충청북도 청주시 흥덕구 복대동,경상사고,0,0,1,0,차대사람 - 기타,안전운전불이행,건조,맑음,단일로 - 기타,승합,남,64세,상해없음,보행자,남,26세,경상
2018122800100011,2018년 12월 28일 00시,금요일,충청북도 음성군 대소면,사망사고,1,0,0,0,차대사람 - 차도통행중,안전운전불이행,건조,맑음,교차로 - 교차로부근,승용,여,25세,상해없음,보행자,남,57세,사망
2018122800100024,2018년 12월 28일 01시,금요일,충청북도 청주시 흥덕구 복대동,경상사고,0,0,1,0,차대차 - 정면충돌,안전운전불이행,건조,맑음,교차로 - 교차로안,승용,남,45세,상해없음,승용,여,46세,경상
2018122800100069,2018년 12월 28일 06시,금요일,충청북도 청주시 청원구 오창읍,경상사고,0,0,3,0,차대차 - 기타,신호위반,건조,맑음,교차로 - 교차로안,승용,남,34세,상해없음,승용,남,59세,경상
2018122800100070,2018년 12월 28일 06시,금요일,충청북도 진천군 덕산면,중상사고,0,1,0,0,차대차 - 추돌,안전거리미확보,건조,맑음,단일로 - 기타,승용,남,67세,상해없음,자전거,여,69세,중상
2018122800100083,2018년 12월 28일 07시,금요일,충청북도 청주시 청원구 오창읍,경상사고,0,0,1,0,차대차 - 추돌,안전운전불이행,건조,맑음,교차로 - 교차로부근,화물,남,47세,상해없음,승용,여,55세,경상
2018122800100084,2018년 12월 28일 07시,금요일,충청북도 청주시 흥덕구 복대동,부상신고사고,0,0,0,1,차대차 - 기타,중앙선침범,건조,맑음,교차로 - 교차로부근,자전거,남,28세,부상신고,승용,남,42세,상해없음
2018122800100104,2018년 12월 28일 08시,금요일,충청북도 진천군 진천읍,경상사고,0,0,1,0,차대차 - 추돌,안전운전불이행,건조,맑음,교차로 - 교차로안,승용,남,33세,상해없음,승용,남,48세,경상
2018122800100139,2018년 12월 28일 09시,금요일,충청북도 청주시 청원구 율량동,경상사고,0,0,2,0,차대차 - 측면충돌,신호위반,건조,맑음,교차로 - 교차로안,승용,남,53세,상해없음,승용,남,59세,경상
2018122800100140,2018년 12월 28일 09시,금요일,충청북도 제천시 장락동,경상사고,0,0,2,0,차대차 - 정면충돌,직진우회전진행방해,건조,맑음,교차로 - 교차로안,승용,남,32세,상해없음,승용,남,57세,경상
2018122800100256,2018년 12월 28일 13시,금요일,충청북도 청주시 서원구 사창동,중상사고,0,1,0,0,차대차 - 기타,과속,건조,맑음,교차로 - 교차로안,승용,남,38세,상해없음,이륜,남,51세,중상
2018122800100257,2018년 12월 28일 13시,금요일,충청북도 괴산군 연풍면,경상사고,0,0,2,0,차대차 - 측면충돌,안전거리미확보,건조,맑음,단일로 - 기타,화물,남,48세,상해없음,승용,남,34세,경상
2018122800100258,2018년 12월 28일 13시,금요일,충청북도 청주시 흥덕구 가경동,경상사고,0,0,1,0,차대차 - 기타,교차로운행방법위반,건조,맑음,교차로 - 교차로안,승용,여,29세,상해없음,이륜,남,23세,경상
2018122800100294,2018년 12월 28일 14시,금요일,충청북도 충주시 중앙탑면,경상사고,0,0,1,0,차대차 - 정면충돌,안전거리미확보,건조,맑음,단일로 - 기타,승용,남,60세,상해없음,승용,남,63세,경상
2018122800100338,2018년 12월 28일 15시,금요일,충청북도 충주시 교현동,중상사고,0,1,0,0,차대차 - 기타,안전운전불이행,건조,맑음,단일로 - 기타,화물,남,50세,상해없음,자전거,여,53세,중상
2018122800100339,2018년 12월 28일 15시,금요일,충청북도 제천시 화산동,경상사고,0,0,1,0,차대차 - 측면충돌,직진우회전진행방해,건조,맑음,교차로 - 교차로안,승용,여,43세,상해없음,승용,남,68세,경상
2018122800100341,2018년 12월 28일 15시,금요일,충청북도 청주시 상당구 문의면,경상사고,0,0,1,0,차대차 - 기타,안전거리미확보,건조,맑음,교차로 - 교차로부근,화물,남,59세,상해없음,승합,남,55세,상해없음
2018122800100384,2018년 12월 28일 16시,금요일,충청북도 제천시 서부동,중상사고,0,1,0,0,차대사람 - 횡단중,보행자보호의무위반,건조,맑음,단일로 - 기타,승용,남,56세,상해없음,보행자,여,68세,중상
2018122800100417,2018년 12월 28일 17시,금요일,충청북도 청주시 청원구 오창읍,경상사고,0,0,1,0,차대차 - 추돌,안전운전불이행,건조,맑음,교차로 - 교차로부근,승용,남,47세,상해없음,승용,여,42세,경상
2018122800100418,2018년 12월 28일 17시,금요일,충청북도 보은군 보은읍,중상사고,0,1,1,0,차대차 - 정면충돌,안전운전불이행,건조,맑음,교차로 - 교차로안,승용,여,58세,경상,승용,남,67세,중상
2018122800100464,2018년 12월 28일 18시,금요일,충청북도 충주시 지현동,중상사고,0,1,1,0,차대차 - 기타,안전운전불이행,건조,맑음,단일로 - 기타,승용,여,31세,상해없음,승용,여,62세,경상
2018122800100465,2018년 12월 28일 18시,금요일,충청북도 옥천군 옥천읍,중상사고,0,3,5,0,차대차 - 추돌,안전거리미확보,건조,맑음,단일로 - 기타,승합,남,50세,경상,승용,여,33세,중상
2018122800100466,2018년 12월 28일 18시,금요일,충청북도 청주시 흥덕구 복대동,경상사고,0,0,1,0,차대사람 - 기타,기타,건조,맑음,단일로 - 기타,이륜,남,42세,상해없음,보행자,남,13세,경상
2018122800100467,2018년 12월 28일 18시,금요일,충청북도 청주시 상당구 남일면,경상사고,0,0,1,0,차대차 - 추돌,안전운전불이행,건조,맑음,단일로 - 지하차도(도로)내,승용,여,38세,상해없음,승용,남,52세,상해없음
2018122800100554,2018년 12월 28일 20시,금요일,충청북도 청주시 상당구 지북동,중상사고,0,1,0,0,차대차 - 측면충돌,안전운전불이행,건조,맑음,교차로 - 교차로횡단보도내,승용,남,60세,상해없음,자전거,남,60세,중상
2018122800100590,2018년 12월 28일 21시,금요일,충청북도 증평군 증평읍,중상사고,0,3,0,0,차대차 - 추돌,안전운전불이행,건조,맑음,교차로 - 교차로부근,승용,여,40세,상해없음,화물,여,35세,중상
2018122800100591,2018년 12월 28일 21시,금요일,충청북도 청주시 흥덕구 봉명동,경상사고,0,0,1,0,차대사람 - 기타,안전운전불이행,건조,맑음,교차로 - 교차로안,이륜,남,30세,상해없음,보행자,남,55세,경상
2018122800100592,2018년 12월 28일 21시,금요일,충청북도 청주시 흥덕구 강서동,경상사고,0,0,1,0,차대차 - 기타,차로위반,건조,맑음,교차로 - 교차로부근,승용,남,55세,상해없음,승용,여,49세,경상
2018122800100593,2018년 12월 28일 21시,금요일,충청북도 청주시 상당구 용암동,경상사고,0,0,1,0,차대차 - 추돌,안전운전불이행,건조,맑음,교차로 - 교차로안,승용,남,58세,상해없음,이륜,남,18세,경상
2018122800100621,2018년 12월 28일 22시,금요일,충청북도 충주시 소태면,경상사고,0,0,1,0,차대차 - 추돌,안전운전불이행,건조,흐림,단일로 - 기타,승용,남,30세,경상,화물,남,42세,상해없음
2018122900100011,2018년 12월 29일 00시,토요일,충청북도 충주시 교현동,경상사고,0,0,1,0,차대차 - 측면충돌,안전운전불이행,건조,맑음,기타 - 기타,승용,여,35세,상해없음,이륜,남,17세,경상
2018122900100012,2018년 12월 29일 00시,토요일,충청북도 청주시 흥덕구 강내면,경상사고,0,0,2,0,차대차 - 측면충돌,안전운전불이행,건조,맑음,교차로 - 교차로안,승용,여,36세,경상,승용,남,52세,경상
2018122900100045,2018년 12월 29일 02시,토요일,충청북도 청주시 서원구 산남동,경상사고,0,0,1,0,차대사람 - 횡단중,신호위반,건조,맑음,교차로 - 교차로안,승용,남,65세,상해없음,보행자,여,19세,경상
2018122900100069,2018년 12월 29일 05시,토요일,충청북도 청주시 상당구 용정동,경상사고,0,0,2,0,차대차 - 측면충돌,안전운전불이행,건조,맑음,교차로 - 교차로부근,승합,남,55세,상해없음,승용,남,72세,경상
2018122900100106,2018년 12월 29일 09시,토요일,충청북도 청주시 상당구 대성동,경상사고,0,0,2,0,차대차 - 측면충돌,교차로운행방법위반,건조,맑음,교차로 - 교차로부근,승용,여,51세,상해없음,승용,여,45세,경상
2018122900100123,2018년 12월 29일 10시,토요일,충청북도 청주시 상당구 서운동,경상사고,0,0,1,0,차량단독 - 기타,안전거리미확보,건조,맑음,단일로 - 지하차도(도로)내,승합,남,49세,상해없음,,,,
2018122900100183,2018년 12월 29일 12시,토요일,충청북도 제천시 송학면,경상사고,0,0,2,0,차대차 - 측면충돌,안전운전불이행,건조,맑음,교차로 - 교차로부근,승용,남,50세,상해없음,승용,남,58세,경상
2018122900100184,2018년 12월 29일 12시,토요일,충청북도 진천군 덕산면,경상사고,0,0,1,0,차대차 - 기타,중앙선침범,건조,맑음,단일로 - 기타,승용,여,51세,상해없음,승용,남,43세,경상
2018122900100185,2018년 12월 29일 12시,토요일,충청북도 청주시 상당구 문화동,중상사고,0,1,0,0,차대사람 - 횡단중,신호위반,건조,맑음,교차로 - 교차로횡단보도내,승용,남,55세,상해없음,보행자,여,69세,중상
2018122900100213,2018년 12월 29일 13시,토요일,충청북도 청주시 서원구 남이면,경상사고,0,0,1,0,차대차 - 추돌,안전운전불이행,건조,맑음,교차로 - 교차로부근,승용,여,69세,상해없음,승용,여,58세,경상
2018122900100247,2018년 12월 29일 14시,토요일,충청북도 제천시 중앙로2가,경상사고,0,0,1,0,차대차 - 측면충돌,신호위반,건조,맑음,교차로 - 교차로안,이륜,남,39세,경상,승용,여,53세,상해없음
2018122900100269,2018년 12월 29일 15시,토요일,충청북도 청주시 흥덕구 옥산면,경상사고,0,0,1,1,차대차 - 측면충돌,안전거리미확보,건조,맑음,교차로 - 교차로부근,승용,남,63세,부상신고,승용,남,31세,경상
2018122900100300,2018년 12월 29일 16시,토요일,충청북도 음성군 원남면,경상사고,0,0,1,0,차대차 - 측면충돌,신호위반,건조,맑음,교차로 - 교차로안,승용,남,41세,기타불명,화물,남,65세,경상
2018122900100324,2018년 12월 29일 17시,토요일,충청북도 충주시 주덕읍,중상사고,0,2,0,0,차대차 - 추돌,안전운전불이행,건조,맑음,단일로 - 기타,화물,남,31세,상해없음,건설기계,남,54세,중상
2018122900100362,2018년 12월 29일 18시,토요일,충청북도 청주시 상당구 금천동,경상사고,0,0,1,0,차대차 - 측면충돌,안전운전불이행,건조,맑음,단일로 - 지하차도(도로)내,승용,남,67세,상해없음,이륜,남,39세,경상
2018122900100391,2018년 12월 29일 19시,토요일,충청북도 청주시 흥덕구 봉명동,경상사고,0,0,2,0,차대차 - 추돌,안전운전불이행,건조,맑음,교차로 - 교차로안,승용,여,33세,상해없음,승용,남,55세,경상
2018122900100392,2018년 12월 29일 19시,토요일,충청북도 청주시 흥덕구 복대동,경상사고,0,0,1,0,차대차 - 측면충돌,안전운전불이행,건조,맑음,교차로 - 교차로안,승용,남,32세,상해없음,이륜,남,44세,경상
2018122900100419,2018년 12월 29일 20시,토요일,충청북도 충주시 성서동,경상사고,0,0,2,0,차대차 - 기타,안전운전불이행,건조,맑음,기타 - 기타,승용,남,60세,상해없음,승용,여,33세,경상
2018122900100466,2018년 12월 29일 22시,토요일,충청북도 충주시 안림동,중상사고,0,1,0,0,차대사람 - 길가장자리구역통행중,안전운전불이행,건조,맑음,교차로 - 교차로부근,승용,여,55세,상해없음,보행자,남,32세,중상
2018122900100490,2018년 12월 29일 23시,토요일,충청북도 청주시 서원구 분평동,경상사고,0,0,1,0,차대차 - 측면충돌,안전운전불이행,건조,맑음,교차로 - 교차로횡단보도내,이륜,남,62세,경상,승용,남,55세,상해없음
2018123000100009,2018년 12월 30일 00시,일요일,충청북도 청주시 흥덕구 송정동,중상사고,0,1,1,0,차대차 - 기타,신호위반,건조,맑음,교차로 - 교차로안,이륜,남,28세,중상,승용,남,32세,경상
2018123000100025,2018년 12월 30일 01시,일요일,충청북도 청주시 서원구 분평동,중상사고,0,2,2,0,차대차 - 측면충돌,신호위반,건조,맑음,교차로 - 교차로안,승용,남,47세,상해없음,승용,남,47세,경상
2018123000100043,2018년 12월 30일 02시,일요일,충청북도 충주시 연수동,중상사고,0,2,0,0,차대차 - 측면충돌,신호위반,건조,맑음,교차로 - 교차로안,승용,남,20세,상해없음,승용,남,34세,중상
2018123000100044,2018년 12월 30일 02시,일요일,충청북도 청주시 상당구 용암동,경상사고,0,0,1,0,차대차 - 기타,신호위반,건조,맑음,교차로 - 교차로안,승용,남,44세,상해없음,이륜,남,47세,경상
2018123000100064,2018년 12월 30일 04시,일요일,충청북도 영동군 황간면,중상사고,0,1,0,0,차량단독 - 기타,안전운전불이행,건조,맑음,단일로 - 기타,승용,남,30세,중상,,,,
2018123000100076,2018년 12월 30일 06시,일요일,충청북도 청주시 상당구 영운동,중상사고,0,1,0,0,차대사람 - 기타,안전운전불이행,건조,맑음,교차로 - 교차로부근,승용,남,51세,상해없음,보행자,남,54세,중상
2018123000100133,2018년 12월 30일 11시,일요일,충청북도 청주시 흥덕구 가경동,경상사고,0,0,1,0,차대차 - 기타,교차로운행방법위반,건조,맑음,교차로 - 교차로안,승합,남,46세,상해없음,승용,여,45세,경상
2018123000100169,2018년 12월 30일 13시,일요일,충청북도 제천시 의림동,경상사고,0,0,1,0,차량단독 - 기타,안전운전불이행,서리/결빙,맑음,단일로 - 기타,이륜,남,39세,경상,,,,
2018123000100191,2018년 12월 30일 14시,일요일,충청북도 충주시 금가면,중상사고,0,1,0,0,차대차 - 측면충돌,안전운전불이행,건조,맑음,단일로 - 기타,화물,남,70세,상해없음,이륜,남,82세,중상
2018123000100192,2018년 12월 30일 14시,일요일,충청북도 제천시 고암동,경상사고,0,0,2,0,차대차 - 측면충돌,신호위반,건조,맑음,교차로 - 교차로안,화물,남,49세,상해없음,승용,여,64세,경상
2018123000100193,2018년 12월 30일 14시,일요일,충청북도 옥천군 옥천읍,중상사고,0,1,0,0,차대사람 - 기타,보행자보호의무위반,건조,맑음,교차로 - 교차로횡단보도내,승합,남,60세,상해없음,보행자,여,64세,중상
2018123000100194,2018년 12월 30일 14시,일요일,충청북도 청주시 흥덕구 비하동,경상사고,0,0,3,0,차대차 - 추돌,안전운전불이행,건조,맑음,교차로 - 교차로부근,화물,남,37세,상해없음,승용,여,24세,경상
2018123000100215,2018년 12월 30일 15시,일요일,충청북도 청주시 청원구 사천동,경상사고,0,0,1,0,차대차 - 측면충돌,안전운전불이행,건조,맑음,단일로 - 기타,승용,남,71세,상해없음,승용,남,69세,상해없음
2018123000100237,2018년 12월 30일 16시,일요일,충청북도 증평군 증평읍,경상사고,0,0,1,1,차대차 - 측면충돌,직진우회전진행방해,건조,맑음,교차로 - 교차로안,이륜,남,19세,부상신고,승용,남,76세,경상
2018123000100287,2018년 12월 30일 18시,일요일,충청북도 청주시 서원구 분평동,경상사고,0,0,1,0,차대사람 - 차도통행중,안전운전불이행,건조,맑음,단일로 - 지하차도(도로)내,승용,남,30세,상해없음,보행자,여,66세,경상
2018123000100317,2018년 12월 30일 19시,일요일,충청북도 진천군 진천읍,경상사고,0,0,1,0,차대차 - 기타,중앙선침범,건조,맑음,단일로 - 기타,승용,남,66세,상해없음,이륜,남,22세,경상
2018123000100340,2018년 12월 30일 20시,일요일,충청북도 청주시 서원구 산남동,경상사고,0,0,4,0,차대차 - 추돌,안전운전불이행,건조,맑음,단일로 - 기타,승용,남,40세,상해없음,승용,남,31세,경상
2018123000100362,2018년 12월 30일 21시,일요일,충청북도 충주시 연수동,경상사고,0,0,3,0,차대차 - 측면충돌,안전운전불이행,건조,맑음,교차로 - 교차로안,승용,여,54세,상해없음,승용,남,24세,경상
2018123000100386,2018년 12월 30일 22시,일요일,충청북도 청주시 서원구 현도면,경상사고,0,0,1,0,차대차 - 측면충돌,교차로운행방법위반,건조,맑음,교차로 - 교차로안,화물,남,50세,상해없음,승용,남,33세,경상
2018123100100056,2018년 12월 31일 06시,월요일,충청북도 제천시 금성면,경상사고,0,0,2,0,차대차 - 정면충돌,중앙선침범,건조,맑음,단일로 - 기타,승용,남,23세,상해없음,승용,남,78세,경상
2018123100100088,2018년 12월 31일 08시,월요일,충청북도 충주시 문화동,중상사고,0,1,3,0,차대차 - 기타,신호위반,건조,맑음,교차로 - 교차로안,승용,여,40세,경상,승용,남,51세,중상
2018123100100116,2018년 12월 31일 09시,월요일,충청북도 청주시 흥덕구 가경동,경상사고,0,0,1,0,차대차 - 기타,안전운전불이행,건조,맑음,교차로 - 교차로안,승용,여,48세,상해없음,승합,남,62세,상해없음
2018123100100137,2018년 12월 31일 10시,월요일,충청북도 음성군 금왕읍,경상사고,0,0,2,0,차대차 - 측면충돌,안전거리미확보,건조,맑음,단일로 - 기타,화물,남,69세,경상,승용,남,52세,경상
2018123100100164,2018년 12월 31일 11시,월요일,충청북도 청주시 상당구 북문로2가동,경상사고,0,0,1,0,차대차 - 기타,안전거리미확보,건조,맑음,단일로 - 기타,승용,남,58세,상해없음,승용,남,49세,경상
2018123100100165,2018년 12월 31일 11시,월요일,충청북도 충주시 대소원면,경상사고,0,0,1,0,차대차 - 측면충돌,안전운전불이행,건조,맑음,단일로 - 기타,화물,남,54세,상해없음,화물,남,68세,경상
2018123100100166,2018년 12월 31일 11시,월요일,충청북도 괴산군 괴산읍,중상사고,0,1,0,0,차대사람 - 횡단중,안전운전불이행,건조,맑음,단일로 - 기타,화물,남,77세,상해없음,보행자,여,65세,중상
2018123100100167,2018년 12월 31일 11시,월요일,충청북도 청주시 흥덕구 봉명동,경상사고,0,0,1,0,차대차 - 측면충돌,중앙선침범,건조,맑음,단일로 - 기타,승용,남,61세,상해없음,승용,남,71세,경상
2018123100100203,2018년 12월 31일 12시,월요일,충청북도 청주시 서원구 사창동,경상사고,0,0,2,0,차대차 - 기타,차로위반,건조,맑음,단일로 - 기타,승용,여,53세,경상,승용,남,53세,경상
2018123100100204,2018년 12월 31일 12시,월요일,충청북도 음성군 맹동면,경상사고,0,0,2,0,차대차 - 측면충돌,교차로운행방법위반,건조,맑음,교차로 - 교차로안,화물,남,57세,경상,화물,남,51세,경상
2018123100100265,2018년 12월 31일 14시,월요일,충청북도 청주시 서원구 사직동,중상사고,0,1,0,0,차대사람 - 횡단중,안전운전불이행,건조,맑음,교차로 - 교차로부근,승용,남,57세,상해없음,보행자,여,55세,중상
2018123100100266,2018년 12월 31일 14시,월요일,충청북도 충주시 봉방동,경상사고,0,0,1,0,차대차 - 기타,안전거리미확보,건조,맑음,단일로 - 기타,승합,남,55세,상해없음,이륜,남,32세,경상
2018123100100267,2018년 12월 31일 14시,월요일,충청북도 충주시 연수동,경상사고,0,0,3,0,차대차 - 기타,신호위반,건조,맑음,교차로 - 교차로안,승용,남,64세,상해없음,승용,여,34세,경상
2018123100100268,2018년 12월 31일 14시,월요일,충청북도 청주시 상당구 영운동,중상사고,0,1,0,0,차대차 - 추돌,안전운전불이행,건조,맑음,교차로 - 교차로안,승용,남,27세,상해없음,자전거,여,76세,중상
2018123100100313,2018년 12월 31일 15시,월요일,충청북도 청주시 청원구 율량동,중상사고,0,1,0,0,차대차 - 기타,기타,건조,맑음,교차로 - 교차로부근,승합,남,59세,상해없음,승용,남,24세,상해없음
2018123100100314,2018년 12월 31일 15시,월요일,충청북도 청주시 흥덕구 복대동,경상사고,0,0,2,0,차대차 - 측면충돌,신호위반,건조,맑음,교차로 - 교차로안,승용,남,38세,경상,승용,여,52세,경상
2018123100100355,2018년 12월 31일 16시,월요일,충청북도 청주시 청원구 율량동,경상사고,0,0,1,0,차대차 - 기타,안전거리미확보,건조,맑음,단일로 - 기타,승용,남,44세,상해없음,원동기,남,41세,경상
2018123100100356,2018년 12월 31일 16시,월요일,충청북도 제천시 강제동,경상사고,0,0,1,0,차대차 - 측면충돌,신호위반,건조,맑음,교차로 - 교차로안,승합,남,44세,상해없음,승용,여,32세,경상
2018123100100357,2018년 12월 31일 16시,월요일,충청북도 제천시 장락동,경상사고,0,0,1,0,차대차 - 추돌,안전운전불이행,건조,맑음,교차로 - 교차로안,승용,남,63세,상해없음,승용,남,35세,경상
2018123100100358,2018년 12월 31일 16시,월요일,충청북도 옥천군 옥천읍,중상사고,0,2,1,0,차대차 - 기타,안전운전불이행,건조,맑음,교차로 - 교차로부근,승용,여,64세,경상,승용,여,59세,중상
2018123100100392,2018년 12월 31일 17시,월요일,충청북도 청주시 흥덕구 복대동,경상사고,0,0,1,0,차대차 - 추돌,안전운전불이행,건조,맑음,교차로 - 교차로부근,승용,여,57세,상해없음,승용,여,30세,경상
2018123100100442,2018년 12월 31일 18시,월요일,충청북도 청주시 청원구 율량동,중상사고,0,1,3,0,차대차 - 기타,안전거리미확보,건조,맑음,단일로 - 기타,승용,남,49세,기타불명,승용,남,35세,중상
2018123100100443,2018년 12월 31일 18시,월요일,충청북도 음성군 감곡면,경상사고,0,0,1,0,차대차 - 측면충돌,안전운전불이행,건조,맑음,교차로 - 교차로부근,승합,남,40세,상해없음,승용,여,46세,경상
2018123100100444,2018년 12월 31일 18시,월요일,충청북도 청주시 서원구 산남동,경상사고,0,0,1,0,차대차 - 기타,안전거리미확보,건조,맑음,교차로 - 교차로부근,승용,남,51세,상해없음,화물,남,45세,경상
2018123100100445,2018년 12월 31일 18시,월요일,충청북도 청주시 상당구 금천동,경상사고,0,0,1,0,차대차 - 추돌,안전운전불이행,건조,맑음,교차로 - 교차로부근,승용,여,64세,상해없음,승용,여,38세,경상
2018123100100540,2018년 12월 31일 20시,월요일,충청북도 청주시 청원구 사천동,경상사고,0,0,1,0,차대차 - 기타,안전운전불이행,건조,흐림,단일로 - 기타,승용,여,50세,상해없음,승용,남,27세,경상
2018123100100541,2018년 12월 31일 20시,월요일,충청북도 청주시 흥덕구 봉명동,경상사고,0,0,1,0,차대차 - 기타,교차로운행방법위반,건조,맑음,교차로 - 교차로안,승용,남,50세,상해없음,이륜,여,56세,경상
2018123100100542,2018년 12월 31일 20시,월요일,충청북도 청주시 상당구 금천동,경상사고,0,0,1,0,차대차 - 기타,안전운전불이행,건조,맑음,교차로 - 교차로안,승합,남,48세,상해없음,승용,남,29세,경상
2018123100100570,2018년 12월 31일 21시,월요일,충청북도 증평군 증평읍,중상사고,0,1,0,0,차대사람 - 기타,안전운전불이행,건조,맑음,단일로 - 기타,승용,여,66세,상해없음,보행자,남,58세,중상
2018123100100571,2018년 12월 31일 21시,월요일,충청북도 증평군 증평읍,중상사고,0,1,0,0,차대차 - 기타,신호위반,건조,맑음,교차로 - 교차로안,승용,남,37세,상해없음,이륜,남,36세,중상
2018123100100627,2018년 12월 31일 23시,월요일,충청북도 충주시 연수동,경상사고,0,0,1,1,차대차 - 기타,기타,건조,맑음,교차로 - 교차로안,이륜,남,29세,부상신고,승용,남,33세,경상